sub_id,age,sex,height_cm,mass_kg,bmi,injury_status,injury_joint,specific_injury,speed,cadence,stride_length,stance_time,vertical_oscillation,peak_knee_flexion,peak_hip_extension,peak_ankle_dorsiflexion,peak_hip_adduction,peak_pelvic_drop,peak_eversion,sym_knee_flexion,sym_stance_time,stride_time_cv
100058,48.0,Male,177.0,75.9,24.2,healthy,No Injury,,2.681004342,80.0,2.01071872678418,0.3125,86.15382501797876,44.3221624022648,7.793077849340698,21.636952611825613,9.233121717721197,-0.8409442916977565,8.277476294843465,5.620327155788074,-1.6000000000000014,1.02
100084,42.0,Male,172.0,76.0,25.7,injured,Ankle,achilles tendonitis,2.697820698,81.63265306122449,1.9828982132087207,0.3,92.0176079697948,36.77685176050187,7.639762598869627,20.285069461780736,9.281085583610595,-0.1513590944978868,6.450913827974581,4.667107593555461,0.0,1.02
100085,38.0,Female,167.0,75.0,26.9,injured,Foot,plantar fasciitis,2.741228456,83.33333333333333,1.973684488672612,0.27,91.51688959266376,42.50071855922516,11.99146894135014,21.33440000826065,13.27745302438392,1.4492790787871437,7.860505697957737,-3.1475591731731245,0.0,0.66
100086,27.0,Male,185.0,79.8,23.3,injured,Knee,patellofemoral pain syndrome,2.982940633,79.47019867549669,2.2521201775882647,0.26625,111.138229683428,37.14810168648255,7.500109916594923,19.163151531599425,3.546864376093981,2.4345329798539908,9.45404397516835,5.963138004828873,-0.9389671361502356,1.15
100087,49.0,Male,174.0,81.4,26.9,injured,Knee,other,2.678543389,85.71428571428571,1.8749803721393687,0.305,67.83714113593749,35.91293432910629,11.462959063646348,17.46620274461021,13.930718220404865,-2.031626330384447,11.75132077555874,27.738571840568103,-3.278688524590167,1.08
100088,51.0,Male,170.5,64.8,22.3,injured,Thigh,ITB syndrome,2.743242872,82.75862068965517,1.988851081900992,0.28,93.49741953984748,44.76415843790578,7.77450003816919,23.929372008546046,7.90132075093271,-1.002140025845724,15.1046640354661,-0.0110358175510257,3.5714285714285543,0.89
100090,26.0,Female,177.5,68.8,21.8,injured,Hip/Pelvis,pain,2.7239,84.50704225352112,1.933930467032704,0.3125,87.30575900335833,40.348542660652086,16.450184704004123,22.73131357725358,12.232250414690334,0.503041595495832,6.164639150136649,-0.8664117945105948,4.800000000000004,0.69
100093,51.0,Female,181.0,87.8,26.8,injured,Thigh,ITB syndrome,2.554141195,86.33093525179856,1.77512813069313,0.3025,72.26660404440855,33.31843658035426,12.592044938534078,19.83677301345368,11.775836683066212,-1.1209551045135415,5.526438485492211,-0.6928871479132658,-1.652892561983473,0.77
100094,30.0,Female,173.0,70.2,23.5,injured,Ankle,achilles tendonitis,2.654482333,74.30411778237865,2.1434944838294645,0.35,115.67161128736284,46.34999509473107,18.973961811547028,23.461152108100173,14.48109269440615,-2.0658909372498924,6.416128260950092,6.025765812334697,-5.714285714285704,0.84
100095,40.0,Female,174.0,61.5,20.3,injured,Foot,metarsalgia,2.492124791,83.62470862470863,1.7880995378651865,0.3125,81.54704045622407,37.95245564425655,18.55097144970857,18.51151510476436,12.17402826895662,2.754714811723469,13.181517015161852,-5.701700009822334,-4.800000000000004,1.03
100096,36.0,Female,163.5,54.0,20.2,injured,Hip/Pelvis,pain,3.101232065,88.23529411764706,2.108837804435083,0.245,75.5092639722213,46.91236944733623,11.395514286456107,24.8079184029172,6.937378523969964,2.2100868651319496,7.133875718949114,-9.242862551791184,0.0,0.71
100097,32.0,Male,161.0,74.0,28.5,injured,Foot,pain,2.69642142,82.1917808219178,1.968387636805596,0.31,99.86382136182216,43.34336822373812,15.195895985314689,21.99584904921917,16.737463834287745,-1.002181325004134,8.390338076425007,16.405260801572226,0.0,0.99
100098,49.0,Male,172.5,81.8,27.5,injured,Knee,cyst,2.252712677,85.1063829787234,1.5881624373628085,0.29,78.16602002257991,33.27546107313464,7.880473024698663,18.055238821718063,8.345284779840227,0.3726056465363232,8.046755402086802,4.677707997003459,0.0,1.71
100099,31.0,Male,181.5,86.4,26.2,unclear,Knee,other,2.808229292,74.53416149068323,2.260624579909571,0.3175,121.29670031737707,45.72840899388218,15.39374245930632,25.655987013913386,10.511703693873896,0.6301094178788935,13.054821855066882,7.514052692427271,-1.5748031496063006,0.97
100100,59.0,Male,178.0,75.6,23.9,healthy,No Injury,,2.707526174,86.02261048304214,1.8884995063040584,0.315,70.58610911667105,39.28055940799641,11.826110311883197,19.53924282589368,12.232853574644349,-4.352824208984787,8.491578315765985,-8.685144721625305,3.174603174603177,0.96
100101,26.0,Female,177.0,67.0,21.4,injured,Foot,plantar fasciitis,2.719587048,79.20878354827465,2.0600871885952605,0.305,97.88690349401168,48.8700882740995,11.104596564005158,23.07622653046355,9.43581282702918,-1.3303526128431558,8.299545137671146,-6.426712956866781,4.9180327868852505,0.95
100105,55.0,Male,186.0,87.4,25.3,injured,Knee,meniscal tear-medial,2.668622811,81.08108108108108,1.9747808798834088,0.325,79.84508637696476,40.39897087238548,1.0733762628393957,22.12634952454499,5.687727772201709,0.5316559613490768,7.180441134695522,5.067157677352635,0.0,0.93
100107,27.0,Female,164.0,75.0,27.9,injured,Knee,osteoarthritis,2.733558133,83.33333333333333,1.9681618555469875,0.29,96.33831738343008,34.63086762843625,11.837886438942483,20.493557223387107,20.093054761725995,0.9955028062367924,8.254013141153203,33.96618474085927,3.448275862068969,1.0
100108,60.0,Male,185.5,85.0,24.7,injured,Ankle,pain,2.80748053,83.72093023255815,2.012027713493521,0.3083333333333333,,42.84704857790189,2.2632064456386667,20.914891919677007,10.869921118196912,1.334760383390451,4.391196680776551,17.146359683756664,0.0,1.34
100109,30.0,Male,157.0,59.6,24.2,injured,Knee,patellofemoral pain syndrome,2.734517021,83.91608391608392,1.955179669947264,0.27,98.94408868965456,45.33097130022978,10.043257698004211,23.644411883584954,11.550328427506424,-1.808519201443466,7.174297929651342,9.291027988125796,0.0,0.76
100110,44.0,Female,168.0,78.0,27.6,injured,Sacroiliac Joint,pain,2.158596033,82.1917808219178,1.5757751042207224,0.32,64.08280151135807,35.83967070868164,17.736897990137088,21.27588822664846,14.309361715887972,0.8977398229093105,5.056711947287239,-6.497818651056678,3.1250000000000027,0.86
100111,39.0,Female,163.0,56.4,21.2,injured,Knee,pain,2.488489504,83.33333333333333,1.7917124425662152,0.3025,83.17388429759379,37.8551231513855,18.605940796272712,21.47889161090007,11.708927763334666,2.3869949861014224,6.852317753733503,-2.924925369430459,-4.958677685950418,1.05
100113,37.0,Male,,79.0,,injured,Ankle,achilles tendonitis,2.695541741,78.94736842105263,2.0486117230966583,0.30625,102.3295052317784,48.25135021504066,2.2311503284582304,24.840051586720595,7.262587150515236,1.0985622782855864,8.926217697165281,9.169552843215278,-0.8163265306122456,0.98
100114,30.0,Female,173.2,71.0,23.7,injured,Foot,pain,2.70235591,80.0,2.026766932497489,0.3225,88.18243627661775,38.89671010863434,18.67055164431146,20.466814968851736,10.180200739663242,-0.5089631085261024,8.278380888151132,12.662035683318654,-1.5503875968992262,0.87
100115,55.0,Female,155.5,61.6,25.5,injured,Hip/Pelvis,pain,2.5021,87.5912408759124,1.7139036295360206,0.3025,62.11599688046829,39.803472693919225,7.1028341610916055,21.19342889086169,14.602628910217952,0.5832760793113447,2.2139080444821646,-0.4169641867857994,1.652892561983473,0.86
100117,59.0,Female,162.0,62.2,23.7,injured,Knee,pain,2.261658557,82.75862068965517,1.6397024538689302,0.3175,72.460446185698,41.16615879017372,19.290729025699875,21.88608102353096,13.08383256253505,-1.301366353136676,8.666266169730175,5.065480911093081,1.5748031496063006,1.05
100119,39.0,Female,160.0,57.0,22.3,injured,Thigh,ITB syndrome,2.691144036,88.23529411764706,1.829977944343957,0.29,71.83960469747683,40.06251991304804,13.974612025466254,22.5857354102133,12.856570661231585,0.4897763051694959,9.340380902872326,3.767246699450423,0.0,0.68
100120,54.0,Female,166.7,63.2,22.7,injured,Foot,pain,2.259815298,80.94503899873027,1.6750880896526217,0.345,74.48357009380751,40.00067106886165,11.42901561750027,22.62706680465997,9.946604974855,-0.8341128655249763,3.281598824085367,2.922951181718088,0.0,0.86
100121,39.0,Male,172.5,81.6,27.4,healthy,No Injury,,2.677964086,82.47520075578649,1.948218872206049,0.2975,99.52690068658094,38.0413305692515,9.604123916814585,19.95857821051003,6.903943739540301,0.5564475136249388,10.656502913380717,-0.9446790864502616,-1.6806722689075646,0.94
100122,18.0,Male,185.0,72.8,21.3,injured,Knee,patellofemoral pain syndrome,2.73775509,79.73509933774835,2.060160705099924,0.29,101.32131624090982,44.28251386564101,16.33051350151649,22.1675306072078,6.847071269440756,-1.9543728212891671,5.262908755333286,4.592523803048066,-3.448275862068969,1.44
100125,48.0,Female,165.5,63.6,23.2,injured,Lower Leg,calf muscle strain,2.693723892,77.92207792207792,2.0741673965243543,0.2937499999999999,105.99332232443834,48.59540705434247,5.544679355486666,22.77584597250061,11.890457221704274,0.6372883576153583,6.7821885771273305,1.302878050612922,2.553191489361705,0.64
100126,55.0,Female,162.0,55.4,21.1,injured,Sacroiliac Joint,pain,2.350951021,87.11520152332594,1.619217515836212,0.3125,56.88719804956173,45.192221904625285,-0.3630666195363814,24.400974416649014,8.610550747763977,2.5376805981012507,3.366397800961631,0.2485380987743301,1.6000000000000014,1.18
100128,44.0,Male,182.0,84.2,25.4,injured,Foot,pain,2.727777966,80.53691275167785,2.032194584310028,0.2875,97.93347761637295,36.94988455853144,12.25994836881997,20.14613513459189,10.195724788017142,0.5585827025887196,8.436572699860799,-4.832698771353721,1.7391304347826104,0.65
100130,42.0,Female,158.1,66.8,26.7,injured,Foot,pain,2.506460617,87.5912408759124,1.716925522685483,0.3075,80.67973340390711,39.55325953806732,8.00074524496553,23.341061207643605,17.06073391077713,0.4894651869541531,5.366498247415916,12.182478340352256,-1.6260162601626031,0.8
100132,40.0,Female,164.5,64.6,23.9,injured,Knee,pain,2.494388013,80.53691275167785,1.8583190697337872,0.335,80.8432655284584,43.46986950055327,1.2268569383809558,22.16513991291465,8.019191902335239,0.5072403172058353,10.189163053171196,0.7648493854971883,0.0,0.92
100133,26.0,Male,188.4,81.4,22.9,injured,Knee,pain,2.689914772,85.1063829787234,1.8963899140800151,0.305,84.66220668778396,36.73255470392405,13.718232679488528,21.09543191871248,4.521594609131286,2.0803335043296887,2.5895349019460885,6.0955578430912745,0.0,0.96
100134,60.0,Male,175.5,82.2,26.7,injured,Knee,pain,2.829840655,94.48818897637796,1.796948816048879,0.2925,47.699649384321845,39.55332185454604,3.509150036422656,25.1209174906951,10.3295382756612,0.2264560456479074,8.894256046353458,-9.50226912640618,-5.128205128205133,0.7
100136,28.0,Female,165.5,58.8,21.5,injured,Thigh,ITB syndrome,2.716940618,81.08108108108108,2.010536057230564,0.295,94.35770419527172,42.37741640268288,21.28091987941785,25.57138849215088,12.058677946286789,0.1308667213250762,6.783663325614164,13.436245279246242,0.0,0.86
100140,50.0,Female,170.5,67.0,23.0,injured,Knee,osteoarthritis,2.303773683,83.33333333333333,1.658717051853304,0.26,94.5772201568297,40.88627020790884,6.935296708835032,20.76025683364336,11.054943493179412,0.1515934958580644,0.5313805571869499,-6.095680833106203,0.0,0.89
100141,56.0,Male,174.8,71.0,23.2,injured,Lower Leg,calf muscle strain,2.480259333,73.61963190184049,2.0214113564163414,0.3612499999999999,105.6838605281498,46.66677491086553,6.760899355059706,25.428356061780264,4.113378420934942,0.3592288063365791,9.897291435425547,-15.858742703950902,-0.6920415224913502,0.61
100142,28.0,Female,160.0,66.6,26.0,injured,Knee,pain,2.48810923,81.81818181818181,1.8246134356108683,0.3291666666666666,,43.67864500764405,15.086966009691409,24.717480474267745,12.42534236683746,0.5293234570647871,6.8033726972658055,-8.044275723372131,2.531645569620244,1.08
100143,51.0,Female,159.5,52.0,20.4,injured,Hip/Pelvis,pain,2.502550286,80.0,1.8769127148289413,0.29,105.90510468786135,50.41987421593264,11.44395710360027,23.90677763981178,8.309672655586207,-1.1503491136582098,4.301874850234146,15.403394143649493,-3.448275862068969,1.04
100149,32.0,Female,181.5,68.4,20.8,injured,Hip/Pelvis,pain,2.718111681,81.08108108108108,2.011402643916128,0.31,76.80715650068097,44.28973338553543,19.560222737654687,24.57741465873267,10.516418302505372,0.7197550375999844,3.4806492819087023,-1.689897869455343,6.451612903225812,0.71
100151,36.0,Female,161.2,59.0,22.7,injured,Knee,patellofemoral pain syndrome,2.728036777,83.91608391608392,1.9505462953272448,0.2675,85.89862798001246,38.428803965218734,5.915219951319866,18.9817700730222,3.532554468298266,1.1722732471525694,4.601887895218108,-9.07693052187431,5.607476635514024,1.02
100153,39.0,Male,173.7,71.0,23.5,injured,Hip/Pelvis,pain,2.682489323,81.08108108108108,1.9850420993451248,0.28,96.8732737934443,41.63283778190444,10.88507922303349,20.91190100828856,5.865550222580975,1.365442142831943,8.563364747567022,-3.572681462191012,3.5714285714285543,0.71
100154,48.0,Male,183.7,80.0,23.7,injured,Knee,patellar tedonitis,2.70361527,78.94736842105263,2.0547476049614786,0.335,89.61111872739266,45.62012383200475,14.742218582779788,22.59170913236033,12.624703348489977,-2.098179461930793,10.03100952408619,-1.518355221112998,-2.985074626865674,0.9
100156,39.0,Male,180.2,83.6,25.7,injured,Knee,patellofemoral pain syndrome,2.681915109,77.41935483870968,2.078484209176342,0.3,92.79850177885665,46.19954530110465,12.93263538340216,23.52850906819664,6.629518698909703,1.1077496711822772,9.887852884092474,2.034789076172861,0.0,1.34
100158,53.0,Male,186.7,96.8,27.8,injured,Knee,pain,2.4856,76.43312101910828,1.9511543677038343,0.3025,110.03051928323288,42.93932977149224,7.671453602273158,22.78941748205004,10.30868384212187,4.108831466329257,9.14355164907144,6.058160629016796,1.652892561983473,0.8
100159,31.0,Male,189.8,91.2,25.3,injured,Knee,other,2.700153934,77.92207792207792,2.079118528888384,0.32625,99.9543039347276,46.65043688737819,9.226553048643286,24.273875466260137,8.908101602350689,-1.2468252266018398,2.996713308516652,0.3548139466099261,-2.2988505747126453,0.73
100162,21.0,Male,171.2,65.2,22.2,injured,Knee,pain,2.684824128,88.23529411764706,1.825680407073445,0.2825,69.40514784083922,47.11324124353905,13.854671527237596,24.44309270170764,5.0466848823177255,-1.9802543645179995,8.371242592949415,10.10300036180296,-1.7699115044247609,1.42
100164,44.0,Female,170.0,51.0,17.6,healthy,No Injury,,2.691528142,80.53691275167785,2.005387633345108,0.31,82.88334231404033,50.721425807434926,13.452081282205867,26.86963718666908,6.188609495715339,-1.8939297399975288,5.154409594799465,5.029224493626858,3.225806451612906,0.8
100165,56.0,Male,180.6,75.2,23.1,injured,Knee,cyst,2.480671784,74.18909592822637,2.0092433214433294,0.32,132.60859223181671,45.80705857346824,8.534030200897814,24.00159168597928,3.432299940480217,0.8384652641016817,7.789977580109764,15.850321760668086,3.1250000000000027,1.25
100166,46.0,Male,183.6,94.2,27.9,injured,Lumbar Spine,low back pain,2.250835574,75.59111535705756,1.78660073682863,0.3225,111.91004152041748,40.71454863096932,14.015284892050143,20.77818359314554,10.687510115619736,2.2702504656485427,11.388904845034824,0.051625498899257,1.5503875968992262,0.98
100168,50.0,Male,188.5,104.0,29.3,injured,Lower Leg,pain,2.252464781,75.47169811320755,1.7907095006589726,0.34,92.95256628202446,37.12648496228845,6.770927892738049,19.59363034269319,8.432927518060048,0.4193319673280929,11.46677054960758,3.3918706781019963,0.0,0.57
100169,30.0,Male,176.0,73.8,23.8,injured,Hip/Pelvis,pain,2.703624549,86.33093525179856,1.879019061351516,0.28,88.00896669850317,42.65494413418457,7.303783749640871,23.23619182333843,6.774350577763965,2.328886477777683,9.123097757379798,-1.603051265199256,-7.142857142857129,0.69
100171,36.0,Male,180.0,67.6,20.9,injured,Knee,pain,2.461599718,78.68937048503612,1.8769697846078683,0.2975,93.65635305560504,44.25263128911448,13.368681835798906,23.61077765401975,4.3233513126940455,0.0244937337703169,5.577087376253316,2.826965675120578,1.6806722689075646,1.5
100172,45.0,Female,166.0,77.2,28.0,injured,Lower Leg,pain,2.157478881,81.63265306122449,1.5857469776707245,0.3225,63.97144562462026,41.53117300119426,13.354014885358424,21.57378147624245,8.99696048450591,1.7606051653093744,4.536007518355069,-1.4316996516084417,4.651162790697678,1.02
100173,38.0,Female,155.0,58.2,24.2,healthy,No Injury,,2.208131506,88.23529411764706,1.5015294243575368,0.2925,68.28539038115252,33.26720493909615,15.749932169628996,18.785437889138592,10.107214053332047,2.5189906293998057,2.0448262839722484,8.608833966130346,1.709401709401711,1.03
100174,46.0,Female,171.2,63.8,21.8,injured,Ankle,achilles tendonitis,2.252613988,81.08108108108108,1.66693435125525,0.3025,78.94369222200783,39.51880885379519,12.62680777066847,21.0178341592191,7.659072855187059,-0.1032066854324595,8.834196453862134,18.58817344849567,1.652892561983473,0.81
100175,38.0,Female,175.6,104.8,34.0,injured,Foot,plantar fasciitis,1.72977913,80.94503899873027,1.2821987799912329,0.315,89.36837303576544,34.644423841505,4.551142422702477,18.952120300072977,14.091629303573264,-0.6170824960553365,4.061259237013712,-7.709730738781558,3.174603174603177,1.32
100176,38.0,Male,174.3,78.8,25.9,injured,Knee,pain,2.700308021,90.22556390977444,1.7957048338063428,0.3,66.90546847742746,40.07977301316223,9.665972967409196,19.74100801357872,4.129904123075021,0.7351031751826116,9.487098337066527,9.062263610617908,0.0,0.83
100177,62.0,Female,162.8,71.0,26.8,injured,Foot,pain,2.275351069,94.48818897637796,1.4449362227871316,0.2675,59.383142786571256,36.83234072080664,14.333230088494387,19.552272086083327,12.432414676496522,3.569961286085652,5.599103392720079,-15.708004392982824,5.607476635514024,0.79
100178,62.0,Female,170.7,79.0,27.1,injured,Knee,patellofemoral pain syndrome,2.245337243,76.43312101910828,1.7625897356881786,0.3675,86.0786002612443,51.070597517007016,2.086231656847332,25.17553748640624,12.927939423733925,-0.5806744311243266,8.24822826328949,5.096884009684419,-1.360544217687076,0.89
100179,48.0,Male,165.0,68.0,25.0,injured,Lower Leg,pain,2.257494458,83.91608391608392,1.6141085374106832,0.3025,68.5804847685456,42.43034673756215,11.659863460335202,23.73623548921641,7.9698475701740925,-1.986637827908749,6.434066496285194,13.869340092118744,1.652892561983473,0.77
100182,51.0,Female,163.5,61.6,23.0,healthy,No Injury,,2.492703459,83.62470862470863,1.7885147318563477,0.2837499999999999,88.90532003927922,44.10252481395954,7.207793436998966,23.516016343125443,9.452617248212032,0.7428737275082704,8.506238970290683,-5.008205135114889,0.8810572687224679,0.83
100186,39.0,Male,178.3,82.4,25.9,injured,Knee,patellofemoral pain syndrome,2.740159594,81.77243500139781,2.010592102437869,0.2324999999999999,118.64478217778384,39.30104787819438,14.280182686533816,18.96542515168069,9.862186433142272,2.6152584641136354,9.895065809837291,-5.091387428176646,2.150537634408592,0.93
100188,24.0,Male,183.0,84.7,25.3,injured,Hip/Pelvis,groin muscle strain,2.637150791,78.43137254901961,2.01742035474434,0.3275,100.08159058854524,55.133971047607176,13.92050482422437,25.26368620482852,8.713845595965605,-1.9225910719295185,4.94305341919001,6.474959831326209,-4.580152671755729,1.31
100191,53.0,Male,184.5,84.1,24.7,injured,Knee,pain,2.916,79.47019867549669,2.201540282244258,0.325,88.49625317646041,53.06552223650687,10.98553242411447,23.92028396885064,9.103839165393758,-2.197295941798328,9.361207431433952,12.573181252908892,-3.07692307692308,1.0
100192,41.0,Male,174.0,74.8,24.7,injured,Knee,pain,2.481024638,84.50704225352112,1.7615274931409246,0.315,57.942173015056085,47.67281765975453,0.8303485252634745,19.9689713475517,4.898627086389599,-1.03251057963702,8.317726259576158,4.800777920100597,0.0,1.52
100193,40.0,Female,164.2,60.0,22.3,injured,Hip/Pelvis,hip flexor strain,2.276532215,82.47520075578649,1.656177186599168,0.3175,79.76167638193272,50.00720619885182,1.549406610328492,23.91294382934916,6.511807349210901,0.7229779197058097,7.8447079094646845,0.4372524260243993,1.5748031496063006,1.09
100194,25.0,Female,166.7,75.2,27.1,injured,Thigh,ITB syndrome,2.475780592,85.71428571428571,1.733046414204805,0.305,83.7116893360265,42.52058133399684,5.070256067320633,18.87649636095216,13.001291216732303,-1.0369451605393,4.470571632546597,3.518410446578361,0.0,1.24
100195,29.0,Female,164.0,50.6,18.8,injured,Thigh,ITB syndrome,2.71361395,90.56732740943266,1.797769241821774,0.305,71.59264217522446,40.24905252995282,15.024692068627315,19.994549530598903,8.336258834539754,-1.5936461206281711,7.278720068046651,1.348083336946842,0.0,0.76
100197,25.0,Female,166.2,58.2,21.1,injured,Thigh,ITB syndrome,2.687199098,84.80671261612227,1.901193361787188,0.325,77.9420960056591,46.28775562728873,18.15850229460884,26.9386293859136,8.4075015971024,-0.7106364911584007,5.158749609270419,-17.76585553988942,3.07692307692308,0.8
100198,33.0,Male,174.6,75.0,24.6,injured,Thigh,ITB syndrome,2.688284543,82.1917808219178,1.962431921564195,0.26375,94.38743434832168,37.110822111335736,16.590657132817185,21.789654347490703,2.1432741703855265,-1.8392523486253376,7.7557177765011955,-2.314610701741014,0.9478672985781996,0.87
100199,25.0,Male,183.6,73.7,21.9,injured,Thigh,ITB syndrome,2.697530035,80.67295483402866,2.006287963470819,0.315,85.57271212721892,47.56576019105993,6.986217217281487,21.61867671985273,9.328105993182922,4.078919211840707,6.96565805187818,-3.46359232803634,0.0,1.41
100200,30.0,Female,165.4,51.7,18.9,injured,Thigh,ITB syndrome,2.699664997,81.35686707115278,1.991002935639888,0.34,85.12696668783119,44.34352199851648,18.55091978860912,24.873801069886444,8.562950347254215,0.0961922388267964,10.900036751048356,0.309236043662362,0.0,0.95
100201,37.0,Female,176.1,65.9,21.3,unclear,Thigh,ITB syndrome,2.72454353,83.33333333333333,1.96167134124132,0.3225,78.02301091522719,43.39040185060468,17.960803291132226,24.421321790667875,11.983365701801477,-1.346523740603713,4.151056076751926,4.346888376877905,1.5503875968992262,0.74
100202,40.0,Female,167.0,45.0,16.1,injured,Thigh,ITB syndrome,2.675185593,86.02261048304214,1.8659419509485136,0.2825,90.88660354376007,43.3208356419849,15.648725150782326,21.33942742051092,7.705652682215857,0.9144205886403932,-3.981587976448336,6.745843030194406,-1.7699115044247609,0.92
100203,35.0,Female,163.0,63.2,23.8,unclear,Thigh,ITB syndrome,2.703930416,88.23529411764706,1.8386726829034723,0.3025,56.94421499937556,39.788677708335385,20.741008713903344,23.12640090188456,9.01889233473308,1.43345325919103,5.042193792874469,1.1873388938824256,1.652892561983473,1.04
100204,36.0,Female,165.4,59.0,21.6,unclear,Thigh,ITB syndrome,2.698435501,80.80899691637947,2.003588359452248,0.2925,98.90413555677549,39.70996410272252,30.484915286794035,23.56265949100156,9.81312872556359,-4.074541421075336,7.980934818109706,-11.9557450764233,-5.128205128205133,0.79
100205,27.0,Male,173.1,75.7,25.3,injured,Thigh,ITB syndrome,2.692966744,91.6030534351145,1.7638932173849842,0.28125,69.23178421018656,38.38730779309327,9.924606400067198,22.60338885902989,7.242033088232906,1.848993903817228,6.118007130806684,1.618163496502856,2.666666666666649,1.06
100206,46.0,Male,180.4,90.5,27.8,injured,Thigh,ITB syndrome,2.726520431,77.41935483870968,2.113053334158056,0.33,93.71005549973351,42.875675534183046,8.44990301921492,25.810448441727164,11.47025923173421,-1.2056776764828103,10.195463755174424,0.1289993164178576,0.0,0.93
100207,30.0,Female,173.8,67.9,22.5,unclear,Thigh,ITB syndrome,2.697827046,81.08108108108108,1.9963920136784443,0.3025,103.91310968625665,37.344433948295006,8.994950822508962,21.31393624882403,6.853987087775728,-0.2729036032170535,7.095590064818095,5.484935466402017,1.652892561983473,0.91
100209,43.0,Male,171.1,61.8,21.1,unclear,Thigh,ITB syndrome,2.709896541,78.94736842105263,2.059521371449724,0.275,99.31218447591708,36.621770224504,14.996410364628623,21.37870238495317,8.186079442463738,-1.533065719308576,6.617111029869724,7.862034159793342,0.0,1.24
100210,26.0,Male,184.6,83.2,24.4,injured,Lower Leg,compartment syndrome,2.484842114,82.1917808219178,1.813934743509443,0.31,85.75906352595504,50.0184965810268,22.22059073633096,23.61646533037509,6.712287814781236,-1.4918107679547743,4.110485296244917,-10.833966572685563,0.0,1.51
100211,25.0,Male,189.0,76.1,21.3,injured,Knee,patellofemoral pain syndrome,2.531581121,82.75862068965517,1.8353963127139088,0.3,90.21511278436265,39.04690476848184,7.192014112536301,23.13444099172392,8.659548662287044,2.546479561755108,7.505946456936448,-3.0177045691162765,6.666666666666673,1.05
100212,49.0,Male,177.6,83.7,26.5,unclear,Hip/Pelvis,pain,2.414868561,75.35377358490567,1.9228390914964493,0.3175,103.37401123523556,46.181094035293725,-0.7975993842050348,20.52456414626928,7.534664932056813,-0.000382127312131,10.801800935328435,5.787958848391901,1.5748031496063006,1.36
100213,36.0,Female,170.5,65.4,22.5,injured,Thigh,ITB syndrome,2.707518898,82.05199888174448,1.9798731942260064,0.33,86.71345887462218,42.98146280405164,14.4133280342323,21.020844719571024,13.3784398852624,1.772083969267806,1.768078267526209,13.931337667964982,0.0,0.97
100214,53.0,Female,168.0,55.7,19.7,injured,Thigh,hamstring muscle strain,2.349493628,82.75862068965517,1.705161836942694,0.23,99.3575040162484,40.29416875021434,12.682950616808448,21.92731357847532,6.4344937717977615,0.6037717483897542,2.073454583453407,-2.245265359087053,0.0,0.76
100216,48.0,Female,160.0,74.2,29.0,injured,Hip/Pelvis,pain,2.223872447,86.95652173913044,1.534471988608983,0.31,73.23180964349982,37.40575887434174,12.141894746684535,18.42407834357977,11.378256440481604,1.4505790690576048,2.6317358461636555,21.30864413968537,-6.451612903225812,0.9
100217,61.0,Male,175.7,94.5,30.6,injured,Thigh,ITB syndrome,2.256839306,82.47520075578649,1.641850595074387,0.3225,72.67267256617015,43.67275633151265,10.98666468551538,24.23610906711219,8.232007983888083,0.1710652987516442,12.167608633042413,6.25737725604794,-1.5503875968992262,0.8
100218,52.0,Male,170.7,72.0,24.7,unclear,Ankle,achilles tendonitis,2.526875796,87.4325610917169,1.7340866789237444,0.2375,86.35818730410958,42.16771780693526,3.709795338897913,20.01882017859976,14.700167265850515,0.0198119633003348,7.567618510529165,9.252118585201227,6.315789473684205,1.58
100219,30.0,Male,174.4,71.2,23.4,injured,Thigh,ITB syndrome,2.699206917,81.49476006618863,1.9872910923608464,0.29,92.1685681874782,40.94847111439319,11.326049650887166,22.414074752122296,8.234276030685729,1.392918580793602,1.4454776152721305,4.8731038024659625,-3.448275862068969,2.39
100220,45.0,Male,176.2,63.7,20.5,unclear,Thigh,ITB syndrome,2.725629415,76.43312101910828,2.139619090874492,0.2975,100.8009082780214,52.85973214097359,1.7933041775468912,27.15321831803866,4.089240013436077,0.5115136520244001,2.350673418831401,7.00274398243022,1.6806722689075646,0.88
100221,27.0,Female,177.0,59.3,18.9,injured,Thigh,ITB syndrome,2.696977145,87.5912408759124,1.847429344556541,0.3,65.60500058371736,40.24731673205003,19.21683528128957,24.18589986658462,7.286502427686852,1.83286957368316,6.253469873398814,3.5409503007545124,0.0,0.98
100223,32.0,Female,168.2,59.5,21.0,unclear,Thigh,ITB syndrome,2.69126342,89.55223880597015,1.8031464912104496,0.2625,73.97433181859097,37.787604964152095,7.860131881934846,20.42877494451325,9.663200244414822,-2.068419227173618,5.101298107237387,-2.951128974231473,-1.9047619047619064,1.11
100224,23.0,Female,160.4,53.5,20.8,unclear,Thigh,ITB syndrome,2.720963663,86.02261048304214,1.8978721549159967,0.3075,85.20262664744749,49.83566488629249,19.39128980370127,27.73492641010241,12.60712008231744,1.3116682001978432,7.975965572221133,-5.563882420929161,1.6260162601626031,1.1
100225,22.0,Male,191.0,88.5,24.3,unclear,Thigh,ITB syndrome,2.711194291,81.63454200636195,1.9927278040379195,0.3125,90.6152590178072,39.08575699868467,7.033016865891652,21.2399492519482,7.682899522914282,1.323694427843107,8.897539657781284,9.781762771624347,-1.6000000000000014,1.27
100226,24.0,Female,160.0,48.1,18.8,injured,Thigh,ITB syndrome,2.702604983,82.1917808219178,1.972901637686152,0.2775,104.94897745774364,41.23955738758444,28.5675365046919,21.58787657621895,10.39096421318158,2.0697874035163712,4.046912891161079,-5.983199284380168,-1.8018018018018032,0.91
100227,58.0,Female,158.2,60.9,24.3,injured,Hip/Pelvis,hip joint irritation,2.016002294,84.50704225352112,1.4313616286999866,0.31,63.09794781975293,50.85737896699832,-4.2612416708053855,25.914619842040672,6.7236113728509,2.1520201961509424,0.5685845034476987,-3.1726190890164423,0.0,1.16
100228,39.0,Female,168.3,56.5,19.9,healthy,No Injury,,2.708501053,81.63265306122449,1.990748273854417,0.2625,91.2160683207044,49.71779489073543,12.513514664482493,26.01257551227577,12.949141697670695,0.8139312385515569,8.34948388335513,-3.0450422405110382,1.9047619047619064,0.63
100229,40.0,Female,176.0,66.6,21.5,unclear,Knee,pain,2.527804883,83.91608391608392,1.8073804913982416,0.3075,83.7494754083292,39.17112292310857,9.346299606850692,23.96568340770032,7.643514929124922,2.1438730784027697,5.982695141222607,-0.4170668517962865,1.6260162601626031,0.97
100230,46.0,Male,161.0,66.0,25.5,injured,Knee,patellar fracture,2.487417766,82.75862068965517,1.803377880501814,0.26,87.95397164846779,44.28414412953916,10.52210581001375,23.48382056141144,6.862384592121176,-0.728754219420289,3.764290902113084,-3.085401199594439,-3.84615384615385,0.83
100232,22.0,Female,169.5,61.6,21.4,healthy,No Injury,,2.711424104,80.0,2.0335680780269456,0.305,86.9865337248209,41.24264902889226,19.6237071702466,23.94078279888145,11.523126912626363,-1.5089897066270217,4.801165489110554,0.2261747254520192,0.0,0.61
100234,40.0,Female,165.3,56.4,20.6,healthy,No Injury,,2.504258755,88.23529411764706,1.702895953276827,0.315,68.07366149809764,33.92228463771377,11.050815755718032,19.85827876583957,10.042741362987236,2.246018816209963,7.694533462676932,-7.435070611188149,3.174603174603177,1.17
100235,25.0,Male,186.2,77.2,22.3,healthy,No Injury,,2.755101124,83.62470862470863,1.97678505648681,0.29,87.98186533905903,37.81174704209732,23.34265743753918,21.61659568872444,9.331059109575795,-0.7292465085607771,4.8210711139203655,2.6554359056090475,3.448275862068969,0.78
100236,41.0,Male,180.9,83.0,25.4,unclear,Knee,patellofemoral pain syndrome,2.721412364,85.41033434650456,1.9117921854742403,0.2825,78.56075696016802,33.89929255412855,12.090664918615694,18.96158301177269,6.525054347637073,1.539747944653408,9.884550990285604,-1.736876534486798,8.849557522123883,1.36
100237,21.0,Male,182.7,65.6,19.7,healthy,No Injury,,2.709491682,80.53691275167785,2.0185713030588808,0.27,99.54175304551654,38.09134208424697,23.26440206597338,20.52337183435904,10.507060798732676,0.348507524092852,10.47432458867165,10.261546691350569,0.0,0.77
100238,35.0,Female,165.2,54.4,19.9,unclear,Knee,patellofemoral pain syndrome,2.706241875,82.1917808219178,1.9755565686798144,0.28,93.1142702530588,37.45825544165197,28.25867158702556,21.956081218043902,15.517196607285143,0.384212548275944,6.386913700173033,3.5980445589128487,3.5714285714285543,0.72
100239,19.0,Male,187.2,73.4,20.9,healthy,No Injury,,2.696653514,80.0,2.0224901351595124,0.275,104.58755267163042,35.25105575201997,11.518569524383416,18.421091973154027,12.721110746646843,0.9708906879387822,8.955484651998793,-16.15273433189762,0.0,0.72
100240,32.0,Female,170.0,57.6,19.9,healthy,No Injury,,2.733144502,83.91608391608392,1.9541983187526453,0.275,87.80558082021832,41.6841911482101,18.460719273756027,22.234404581749832,11.802096377529695,0.5829051452721417,8.290301508037095,-14.248926933279131,3.63636363636364,0.95
100241,38.0,Female,171.0,61.4,21.0,unclear,Knee,patellofemoral pain syndrome,2.730202711,78.94736842105263,2.074954059988267,0.3075,93.26404241283323,40.22168075691546,18.12602922862917,22.497163371324326,10.763801642920235,1.8956066185538536,5.439863866049748,-3.747203865760047,8.130081300813016,0.75
100242,54.0,Male,175.4,94.6,30.7,healthy,No Injury,,2.70712763,77.92207792207792,2.0844882747152247,0.3075,89.04005480675085,38.59224283630717,14.013712256345112,22.21281341678565,8.586689867548252,0.0317349462732841,7.729929244898883,-3.2780843828639816,1.6260162601626031,1.06
100243,30.0,Female,163.3,69.8,26.2,unclear,Knee,patellofemoral pain syndrome,2.67293165,77.54503560955175,2.06818086447167,0.325,82.96513511108586,40.36739065698142,26.09058526763356,24.693717146204385,16.68916215502201,-1.2338927805767548,2.1553272676296946,-9.754428881415686,-3.07692307692308,1.19
100244,23.0,Female,166.0,57.6,20.9,healthy,No Injury,,2.713539833,83.33333333333333,1.9537486795984715,0.3075,81.20391245671732,43.38258906941124,14.994700448976818,23.732904343630864,9.645749210811603,1.5649304256750058,3.81202552177083,5.2906241487145405,-1.6260162601626031,1.24
100245,46.0,Female,167.5,66.0,23.5,unclear,Knee,patellofemoral pain syndrome,2.776234497,90.7510216670522,1.8357850609993085,0.28,53.91284058709925,39.44829022765592,11.617814281962652,22.098057799634034,8.032969154121114,0.0407383922678451,10.692278173733069,13.394944465857671,3.5714285714285543,0.97
100246,51.0,Female,158.0,55.0,22.0,healthy,No Injury,,2.748238787,85.1063829787234,1.9375083451849893,0.28625,84.64188859082856,38.64729152481455,25.69744650239931,22.02754536159193,14.484124306970909,1.4349693935599803,4.248074889583057,23.30500280624724,9.606986899563308,0.71
100247,20.0,Male,180.7,66.6,20.4,healthy,No Injury,,3.1331,82.1917808219178,2.287123099563384,0.27,90.67948519740764,43.8879752514953,14.793384657592476,24.3070021282028,13.117185409331066,-4.090803281371694,11.696347985654,-1.8729687099219496,0.0,0.73
100248,20.0,Male,168.1,68.4,24.2,healthy,No Injury,,2.716180119,88.72549019607843,1.8370206138259548,0.28,70.98356569015465,36.17940961972356,14.785592586146066,19.27274867366725,8.211494972997993,0.2693694953412153,7.51044639424204,16.50591732272876,0.0,0.95
100249,19.0,Male,180.5,62.0,19.0,healthy,No Injury,,2.756004824,80.53691275167785,2.053223593880729,0.2775,96.6093921220805,44.9385888514416,15.622491160543712,23.252859209500507,11.48417732535409,1.6031665207776904,4.494126880815384,6.908659400336657,1.8018018018018032,0.77
100250,21.0,Male,170.0,59.8,20.7,healthy,No Injury,,2.735469269,86.95652173913044,1.8874737958919336,0.295,63.829246377526175,40.53607799811455,9.64984399681915,21.704152287270915,8.371642163434815,-1.9710539241546168,5.657776288326298,1.680494417845843,3.38983050847458,0.77
100252,25.0,Male,187.1,89.0,25.4,healthy,No Injury,,2.6867976,79.73509933774835,2.0218151937839366,0.3175,92.1853233171617,37.41498211568495,19.898163200840017,20.8697700892526,8.03528624289263,-3.0947179694148343,6.835766524488596,10.371589676841468,-1.5748031496063006,2.2
100253,20.0,Male,186.0,78.4,22.7,healthy,No Injury,,2.724256407,78.43137254901961,2.0840561515095346,0.305,104.65897798942252,44.20682871154044,12.53472900754366,22.7381088259745,10.267543006663262,0.014471058158791,7.842123838650629,-0.2693898756853824,0.0,0.73
100254,37.0,Female,165.0,52.6,19.3,unclear,Knee,patellofemoral pain syndrome,2.715085018,83.33333333333333,1.954861212628982,0.305,74.40022242210694,44.42980186761286,13.626746538809218,25.369978420409765,7.715715444701784,-0.5065131210663396,6.511321222180406,-4.643559847203094,3.278688524590167,0.9
100255,51.0,Female,158.5,52.0,20.7,unclear,Knee,patellofemoral pain syndrome,2.70242742,80.0,2.026820565306445,0.2725,103.60063217637548,43.10227460993743,18.678314074058434,26.07047453736886,10.014483921107551,4.314115163596797,3.136131416327412,-1.833767122670742,1.8348623853211024,0.83
100256,38.0,Female,170.0,71.2,24.6,healthy,No Injury,,2.521955289,82.75862068965517,1.8284175841781265,0.3275,65.90656460798482,39.77687294866928,23.60962495659441,22.18019103537292,12.264690607811351,0.9948342535201464,7.948858273952189,-6.450733395412389,-1.5267175572519096,1.43
100257,19.0,Female,176.2,62.6,20.2,healthy,No Injury,,2.702573239,83.91608391608392,1.932339865993528,0.3075,69.99811829649332,32.75485805113313,12.295763374321533,20.99544845601678,11.703903937716152,-0.8458731699937778,7.763873524644779,-1.335512551337774,-1.6260162601626031,0.92
100258,21.0,Male,178.0,75.8,23.9,unclear,Knee,patellofemoral pain syndrome,2.730967872,75.47169811320755,2.1711194580324142,0.3125,120.04947349269612,45.31107179578004,15.364988679926004,25.59958835680833,10.73326138526694,1.0726789611707137,6.936320078885193,-7.460614084113298,1.6000000000000014,0.85
100259,20.0,Female,175.1,59.4,19.4,healthy,No Injury,,2.729238739,80.0,2.046929053916984,0.2875,105.47553954294996,37.608194994989205,12.219919440124311,22.3687385183458,11.091428185505858,0.6390590533117853,5.2972641917182735,2.7020771314368623,-5.217391304347812,0.81
100260,20.0,Male,170.5,62.6,21.5,healthy,No Injury,,2.748757189,93.75,1.7592046011003988,0.28,55.67147750490659,33.886212738455114,17.94835534226607,19.71093979469043,7.416121722827103,-0.2836850646716788,5.954089484272287,-25.48822569624086,3.5714285714285543,0.83
100261,24.0,Female,168.1,56.0,19.8,healthy,No Injury,,2.905266711,88.23529411764706,1.9755813631741976,0.295,76.74204437499125,35.91831455002328,11.214682203942449,17.07992930453615,16.344450996727275,-0.818457996223988,4.342907355463414,14.23942597078594,0.0,1.38
100262,26.0,Male,173.4,68.6,22.8,healthy,No Injury,,2.720666757,85.86844809866392,1.901065896116154,0.305,81.36012367350983,39.796117906908776,20.64610052890965,23.238965434240093,8.34750119919041,2.4975493239336783,6.685826582221139,7.176818899380854,0.0,0.91
100263,45.0,Female,165.5,53.6,19.6,healthy,No Injury,,2.700995417,81.49476006618863,1.9885745747497656,0.2775,92.931980832398,48.80356352779225,6.293662573787722,23.811427030957404,2.0476766023974013,0.4939145145708838,9.01854241474459,4.633514995344341,-1.8018018018018032,1.03
100265,46.0,Male,179.1,85.2,26.6,healthy,No Injury,,2.688086135,78.94736842105263,2.0429454626186656,0.3425,81.76681515536131,40.34298721003252,9.732591215553542,25.66007172897222,3.212483601005668,2.1303013322635147,8.380210925004558,-3.8013958941927206,1.459854014598525,1.09
100266,46.0,Female,176.1,73.1,23.6,healthy,No Injury,,2.700014899,85.1063829787234,1.9035105041127167,0.33,59.68741002323026,41.14258122061118,9.914347789069843,24.05505564981869,7.140301865901942,1.179746993608512,11.139117347533348,9.802970284721358,0.0,0.57
100267,26.0,Male,165.0,70.8,26.0,unclear,Knee,patellofemoral pain syndrome,2.759143579,85.1063829787234,1.945196223276968,0.3087499999999999,67.24835849189395,42.56879647435839,18.84520987447842,21.196433368043948,19.200513348176983,0.8731404931908582,7.139452290535239,5.052932803703341,2.4291497975708527,2.52
100268,19.0,Male,174.0,68.8,22.7,unclear,Knee,patellofemoral pain syndrome,2.713893144,80.53691275167785,2.0218503920258986,0.285,94.94196179681148,45.12197248189322,4.118277414863856,21.4831380641019,7.368569496649881,-0.4948379428882949,7.538579755587065,1.1282783929769655,0.0,1.07
100269,28.0,Female,159.2,63.3,25.0,healthy,No Injury,,2.686291778,88.72549019607843,1.8166048147004232,0.32,74.47145995436631,39.10579838665476,11.544718826661756,19.728390300199315,4.138346734192002,-2.147415784699543,6.156320060628316,5.083622649663952,0.0,1.02
100271,18.0,Female,179.0,59.2,18.5,injured,Knee,patellofemoral pain syndrome,2.737678431,82.05199888174448,2.0019273525970016,0.32,86.54813680218115,37.91325480888687,20.6993188108339,21.54779956055317,12.681663669715798,0.5720101536882751,6.132708073247125,1.0338161598729638,3.1250000000000027,0.98
100272,27.0,Female,164.0,62.0,23.1,injured,Knee,bursitis,2.725904952,80.53691275167785,2.0307991889996955,0.305,97.30417960197434,42.9563615068024,16.422380277233433,24.70356821299862,10.54955338599489,-2.3761931051040786,5.964465197481108,-22.517193693599847,8.196721311475418,1.16
100273,38.0,Female,144.0,53.4,25.8,injured,Knee,patellofemoral pain syndrome,2.481934692,84.21156308480252,1.768378467746878,0.29625,83.24693177472722,42.36265088366042,14.870319964719435,22.512919499524475,15.111178405901793,0.4775097198988351,8.90222815268394,4.890830869775995,-0.8438818565400851,1.64
100274,30.0,Female,182.3,72.2,21.7,injured,Knee,patellofemoral pain syndrome,2.709365534,75.59111535705756,2.1505588928405834,0.345,108.90709566516544,46.29861820636071,22.993338005378845,25.11005624414576,17.24973576334029,2.872137355670118,3.702078087871594,0.5634518670907936,5.797101449275352,1.0
100275,44.0,Female,159.0,60.8,24.0,injured,Knee,patellofemoral pain syndrome,2.729033621,85.71428571428571,1.9103235344221088,0.32,80.64808010549064,41.73967102424496,9.38451087706196,24.441022433646168,12.49979819886767,6.038170395583571,6.300601710500861,6.025622702690617,3.1250000000000027,1.12
100276,45.0,Female,161.2,52.4,20.2,injured,Knee,patellofemoral pain syndrome,2.739536196,84.50704225352112,1.9450706993944809,0.295,88.16856255132018,46.00270015056508,3.5523410883867634,22.32071241350789,13.187114516475765,-0.5445446457081438,6.120379796534298,-7.460071466933093,-3.38983050847458,0.82
100277,44.0,Male,178.1,74.0,23.3,injured,Knee,patellofemoral pain syndrome,2.684212695,74.65062111801242,2.15743595345842,0.355,89.83185475455048,42.0463960506716,20.776426578725573,23.65001623315309,12.881811586976944,0.9848250166090056,12.519113382237444,10.550008203037285,0.0,1.21
100279,33.0,Female,176.4,55.6,17.9,healthy,No Injury,,2.701154544,76.43312101910828,2.1204063166541856,0.31625,77.67886584931625,42.525102922111614,4.483510123777053,21.95170955280844,6.859036493400607,1.1699862148207547,5.066936632267736,-2.2054729168478047,7.114624505928859,0.92
100280,34.0,Male,181.5,77.6,23.6,unclear,Knee,patellofemoral pain syndrome,2.707369258,74.30411778237865,2.18620067581087,0.3399999999999999,109.3354573062216,45.521721967045565,10.201845432958727,20.53506942536904,9.300782797271244,0.0636448454316358,12.76215363351161,0.7690801737490726,-2.9411764705882217,0.92
100281,44.0,Female,165.9,50.0,18.2,healthy,No Injury,,2.731229282,86.33093525179856,1.8982043512601297,0.32,68.4442327422891,46.18924689418815,17.36525034922457,25.227862270331823,8.397735612156172,-1.4457482334337683,9.251980052034122,-3.602789295678357,0.0,0.7
100282,23.0,Female,179.0,72.2,22.5,healthy,No Injury,,2.722372895,78.43137254901961,2.0826152646635467,0.33375,88.00775033114923,41.59267165870341,19.98682319230329,22.95411742189035,14.082688697532504,0.6231897925995264,11.277341494579058,7.827489120102517,0.7490636704119857,0.78
100283,20.0,Female,167.0,59.4,21.3,healthy,No Injury,,2.869710688,85.71428571428571,2.008797481659278,0.275,87.80244846366583,38.84316770731115,12.103499027211376,17.65539375695384,9.967334605920245,0.4107228790323687,4.714323472657125,16.352663493153862,0.0,1.1
100284,24.0,Male,166.0,61.2,22.2,unclear,Knee,patellofemoral pain syndrome,2.679771994,79.47019867549669,2.0233914464435223,0.305,91.67435861637142,47.75112854580519,13.107485327619514,25.551172939098468,8.328498718478581,2.612872508443828,9.068178624861954,-0.875456368620943,0.0,0.91
100285,22.0,Male,173.5,87.6,29.1,unclear,Knee,patellofemoral pain syndrome,2.674920284,83.33333333333333,1.9259426043198564,0.31875,82.72519924745905,44.680249999106586,8.06942519776253,20.720393591685664,8.420232985314605,-0.0514918360782643,4.255599100525151,6.198535627522115,2.3529411764705905,1.19
100286,38.0,Male,177.0,82.6,26.4,unclear,Knee,patellofemoral pain syndrome,2.688754892,78.04940157881333,2.066980322894936,0.3375,100.551600071284,48.014862788922215,10.468999164665446,24.102283692435904,8.705776972159729,-2.034102409380145,5.673470321107611,6.93268505598548,1.4814814814814827,0.87
100287,35.0,Female,172.3,70.8,23.8,healthy,No Injury,,2.690730937,87.11520152332594,1.8532409327242672,0.305,73.02705074751643,41.74522118986218,12.306946116588048,23.639579753503163,11.43981080521606,3.390546545281341,5.200887291480786,1.1449378990325365,0.0,0.84
100288,39.0,Male,176.9,74.6,23.8,healthy,No Injury,,2.696497342,87.27388130752142,1.853841922435289,0.2525,82.80869978511976,35.77621117843279,10.560084552462753,16.10287409035773,4.423006040687749,0.1650728618191327,5.065975594496536,-3.519888616622882,-1.980198019801982,0.63
100289,25.0,Male,177.8,70.4,22.3,unclear,Knee,patellofemoral pain syndrome,2.729208991,81.08108108108108,2.0196146532407595,0.305,99.48644934998153,46.43027270112574,18.03679805278457,24.284423582497222,9.218006698893443,-1.0577565368059916,8.256370147572587,10.734092861103075,-3.278688524590167,1.31
100290,41.0,Male,194.6,90.0,23.8,injured,Knee,patellar tedonitis,2.693761339,78.43137254901961,2.0607274245340075,0.30125,104.46857419643334,43.428418850864006,-1.6670317563249315,20.557933273307924,3.923016672511292,0.521076939420662,7.682118201560312,13.05908930872014,2.4896265560166,0.68
100291,41.0,Female,168.3,60.3,21.3,unclear,Foot,plantar fasciitis,2.707866503,85.1063829787234,1.909045884558208,0.295,89.55221846812407,47.78298913701728,14.186596898725526,21.920979851481736,10.068314691537903,2.253576971966858,8.514352500065286,-2.486027551837615,6.779661016949159,0.72
100292,59.0,Male,182.0,70.2,21.2,unclear,Knee,pain,2.608672539,88.23529411764706,1.7738973263000828,0.305,68.67482936423531,41.61924265033616,7.343497018978895,21.41787529913711,5.546120913052186,2.9585738799126338,6.301960365298006,-10.830293251499,0.0,0.86
100293,43.0,Female,173.2,71.7,23.9,injured,Knee,other,2.267916842,79.47019867549669,1.7122772159971646,0.3125,83.62138564465658,44.97410935146142,5.583513982315269,23.807482509048583,5.475421722461242,1.6190103700510734,-3.435346316707413,2.056001849973555,-1.6000000000000014,1.95
100294,48.0,Male,177.5,79.2,25.1,unclear,Knee,pain,2.6687,82.75862068965517,2.0006662876308985,0.2525,122.08704579810517,46.699088740965976,-1.8774360055579744,21.280830564345152,4.9704136087694994,-0.9349090426710592,4.3950607061772216,8.467881525460632,1.980198019801982,1.21
100295,54.0,Female,164.0,68.0,25.3,unclear,Hip/Pelvis,pain,2.480255526,84.50704225352112,1.7609814237722616,0.325,73.31517782944002,37.567648975861374,10.13973869163542,19.709949406740524,10.086017188116772,-1.7890128537508705,7.236033460406769,-13.09698947580727,3.07692307692308,1.06
100296,48.0,Female,179.2,67.1,20.9,unclear,Thigh,ITB syndrome,2.475425527,78.30404889228419,1.8967948099772072,0.3349999999999999,82.91881745025267,40.299617910585695,18.802253079381124,22.8930438372522,8.471192862455062,0.4415285622557503,5.799610812663927,9.290806261184466,-5.970149253731333,1.09
100297,27.0,Female,168.9,63.8,22.4,injured,Knee,pain,2.465492015,83.33333333333333,1.775154250636132,0.3025,78.82623139348308,45.544739942455536,15.511156239765322,21.98231285355612,14.74982348277248,-0.1149808778245493,4.050240452773089,-0.824358138742482,-4.958677685950418,1.21
100298,33.0,Female,173.4,55.4,18.4,injured,Lower Leg,other,2.701884325,78.43137254901961,2.068446474264187,0.28,107.37548473145468,44.92976100819159,0.9328300481282602,24.203909850068072,9.471317109810808,-2.180098918661725,7.99082857548629,8.374641803308933,3.5714285714285543,1.24
100299,48.0,Female,161.0,58.8,22.7,injured,Foot,other,2.2135,79.20878354827465,1.6766856774164889,0.3175,84.04638338936172,43.38136287629143,8.009085320423976,23.73227700603583,14.18618994965305,-0.6614084090245504,3.968180053362976,-9.347764616278736,-4.724409448818902,1.17
100300,47.0,Male,173.0,76.6,25.6,healthy,No Injury,,2.7062,86.33093525179856,1.8807718358055103,0.2675,85.57464238842644,41.41805867286857,11.985279813998265,24.15977681599401,3.5453692476056755,-1.5977669631316764,7.230127056295183,-2.2528272398590445,5.607476635514024,0.69
100301,44.0,Female,163.7,57.5,21.5,injured,Lower Leg,medial tibial stress syndrome,2.119409373,75.23584905660377,1.690228975095181,0.3425,93.00168534885717,53.359433689855,7.432899034257018,26.85728173181528,10.486160507780037,-1.165065377996224,4.586391163522888,-5.451904011132614,-1.459854014598525,2.35
100302,41.0,Male,170.0,69.5,24.0,injured,Lower Leg,calf muscle strain,2.693272288,80.53691275167785,2.0064878546488107,0.3075,102.95816470404498,52.12067803930768,9.114723598384131,25.493533909121005,10.12878999611092,0.6279616098529723,5.302801407501594,0.3016868567371324,4.878048780487809,0.89
100303,19.0,Female,162.3,54.6,20.7,injured,Knee,patellofemoral pain syndrome,2.716576256,86.02261048304214,1.89481193854302,0.2925,77.61869612237348,42.56811578217052,22.166933335867427,23.415934101038022,12.962989082093207,-3.375289000012946,6.976946826348779,9.860191818013885,5.128205128205133,0.97
100304,20.0,Male,177.4,73.0,23.2,unclear,Knee,patellofemoral pain syndrome,2.690733192,80.0,2.018049894249525,0.2833333333333333,90.8488632063236,42.78248822027535,14.177227630502443,26.763440675624523,7.5171952648112494,-0.6357868166046439,2.0809752388125644,8.519197973440672,-5.882352941176469,1.3
100305,30.0,Female,181.5,65.6,19.9,unclear,Knee,patellofemoral pain syndrome,2.694102762,87.11520152332594,1.8555632774299733,0.285,73.58140568213918,39.56317991712375,13.950432415368248,21.600542947738983,11.522023741041384,-0.3619535010205861,-0.5152678481708336,0.5057518521975434,-3.5087719298245448,0.73
100306,25.0,Female,173.5,61.3,20.4,unclear,Knee,patellofemoral pain syndrome,2.722723338,78.94736842105263,2.069269736995789,0.29125,103.88509341165268,44.12765006540856,16.090506096114467,24.08317350059068,3.314356058444221,-2.290954452976863,6.6256903238630205,-0.5494583884932785,4.291845493562236,0.87
100307,23.0,Female,163.1,80.1,30.1,unclear,Knee,patellofemoral pain syndrome,2.729170621,83.62470862470863,1.9581799203971508,0.32,76.28152728373874,35.75523669379762,20.40581173890895,22.43639630801647,25.4692968930146,-1.155623680526391,9.181969921842978,24.396255336260623,3.1250000000000027,1.26
100308,27.0,Female,173.1,66.5,22.2,unclear,Knee,patellofemoral pain syndrome,2.683738323,77.92207792207792,2.06647850893531,0.34375,87.26644092315263,47.822479232300765,16.511183829090108,26.08671431584163,9.713676920087424,1.0150121765494582,3.07831915685812,3.936928707977349,0.7272727272727117,1.1
100309,40.0,Male,180.5,75.4,23.1,unclear,Knee,patellofemoral pain syndrome,2.700887858,81.81818181818181,1.980651096048885,0.3083333333333333,,40.657483420920464,20.74642425880043,23.96429886362229,8.995808544250172,1.9980008928776671,9.218500077554824,2.459101664529717,0.0,1.13
100310,26.0,Female,169.4,61.9,21.6,unclear,Knee,patellofemoral pain syndrome,2.683026748,80.53691275167785,1.9988549275640344,0.3375,86.40216787478295,45.15446905974042,22.023756211112392,26.07086329340813,9.343674027575542,-1.839140495712789,3.69619798343889,14.546151638336084,-1.4814814814814827,1.23
100311,35.0,Female,168.8,63.0,22.1,unclear,Knee,patellofemoral pain syndrome,2.747605573,84.50704225352112,1.9507999564902505,0.27,88.28896780890904,42.06682700376334,9.742062357135062,23.28478243474965,11.123068261443334,-0.5440466880567207,5.63446139604674,-1.2742041093312328,-3.703703703703707,0.94
100312,21.0,Female,157.1,54.4,22.0,unclear,Knee,patellofemoral pain syndrome,2.695989865,85.71428571428571,1.8871929055264216,0.30625,80.99985114025554,37.53228188493559,29.13003015473512,21.86643812407984,10.077702896644022,1.8294115001029296,5.436999600868764,0.5925942059737974,5.714285714285719,1.2
100313,46.0,Female,153.8,61.6,26.0,unclear,Knee,patellofemoral pain syndrome,2.677753541,90.56732740943266,1.774011721185928,0.3,67.43334099958793,38.12931421897129,18.551892035150352,23.80015732613701,7.635606386861822,-0.1258727738117442,-3.32117936830996,-3.680028388713637,3.3333333333333366,1.07
100314,22.0,Female,175.3,62.2,20.2,unclear,Knee,patellofemoral pain syndrome,2.684639546,78.43137254901961,2.053749253070108,0.33125,86.75941678036895,45.52721272116861,17.946636514025286,25.009640784561743,6.0334942112789065,0.2765071214286352,1.9878375032550832,8.479643192756171,-0.7547169811320761,0.78
100315,27.0,Female,173.0,61.0,20.4,unclear,Knee,patellofemoral pain syndrome,2.700768492,78.43137254901961,2.066087896508157,0.3,117.7302557263112,46.760816845518605,15.40922871911259,24.453875042239066,15.407253831880546,1.0656088935379806,3.98839841791139,-10.813482525567846,3.3333333333333366,0.9
100316,48.0,Male,181.1,88.0,26.8,unclear,Knee,patellofemoral pain syndrome,2.69239823,78.68937048503612,2.052953650263931,0.325,88.6528399285096,39.46711314212161,19.284235996428897,23.242862330137044,7.3280442427566115,-2.7293900378446634,13.194275277571071,2.2441834808877497,0.0,1.08
100317,33.0,Female,163.2,57.0,21.4,unclear,Knee,patellofemoral pain syndrome,2.7088,85.71428571428571,1.8961239578021905,0.2875,,42.398461561953,14.336134942485565,24.59446366780494,12.83529106105262,1.7570307334926918,3.234064633171988,-3.1541721447632023,2.8985507246376905,0.86
100318,21.0,Female,167.9,55.4,19.7,unclear,Knee,patellofemoral pain syndrome,2.679713089,85.25835866261397,1.885848086087968,0.315,78.29583393501125,44.48898739937697,13.867880789951126,23.91944527544641,10.287789925333469,2.105120431665964,3.24370497674826,-2.2012602696218786,3.174603174603177,1.21
100319,43.0,Female,165.7,68.9,25.1,unclear,Knee,patellofemoral pain syndrome,2.67952458,89.72057008192122,1.7919320629816733,0.2975,63.359965324043856,36.91140614358632,10.667767452672528,22.39482655731242,8.601949058225351,3.030457259790533,7.395971157786864,-2.478181311497893,-1.6806722689075646,0.9
100320,43.0,Female,176.7,65.6,21.0,unclear,Knee,bursitis,2.721431578,85.41033434650456,1.91180568355424,0.32,72.25912854120327,41.79740707225103,8.552131903188599,22.412881411497526,8.03104187713324,1.0352441459772668,1.7640289928754715,-16.839680565473188,0.0,1.16
100321,23.0,Male,173.1,62.4,20.8,unclear,Knee,patellofemoral pain syndrome,2.673114357,92.6654740608229,1.7308415458435935,0.2875,70.92522508501014,33.03274572004511,12.2009579488096,18.795628057125715,8.880342959378213,3.7097629869455777,7.653726563203341,-51.0902621312184,-1.7391304347826104,1.22
100322,30.0,Female,153.6,61.7,26.2,unclear,Knee,patellofemoral pain syndrome,2.699672383,85.1063829787234,1.9032690300509607,0.31,80.15276395672066,39.47859894863572,7.982999710641383,19.05709164018809,6.786167271684612,-0.0950935722542727,1.9278727023377549,20.296635297995177,-3.225806451612906,0.85
100323,21.0,Female,162.6,59.9,22.7,unclear,Knee,patellofemoral pain syndrome,2.691056035,81.63265306122449,1.977926185798687,0.32,75.08193413107227,46.88774058183891,0.2697344593228202,22.583461972910044,-2.024334576755993,2.82758191239128,1.3817207629895916,-4.415144903587644,0.0,1.12
100324,28.0,Female,159.8,54.4,21.3,unclear,Knee,patellofemoral pain syndrome,2.713993541,79.20878354827465,2.0558501074260684,0.275,101.47420426987634,41.61123374746096,16.350355251221465,24.477339901561777,6.177017235727115,-0.0223979338399128,5.19888938375832,3.1251645601458167,-3.63636363636364,1.72
100325,34.0,Male,,79.0,,unclear,Knee,patellofemoral pain syndrome,2.702729937,82.1917808219178,1.9729928537597337,0.3075,93.68704048142864,30.83348158400221,9.510695465512534,18.67141548451738,8.416418470962295,-2.4216169681628945,9.121777793836172,-0.8149383051919947,-1.6260162601626031,1.52
100326,25.0,Female,164.4,53.1,19.6,unclear,Knee,patellofemoral pain syndrome,2.694793974,89.55223880597015,1.805511962284925,0.2937499999999999,67.31338116242839,36.286851085123615,23.170538734723,22.656404355036763,6.497783200085095,1.7064888831500395,0.467719924081003,20.62813394604597,-0.8510638297872349,1.17
100327,23.0,Male,184.7,71.2,20.9,unclear,Knee,patellofemoral pain syndrome,2.694183244,81.08108108108108,1.9936956007134736,0.2975,95.2870778446819,45.02113704233111,-0.3515054369636738,23.38685120327041,0.6644468648588802,1.3956855877781762,1.6550077897646684,4.03112974240654,5.042016806722693,1.45
100328,30.0,Female,173.7,62.3,20.6,unclear,Knee,patellofemoral pain syndrome,2.705980618,82.33349078885215,1.9719833750440632,0.285,102.13058905901504,42.34141869778856,11.879878805956794,23.708717353769103,10.269512512882075,0.4636467311060497,2.2966093809608648,7.796678239026415,-7.017543859649109,1.35
100329,34.0,Male,179.0,73.3,22.9,unclear,Knee,patellofemoral pain syndrome,2.695393613,77.1712158808933,2.0956685338800147,0.3125,94.06521637037145,41.97078389519832,17.50427613872629,22.15547224032112,1.80722926595706,5.253369359789172,8.107799260086344,-12.558946322379104,4.800000000000004,0.86
100330,22.0,Female,171.8,56.5,19.1,unclear,Knee,patellofemoral pain syndrome,2.699329266,74.53416149068323,2.1729600591743274,0.29,123.02232929900936,41.199156815606834,45.528893883800365,22.94526699345307,16.730326510643216,2.751471805715882,0.5243675705923267,4.316054593865328,-1.7241379310344844,1.17
100332,34.0,Female,158.1,44.9,18.0,unclear,Knee,patellofemoral pain syndrome,2.727575922,84.80671261612227,1.929759964723696,0.265,74.68053238962716,43.25229422043181,10.977563148424174,21.90639630218749,6.92857783632843,1.9980838979406104,3.089579494254761,0.0447488272866524,0.0,1.3
100334,45.0,Male,181.3,82.9,25.2,injured,Hip/Pelvis,pain,2.943303022,81.63265306122449,2.163327721076796,0.315,100.04358627976865,38.43520557008213,11.581760736177678,20.75288729749125,10.329785375435176,-1.620181387259954,13.570525909815805,-11.940078578736683,3.174603174603177,0.75
100335,43.0,Female,173.0,61.9,20.7,injured,Hip/Pelvis,other,2.327681282,80.0,1.7457609613535936,0.305,91.93641251017112,44.67322343145197,17.331143286529574,20.967551998960577,17.22361101259404,2.147350793396659,7.18413821300493,21.032072663412773,0.0,1.17
100336,42.0,Male,177.7,74.6,23.6,injured,Knee,pain,2.942184425,83.72093023255815,2.1085655049124576,0.2791666666666667,,45.19357156596975,10.464586204300062,23.847070778673896,6.0259583071584455,1.6479960570022911,8.16435237827869,11.027258417806706,-8.955223880597023,0.88
100338,22.0,Female,167.0,52.0,18.6,unclear,Lumbar Spine,pain,2.473029285,84.50704225352112,1.7558507921530215,0.3025,84.48888574512466,44.33469628740352,13.648376803716424,21.467752687977253,9.728321710917188,0.3963210140531281,3.852777297929256,6.232950564737591,-1.652892561983473,0.94
100339,65.0,Male,179.0,65.6,20.5,unclear,Lower Leg,calf muscle strain,1.929597706,85.71428571428571,1.3507183942813743,0.3,70.00628939991208,37.672548833494034,1.8364734154441589,21.13134190555957,2.5762598782965287,-0.0630061489384871,2.630596900984658,-10.14659805207541,6.666666666666673,1.7
100340,27.0,Male,174.0,71.2,23.5,healthy,No Injury,,2.675626257,81.08108108108108,1.9805575134170128,0.29,95.28254284234612,53.42466556764464,11.83413406447933,22.25626786556122,4.616369492331377,0.0913544699413264,3.0817502424415006,7.998680099926795,0.0,0.86
100341,49.0,Male,178.4,78.3,24.6,injured,Lower Leg,other,2.716592885,85.71428571428571,1.9016150194763168,0.2825,75.87458367818138,47.36296794456997,10.794659178695156,25.1748584912544,11.594237492094631,-2.421085839477504,5.221780644645889,5.256583278954235,5.309734513274321,1.11
100342,42.0,Male,172.2,62.9,21.2,unclear,Knee,pain,2.481287854,81.08108108108108,1.8361530121732768,0.29,91.28289707400214,50.782493166900686,10.501155722794906,24.46604466146896,7.20083836568346,-0.7239658091275644,5.885345453861486,3.0685623359577416,0.0,0.86
100343,30.0,Male,180.4,86.3,26.5,healthy,No Injury,,2.687380202,78.17672523554876,2.062564305361164,0.32125,98.70805171628876,42.22362532101421,19.752771681076453,17.97449792349567,2.2651005292992457,-0.5868548644520879,4.830600674379762,11.372933459990453,-2.3346303501945544,1.29
100344,38.0,Female,172.7,62.1,20.8,injured,Sacroiliac Joint,SI joint pain,2.27347416,75.71053260090758,1.801728271677757,0.2925,120.427565050653,43.54686167694543,19.38521516425696,22.96808082757498,10.706440359081087,-0.8893170498440481,7.039560542013263,-12.63033267656424,-1.709401709401711,0.84
100345,32.0,Female,167.6,76.7,27.3,injured,Other,fill in specifics below,2.221373625,77.92207792207792,1.710457690995534,0.3325,88.20157050562102,46.126327622675824,2.612251358695537,26.020050177801465,8.145578049403024,1.033133250554839,3.254083099628504,5.0299004876643,4.5112781954887256,1.25
100348,34.0,Female,156.0,47.8,19.6,unclear,Knee,pain,2.367303361,82.75862068965517,1.7162949367642997,0.3,82.33360852324137,43.1429191549561,11.7531806993333,20.64477024866001,11.478028748151283,0.2250398980175347,7.954047079093059,1.6224623588774831,3.3333333333333366,1.12
100349,53.0,Male,172.5,81.2,27.3,injured,Hip/Pelvis,pain,2.286018964,88.88888888888889,1.5430628007541267,0.27,68.3695648234731,43.58234926260519,2.614046972285635,21.84182083422813,9.827043306754929,-3.79816339050698,6.458984706054829,18.866605196503585,-7.407407407407414,1.04
100357,43.0,Female,168.0,63.2,22.4,unclear,Knee,pain,2.472753928,81.08108108108108,1.829837906491464,0.325,83.46263667142875,47.64561785209633,4.850899722315083,24.92039940037001,2.5004388239973965,-1.6272784064090988,3.169798941576382,-0.2710263799274398,-3.07692307692308,1.07
100358,31.0,Male,167.0,75.0,26.9,injured,Knee,patellar tedonitis,2.70688361,83.33333333333333,1.948991461291009,0.2525,95.0048573525757,46.46850085733106,17.18159330343635,24.159772747083817,4.7412959367288,-0.1207910472878888,1.8431404791175376,-3.2952819313855324,-3.960396039603964,0.9
100359,48.0,Male,182.0,66.6,20.1,healthy,No Injury,,2.681215358,72.50821467688938,2.22808908164482,0.3225,124.77666011422332,48.41391033244094,17.572599055061012,30.080585019643983,8.062008322318551,-0.2491868662885954,5.489316108843708,5.324693914690714,4.651162790697678,0.67
100361,30.0,Female,175.0,82.6,27.0,injured,Hip/Pelvis,pain,2.493119871,76.92307692307692,1.94463349965696,0.33,107.59670512487952,49.52745209914657,15.656239194913226,24.7086310565734,22.334243542044742,-1.1093869596154424,5.708213460041293,-4.704876666861782,3.030303030303033,1.3
100362,36.0,Male,173.4,84.2,28.0,injured,Knee,patellofemoral pain syndrome,2.711323289,77.41935483870968,2.1012755486545323,0.32,109.80897640956294,46.30805303135868,11.411743435007866,22.97759741977517,13.310467695587494,1.321681964009021,8.356045429648095,7.19199711233505,3.1250000000000027,1.03
100363,34.0,Female,166.5,57.6,20.8,injured,Knee,patellofemoral pain syndrome,2.723986221,85.71428571428571,1.9067903543537568,0.3,77.38798868278928,41.62473239229105,24.141007869694626,23.768712007913862,13.322575797883973,-2.213884346433418,9.026504645029544,-0.9153456934726236,3.3333333333333366,1.19
100364,25.0,Male,178.7,75.3,23.6,injured,Knee,pain,2.27583185,82.05199888174448,1.6642020400152249,0.29,87.22781116479229,45.0567251182859,7.144658010273224,23.10829504232868,10.519716929057465,0.3783260326211988,8.809849312075983,-0.4571828657732764,-3.448275862068969,1.34
100365,43.0,Female,162.1,67.5,25.7,injured,Sacroiliac Joint,pain,2.265233566,81.63265306122449,1.664946671197471,0.37625,79.31931701247873,46.33733543349341,7.545030362914915,21.898780771370472,15.34160398972439,-1.4904142468902075,5.14996815250023,2.6044005421740737,-0.6644518272425256,0.87
100366,48.0,Female,161.0,65.2,25.2,injured,Lumbar Spine,pain,1.928447046,84.50704225352112,1.3691974029117822,0.31,69.0621450436031,35.00198235604106,11.348670072708575,19.90914175210244,6.771255183392038,-0.9204029399072072,2.581497606726153,-10.032223712502551,0.0,0.93
100367,34.0,Female,169.2,63.6,22.2,injured,Thigh,hamstring muscle strain,2.700491823,81.63265306122449,1.984861490127832,0.29,104.19146740296692,48.18273114691696,14.068558456420844,24.332526589191584,11.638825837473668,-0.5591358734716958,6.526865267169053,-2.282395003077672,-3.448275862068969,0.95
100368,40.0,Female,161.3,60.1,23.1,injured,Knee,patellofemoral pain syndrome,2.271817088,85.86844809866392,1.5874321902753743,0.2875,90.1087276246812,40.19785471093723,8.65833444726687,23.16844534832581,11.810589860716853,0.9269251658770056,0.5225856931150143,8.287340962351074,5.217391304347812,0.85
100369,32.0,Female,172.0,57.6,19.5,injured,Ankle,pain,2.484234292,84.21156308480252,1.7700169327640851,0.315,73.88574774023232,46.23791902754984,10.212307224560012,22.176821262504703,10.0675686634381,-1.1484765991117625,8.27395861136042,3.626801831376971,0.0,0.66
100370,57.0,Female,170.0,73.3,25.4,injured,Knee,patellofemoral pain syndrome,1.93350274,71.00591715976331,1.633809815297243,0.4075,,16.04393177797538,20.88593755925114,11.171488587011469,11.597093332396572,-2.1187381090641333,4.383286192650321,-17.743607457987547,-1.2269938650306624,0.87
100372,44.0,Male,171.0,84.3,28.8,injured,Lower Leg,calf muscle strain,2.260703861,78.94736842105263,1.7181349340683427,0.325,87.1528229001336,47.82877028231806,0.8361447419184658,20.841578850185936,9.119027558299036,-0.1598707473203742,6.380491441718634,-13.824123714429406,3.07692307692308,0.94
100373,36.0,Female,162.7,49.6,18.7,injured,Knee,patellar tedonitis,2.712789721,89.55223880597015,1.81756911328554,0.3025,54.647395445837816,48.54376211330764,11.08651453830224,21.481760921730128,13.223246875948606,-0.312377280900598,6.112992230840363,11.726148558453266,-4.958677685950418,0.78
100374,33.0,Male,186.0,87.0,25.1,injured,Knee,patellofemoral pain syndrome,2.713050466,76.92307692307692,2.116179363194626,0.295,109.96941090251572,40.63986520044514,11.914057360436138,24.20306457993947,4.772384029924086,-1.098802457190441,3.229696510559787,-7.719153343176754,0.0,0.67
100375,44.0,Male,184.0,84.7,25.0,injured,Ankle,other,2.719068447,78.94736842105263,2.0664920196958905,0.305,93.97870151989662,46.96285228536373,7.868533513968115,23.67563713826975,11.021925996966072,-1.6251645170056113,9.437686159383794,-2.3670553526650866,3.278688524590167,0.81
100376,24.0,Female,170.2,60.2,20.8,injured,Knee,patellofemoral pain syndrome,2.517045697,82.1917808219178,1.837443358546538,0.3225,82.65556242788628,47.63063487601913,11.912459230935136,25.046063525974,13.290849280771372,0.1637712538266638,1.7393165452466612,5.106500090707141,-1.5503875968992262,1.07
100377,45.0,Female,169.0,57.4,20.1,injured,Knee,patellofemoral pain syndrome,2.316754044,78.43137254901961,1.7723168437563768,0.27125,108.29156964834613,44.655588906366006,4.8213511403138325,21.059646333630667,9.518895260292965,0.0222058585474883,4.498189227074133,-17.84873116684561,6.451612903225812,0.9
100378,34.0,Male,173.7,65.0,21.5,injured,Lower Leg,medial tibial stress syndrome,2.263326648,77.6707163803938,1.7484198359570224,0.32375,81.35349138539061,39.46705917940079,13.99245316779113,23.35812760848548,6.123029522839346,0.6915750012707966,7.480737300043009,3.247668678676776,5.405405405405411,0.92
100379,49.0,Female,160.2,66.3,25.8,injured,Knee,pain,2.126859798,76.43312101910828,1.66958494105636,0.3525,91.70057692456965,51.74661770905634,3.391559194427391,28.415083719241984,15.85276725137092,-1.99180280109834,9.696541819966502,3.6775726773441657,-4.255319148936175,1.04
100380,33.0,Female,179.2,66.5,20.7,injured,Knee,pain,2.494507324,76.43312101910828,1.9581882496482093,0.33,124.24315652271196,45.35553575778944,5.603440415849266,25.1459242181914,6.327356829334107,1.8449347946144468,3.610023936758748,9.253315579083404,0.0,0.66
100381,47.0,Female,175.1,101.4,33.1,injured,Lower Leg,peroneal tendonitis,1.892791913,79.60264900662253,1.4266919043310675,0.3125,68.34321114029726,35.245093081320206,3.350493890408415,17.263586935634358,15.990519494925538,-0.1139349384307726,7.192917852379626,3.2983200874315366,-1.6000000000000014,1.29
100382,33.0,Male,178.0,81.2,25.6,injured,Lower Leg,pain,2.469256532,79.73509933774835,1.858115540575409,0.3325,83.42833668238256,43.308886939038445,12.031313219070556,24.6558426291058,2.2140765024710265,-0.4771501532528286,10.831313418952789,-0.1572034485657724,-1.503759398496242,1.23
100383,44.0,Male,179.3,94.2,29.3,injured,Foot,plantar fasciitis,2.27130183,81.63265306122449,1.6694068447328505,0.3075,81.44949490014687,32.09942940818161,9.231413360082826,18.08977375828196,7.0590293214579685,1.3085978399565747,2.0711940011843395,-2.4495644054875134,1.6260162601626031,1.99
100384,72.0,Male,166.0,65.2,23.7,injured,Knee,pain,2.493060456,86.33093525179856,1.7326770170365953,0.285,70.72191880264182,34.54319975974677,11.569392537804507,21.74982293033593,7.367347192279317,-1.1121049974615844,7.99304214155369,-9.29750970277217,-7.017543859649109,1.19
100385,43.0,Female,171.1,58.8,20.1,injured,Sacroiliac Joint,piriformis syndrome,2.69531268,79.47019867549669,2.034961073407872,0.31,88.70575675067224,50.75871137335408,7.752238343392253,23.10533173364422,6.313168667484932,-1.4358132655150857,5.640682834902943,12.389840693154005,-3.225806451612906,0.7
100387,51.0,Male,175.3,107.7,35.0,injured,Lumbar Spine,disc degeneration,2.163460021,80.0,1.6225950161021472,0.3525,73.34182627187067,46.35558600047851,3.044923677700451,22.015558979018373,10.349131107947022,-2.5439808987214083,8.650460115981796,-5.4586561758200105,1.418439716312058,0.94
100390,27.0,Male,182.0,70.5,21.3,healthy,No Injury,,2.695787448,78.68937048503612,2.0555379292821354,0.3037499999999999,113.72712825533114,43.78474234144522,4.710778555517834,22.74537308525332,5.2219121067242105,-1.6849812300519411,1.892024893550224,13.24277077808822,-7.4074074074074145,0.82
100393,52.0,Female,158.0,51.0,20.4,injured,Foot,other,2.402744557,89.05472636815921,1.6189632078423597,0.2675,77.09193549901403,34.33182099445839,6.687353954901118,18.70317800413615,2.921070602410817,1.3752642618251882,1.625032735647621,-24.730838011223444,9.345794392523372,1.46
100394,30.0,Male,179.5,72.2,22.4,injured,Knee,other,2.697790567,78.17672523554876,2.0705542600021896,0.28,103.33911468505356,52.61748619651664,6.096474223088531,25.90184375586304,8.477251543211832,0.4248192295338446,6.419636294889864,5.7955806457345975,-3.5714285714285543,0.74
100395,54.0,Male,179.2,72.9,22.7,injured,Other,fill in specifics below,2.497337052,86.6437284954645,1.7320534165517325,0.27625,79.92542989206015,39.77983380718108,-0.2698819118365845,18.2196496862873,4.3594637311943805,1.245121149435514,3.220772293773154,-7.2673951804614045,8.144796380090485,0.97
100396,22.0,Female,162.5,57.3,21.7,injured,Knee,other,2.722920905,88.88888888888889,1.8379716109853736,0.28125,75.83675006004864,46.83780286013455,-0.1528974693987459,23.125882438464245,6.999151365405892,0.2858206462687793,8.084061917816133,-1.568262497043628,6.222222222222208,1.03
100397,48.0,Female,163.0,68.8,25.9,healthy,No Injury,,2.694363317,78.94736842105263,2.0477161212180435,0.2875,102.55844691091148,41.15756993855294,15.380300540119382,23.03925110775488,12.228645484187387,-0.3968648694299883,8.417022231580557,-8.916964040259444,1.7391304347826104,0.82
100399,33.0,Female,165.1,61.0,22.4,injured,Lumbar Spine,pain,2.25900553,82.33349078885215,1.6462502797385308,0.3125,76.5599223188421,42.4028109196873,10.403230918726162,22.718647698584768,6.850008941425187,-0.8229276748049563,6.509334652049726,-8.407293984712588,4.800000000000004,1.31
100401,53.0,Male,176.0,85.6,27.6,healthy,No Injury,,2.694355325,80.53691275167785,2.0072947170870203,0.3075,88.53955826969354,44.80000042336463,16.191161520997056,24.883557569195204,2.029120996385094,0.0185671483929193,6.797598374327816,-0.0793946713394556,1.6260162601626031,0.77
100402,40.0,Male,180.0,78.4,24.2,injured,Other,fill in specifics below,2.482161245,82.75862068965517,1.7995669023693983,0.29,81.34616140863915,33.50503523695879,17.330164177020215,20.090889870697644,2.6434933617353846,0.6033481715176601,6.903381063873376,10.332046894966172,3.448275862068969,1.01
100403,42.0,Male,184.0,72.6,21.4,injured,Knee,meniscal tear-lateral,2.925005792,77.41935483870968,2.2668794885641272,0.2825,100.23589697284092,51.82075359611213,7.7838893972484735,25.00809313115484,15.316929557174424,1.6217808776176934,10.634607500017372,-2.635390904640428,-1.7699115044247609,0.8
100404,53.0,Male,176.0,104.8,33.8,injured,Foot,plantar fasciitis,2.272370172,75.71053260090758,1.8008533613272857,0.3349999999999999,115.78126918269612,45.686145699427456,-0.0470604138375931,22.86859487653922,6.189799027889445,0.956212876686543,5.646439670777902,-0.3943485519604078,5.970149253731333,1.06
100405,45.0,Female,168.5,77.6,27.3,injured,Hip/Pelvis,bursitis,2.262448221,76.92307692307692,1.7647096120233994,0.315,96.246432100444,48.805299778209154,12.661612368958938,21.77485853791209,20.036745715867177,-1.2942547935850084,7.79234048724828,9.532837198408188,0.0,0.93
100406,43.0,Female,175.0,72.6,23.7,injured,Lumbar Spine,disc protrusion,2.16483448,83.91608391608392,1.547856653001545,0.3,71.72466423567855,36.694606504688025,6.455292280475517,20.192480646634927,8.909117126953003,0.3701049364055495,8.730150773563636,-8.531995351713388,3.3333333333333366,1.5
100408,34.0,Male,181.0,77.6,23.7,injured,Hip/Pelvis,pelvic dysfunction general,2.495125166,74.76708074534162,2.00233794588538,0.31,135.64559573240408,41.57454533013008,8.123947073699082,21.94543453227842,8.102655078906587,-0.8529553572463799,5.62667317831714,17.935379975120703,3.225806451612906,0.7
100409,37.0,Male,183.3,103.9,30.9,injured,Foot,plantar fasciitis,2.721146242,78.94736842105263,2.068071143752205,0.2975,99.95785475588964,39.901797490801606,8.833310344598688,23.262039844704603,8.158663318397867,-1.029999781682577,14.384869865406683,6.323564194961403,-1.6806722689075646,1.04
100410,37.0,Female,171.0,68.5,23.4,injured,Knee,osteoarthritis,2.481777875,78.94736842105263,1.8861511847636043,0.3325,94.99976557526742,36.16044185865245,4.950066696611538,20.07457244352557,16.273197589277192,-2.370344830007188,1.3429783919041478,0.7099839513683759,-1.503759398496242,1.03
100411,27.0,Female,170.7,57.3,19.7,injured,Foot,metarsalgia,2.701258825,86.33093525179856,1.8773748830531525,0.29,81.29613546663845,40.685270329788615,7.625008542716181,18.765657555859462,2.3253818625737166,2.0986328127867964,5.043057773679753,-2.1312808254980493,6.896551724137917,0.89
100412,40.0,Male,180.0,94.1,29.0,injured,Ankle,dislocation,2.714333572,80.0,2.035750178995147,0.3,111.55889886435756,48.13515147484748,9.090056155336278,24.98193329621792,10.999988132102686,-0.5455521115909178,3.967287745724012,-5.486572844072348,0.0,0.79
100413,56.0,Male,183.2,77.1,23.0,healthy,No Injury,,2.721576669,89.05472636815921,1.8336622809177183,0.2775,79.67983481351433,40.32730778649764,2.894182525038034,21.76592388022914,12.143491802808796,1.457826939896161,4.612155480488062,-6.643544013799806,1.8018018018018032,0.8
100414,26.0,Female,177.0,67.5,21.5,injured,Thigh,ITB syndrome,2.630128158,79.47019867549669,1.985746759162118,0.325,95.52143448780896,44.58693152440968,9.58129223133346,24.24231106905726,2.905833916528485,0.062565088143097,7.4777398881270365,-5.408145705673316,-3.07692307692308,0.93
100415,41.0,Male,172.0,86.7,29.3,healthy,No Injury,,2.613321385,78.94736842105263,1.98612425239164,0.33,92.07350892567212,54.44933098763271,8.914476739029686,24.49634207047596,5.40444390104697,1.4806960847864497,4.720289908094507,13.095502134853223,6.060606060606066,0.66
100416,32.0,Male,183.0,72.8,21.7,injured,Knee,pain,2.710303431,79.47019867549669,2.046279090758694,0.2875,92.34246289839018,39.28243953205244,15.7805243782635,21.651963771103823,5.387748899102067,-1.0564295722008514,3.442939296880402,20.12354244635972,1.7391304347826104,0.98
100417,46.0,Male,177.2,96.0,30.6,injured,Thigh,ITB syndrome,2.713308752,78.43137254901961,2.075681195302978,0.3225,93.93042592471414,45.37838918771019,11.345210003246404,25.056611720232738,6.318700692616563,-0.5388119913815872,11.934107585390612,4.389433988271051,-4.651162790697678,0.82
100418,36.0,Female,160.0,55.0,21.5,injured,Hip/Pelvis,pain,2.491837899,86.33093525179856,1.7318273395251902,0.275,82.06959257980313,44.93002601041586,9.86247720545722,20.690520142663303,9.498534119149127,-2.2361280741127523,5.662967669772721,1.8938865177509008,3.63636363636364,0.82
100419,34.0,Female,172.6,62.4,20.9,injured,Knee,other,2.924067956,78.94736842105263,2.2222916462081144,0.31,91.16482927271068,55.43574699286072,8.385033262781914,26.59879872025064,3.9924066009261576,-1.5742595055212163,3.5493805171831765,-2.1245439695007926,0.0,0.67
100420,44.0,Female,157.0,49.8,20.2,injured,Lower Leg,calf muscle strain,2.304185057,92.3076923076923,1.4977202873176645,0.26,65.77803935208459,46.09521447740239,-0.6318322214897588,19.56327003059568,6.689097544051775,0.603565651469456,7.888192896337827,4.221969775345424,0.0,0.98
100422,38.0,Female,169.3,80.7,28.2,healthy,No Injury,,2.070186928,72.3986856516977,1.715667416186942,0.37,97.2457570720918,49.846764134018414,12.53865959568958,21.142651897137696,8.737159693043735,1.6197904331763722,3.950239703822191,-1.6362638084664831,2.7027027027027053,1.23
100423,54.0,Female,158.2,60.2,24.1,healthy,No Injury,,2.266082919,81.91221694157115,1.6599057384660152,0.3175,72.65812830168804,47.82552353043998,-4.4622071082529855,23.02264353547536,7.655052990138951,-0.4754526426956569,4.16034422603161,10.928602228575482,4.724409448818902,0.96
100424,54.0,Female,173.6,84.2,27.9,healthy,No Injury,,2.251495102,79.47019867549669,1.6998788018511146,0.31125,85.30434204021242,36.647310856870746,-2.532333677945424,12.661038774104242,14.862621795744069,0.5221989333336317,10.592261858941509,19.844047520026,-0.8032128514056232,1.13
100425,56.0,Female,157.5,59.9,24.1,healthy,No Injury,,2.344913883,81.08108108108108,1.7352362732145596,0.29125,83.9635337181191,48.22254049357189,0.4724488329652972,25.15630228525525,8.144365191525575,2.2838801880224087,3.077477111990791,-4.9982678788761845,2.5751072961373414,1.08
100427,31.0,Male,181.0,81.6,24.9,healthy,No Injury,,2.71887239,85.1063829787234,1.9168050347936856,0.3,86.03534079492374,42.093977929110366,3.5072217699740964,20.26979129879636,8.444270874871767,0.5496008957724325,13.656214471604883,-21.70070454758206,0.0,1.06
100429,66.0,Male,169.1,72.0,25.2,healthy,No Injury,,2.482889017,81.63265306122449,1.8249234276856017,0.2775,92.21942870453664,49.25506624343777,-3.3740093868270966,23.842099646717145,11.966957768027822,0.4810670927624775,8.759677602604263,12.975473487280404,1.8018018018018032,0.88
100430,35.0,Male,177.1,69.1,22.0,healthy,No Injury,,2.69854718,80.26845637583892,2.0171640170581093,0.2975,90.25007952385118,51.71924577312991,8.868641572468887,25.555956020324125,10.859144220540207,0.7379991597512541,4.563121719981593,11.085823202908504,-1.6806722689075646,0.64
100431,41.0,Female,176.0,65.4,21.1,injured,Sacroiliac Joint,piriformis syndrome,2.696118366,71.42857142857143,2.264739427843648,0.3225,123.1867084582006,52.90294071125895,32.55332684180608,25.10965721861272,10.879084386987993,0.4311691061897251,3.3603689334839872,-0.0898807588905738,-1.5503875968992262,1.08
100432,57.0,Male,174.7,82.5,27.0,injured,Knee,pain,2.265924594,82.75862068965517,1.642795330768813,0.3025,65.18903764455368,45.52643298888955,4.862176593183313,21.99463534338907,8.171988251219364,-1.6010767335769034,8.024134198923099,9.13119000684549,-1.652892561983473,1.01
100433,53.0,,,,,injured,Knee,pain,1.610861272,83.33333333333333,1.159820116188913,0.305,56.29590551784054,39.61118951276804,-0.9587748809531276,21.42668744324885,7.351816113313043,-0.2521444616790935,6.009710322316913,10.911937966033772,0.0,1.14
100434,51.0,Female,,,,injured,Lumbar Spine,disc degeneration,2.237293773,87.75225418634606,1.5297496172331235,0.275,69.16801193396353,47.61903390432255,9.150916892874738,22.403386820530045,11.050757072008086,0.1301597178388523,5.590067312413612,-1.3416752811484285,0.0,0.86
100499,26.0,Male,184.6,73.0,21.4,injured,Knee,other,2.922297545,82.1917808219178,2.1332772081180065,0.2825,91.76372973766227,46.77902508598203,10.01118678910225,24.198755589358072,9.357690060408968,-0.8898234450146125,8.639880612123717,12.181891160051542,1.7699115044247609,0.93
100500,29.0,Male,178.3,79.4,25.0,injured,Lower Leg,medial tibial stress syndrome,2.719684662,80.53691275167785,2.0261650732574337,0.2975,91.5049077516926,58.38089760640659,3.927798544195463,24.256106057963216,12.442169803098585,-0.460967204491808,8.894781401613532,12.168876938906298,1.6806722689075646,0.88
100501,48.0,Female,169.0,65.9,23.1,injured,Hip/Pelvis,pain,2.498107194,81.63265306122449,1.8361087872430653,0.295,84.7681616162892,50.82396974898739,1.3273258905267458,21.87523068058163,5.370884397419196,3.8791638462585913,2.270221963710592,-13.289779348850043,0.0,1.0
100502,47.0,Female,171.0,80.4,27.5,injured,Foot,plantar fasciitis,1.92406395,68.96551724137932,1.6739356365529292,0.4975,,57.08012955718205,-1.7292814314829923,26.23198144536316,14.079220200536122,-3.934092099016421,5.542573440163414,-5.800423632239919,5.025125628140708,1.36
100503,55.0,Male,182.0,75.2,22.7,healthy,No Injury,,2.505472617,80.0,1.8791044628872668,0.33,86.0764285633349,46.39290991983688,-0.944596125535388,21.92349282010482,6.68502321476832,3.367838142423812,8.594574453299298,4.551486688381429,3.030303030303033,1.09
100504,71.0,Male,177.8,81.5,25.8,healthy,No Injury,,1.172047816,86.02261048304214,0.8170933941342355,0.2937499999999999,62.99426773919083,41.43058085997083,-16.82934624308081,19.129173694914314,10.344871065148675,-0.8868074767168359,1.969898303472836,1.656955863766986,-4.255319148936175,5.9
100505,49.0,Female,120.0,74.1,51.5,healthy,No Injury,,2.277330933,84.50704225352112,1.616904962111017,0.305,63.28703264413838,38.99551541381241,4.210889053259884,20.254905882612164,6.364457373322123,-2.473000436640312,7.521198237872997,0.7284263749237617,0.0,1.16
100506,56.0,Female,157.0,69.9,28.4,healthy,No Injury,,1.928622427,90.56732740943266,1.2777123579976812,0.29,50.10407150035576,30.99138667754993,3.450980240101491,13.67189152586418,10.995544739158726,-2.553550303985741,4.6511416692889735,27.3579518019488,-6.896551724137917,1.04
100508,49.0,Female,165.9,52.8,19.2,healthy,No Injury,,2.484915771,81.08108108108108,1.8388376703529608,0.32,78.85296097313466,50.64969991900088,11.463179064532838,24.068386196938995,5.696168093974379,-0.4972307911983691,6.147198187544973,3.3318484196755747,3.1250000000000027,0.89
100509,58.0,Female,165.0,79.8,29.3,healthy,No Injury,,1.817316509,83.91608391608392,1.299381303705773,0.3125,48.495984602181125,42.40391552795916,-6.293799937523432,15.696362309584956,10.727531161254822,2.520126199178593,8.773057789088002,-1.9478920262943555,1.6000000000000014,1.11
100510,31.0,Female,172.0,96.3,32.6,healthy,No Injury,,2.22928742,82.1917808219178,1.6273798163891542,0.3175,72.36870692574718,42.249246394562576,6.2933582286586685,21.596792092430896,9.61959713399838,0.9278034732719114,8.924579417319691,-0.683233903307694,1.5748031496063006,1.03
100511,62.0,Female,150.0,57.9,25.7,healthy,No Injury,,1.618794944,83.62470862470863,1.1614853725026857,0.2975,66.45324466665926,50.95148786852279,-9.829037822669717,22.419574092931843,14.021719683464326,-0.4204578319019603,2.416211142139896,4.451972991864352,1.6806722689075646,1.83
100512,49.0,Female,156.0,55.1,22.6,healthy,No Injury,,2.208900581,84.50704225352112,1.5683194124562585,0.2725,89.86677486822634,47.57635658683786,3.16935217418546,20.916047745027413,11.678384351852175,0.7577159578416799,3.9967472492670897,6.275629156720735,5.504587155963307,0.68
100513,31.0,Female,178.0,86.0,27.1,healthy,No Injury,,2.714143166,78.43137254901961,2.076319522234171,0.33875,86.05874472011885,51.65608349476284,4.716594882160981,24.58550224997428,11.024239738431762,2.5030996683097,8.014201896867991,-8.688746772897842,3.690036900368991,0.93
100514,48.0,Female,166.5,90.8,32.8,healthy,No Injury,,1.836702237,78.43137254901961,1.405077211298527,0.335,77.6352918178938,47.766925666285175,-1.133800078325372,21.22518394460854,8.107519868840006,1.1177861670135287,4.219671216039812,-6.336432545116049,-2.985074626865674,0.8
100515,48.0,Female,175.0,68.8,22.5,healthy,No Injury,,2.489415682,82.1917808219178,1.817273448158423,0.305,91.94422262553672,51.62382196043295,4.523010803707388,23.306438840603327,8.406963335812259,-1.355066879231878,5.67330846329286,4.449485956845044,6.557377049180334,1.1
100516,56.0,Male,186.1,93.1,26.9,healthy,No Injury,,2.494803389,79.73509933774835,1.8773395503329304,0.30625,91.98631583793428,44.906625045135655,4.4900648617307,18.88785123994383,15.30691712784408,0.1146786185640773,6.301111301248859,4.218264170796785,2.4489795918367365,1.06
100517,46.0,Female,163.4,68.1,25.5,healthy,No Injury,,2.263517049,82.75862068965517,1.6410498602133057,0.3075,79.66127335347636,48.01495009249801,-1.0894765158627029,22.793377845662604,14.637979874825248,0.5639085018300622,3.346004452128238,0.996150675241084,-1.6260162601626031,1.31
100518,44.0,Female,167.0,64.9,23.3,healthy,No Injury,,2.312430171,85.71428571428571,1.61870111994443,0.2975,70.07311312638336,43.35080412865099,8.251652012870863,19.05111284364392,8.55630377438169,0.3674672382975603,3.036016719189905,17.283356329933067,1.6806722689075646,0.94
100520,65.0,Female,,,,healthy,No Injury,,1.632804932,70.79707622694048,1.3838021796672582,0.5125,66.31711076668125,39.143070476771314,10.495371529092925,19.213243498259345,11.09704827498787,-3.5340768284772475,6.833732936753517,13.408937376895016,-0.975609756097562,0.89
100525,53.0,Female,173.3,60.4,20.1,injured,Knee,patellofemoral pain syndrome,2.540834183,82.1917808219178,1.854808953844329,0.2725,84.46600713162911,48.49112791758832,13.483126519868469,22.276270396855622,13.987204091312638,0.8385822199662853,4.20294253401123,11.163397458924628,-1.8348623853211024,0.82
100526,37.0,Female,153.9,42.5,17.9,injured,Foot,pain,1.934351466,80.0,1.4507635995183648,0.32,78.52158667861414,48.418931522890816,5.7552630982754565,24.66577089765464,5.706261309883939,-1.7834222828163415,3.1348605673507928,-12.63877302833814,6.250000000000005,1.61
100527,54.0,Female,166.6,59.6,21.5,injured,Knee,pain,2.439896104,83.62470862470863,1.7506254545356903,0.315,66.53623736378614,42.216155687388365,10.106192680698456,23.49813865493416,11.340288378225209,2.91227177742391,3.954266017602905,-6.979221128152588,0.0,0.81
100528,48.0,Female,165.1,57.3,21.0,injured,Thigh,hamstring muscle strain,2.482452923,89.55223880597015,1.6632434582754108,0.2875,76.59381125586282,46.211248555243046,11.66816205304668,20.80624924123538,10.24380627561185,0.9011667791518174,5.620456782492777,12.972379889740973,-1.7391304347826104,1.17
100531,31.0,Male,183.7,78.8,23.4,injured,Lower Leg,other,2.727906705,83.91608391608392,1.9504532943651816,0.3025,81.15071735513578,44.89574511207411,11.301887556499288,19.09828770824432,7.1081412759451466,1.7575985724826908,7.180867819471745,4.898989578425662,4.958677685950418,0.97
100532,50.0,Female,169.0,69.4,24.3,healthy,No Injury,,2.219000476,85.71428571428571,1.5533003334284103,0.305,68.84619824903405,35.712371170001845,3.905391435400551,16.905855179111,10.238623744885574,-0.1642717937171185,7.927126061304689,12.389128703990965,-3.278688524590167,1.58
100534,37.0,Male,175.1,79.1,25.8,healthy,No Injury,,2.352645176,80.53691275167785,1.7527206564857998,0.3175,77.35540048446904,48.35194990988049,3.15127983852132,25.06655082318177,8.938926697275992,0.7452181893321468,8.400851219068457,-5.26682499189649,-4.724409448818902,1.28
100535,57.0,Female,164.4,72.4,26.8,healthy,No Injury,,2.125723061,83.91608391608392,1.5198919889426616,0.2825,83.27007880928005,46.05316768933499,-4.227453460261093,19.73976613648687,10.94956311444837,1.5201538066828602,7.65820533922329,-1.2620112530970455,8.849557522123883,1.14
100536,50.0,Female,161.1,63.6,24.5,healthy,No Injury,,2.336604259,89.55223880597015,1.565524853218632,0.2725,67.81961177945729,43.91927251435612,10.026336610530576,19.64075715324088,11.39866012934932,-1.1873085997368944,3.477803178949074,-0.1491382148976733,1.8348623853211024,0.94
100537,,Female,173.1,67.6,22.6,injured,Hip/Pelvis,other,2.12744077,80.0,1.5955805774910246,0.32,79.94231012896157,49.39473226921069,-7.756262028042013,21.992112512819794,8.357316901906412,-0.3180762288348298,6.459079617707192,4.462843676322574,0.0,1.44
100538,30.0,Female,157.3,50.7,20.5,healthy,No Injury,,2.775028337,88.88888888888889,1.8731441276292624,0.275,77.07003883216771,44.69705634532032,6.258008231375703,20.61786927189164,10.087751683733751,1.481113513229086,8.375002804422211,6.140006593137809,10.9090909090909,1.08
100539,25.0,Female,168.2,59.5,21.0,injured,Foot,first ray tendonitis (turf toe),2.628503944,85.71428571428571,1.8399527609945925,0.285,83.12912699909418,47.92596252320173,10.824066052308924,23.32344907864765,14.518138546893304,-2.0788763715241414,7.17339796243873,-1.6059696808514332,3.5087719298245448,0.96
100540,31.0,Female,172.3,81.0,27.3,healthy,No Injury,,2.505872701,81.35686707115278,1.8480811167394884,0.3399999999999999,80.3480011029855,49.21453126283056,37.82248052726238,23.370867821589343,17.735810014784157,-1.2602573491486262,3.151538523818064,14.311145949677329,-5.88235294117646,1.46
100541,38.0,Female,167.3,63.0,22.5,healthy,No Injury,,2.731207162,82.75862068965517,1.98012519218306,0.2925,87.6400683604021,43.19787430530988,17.9411163629987,20.707643020357413,13.717123220205613,0.7710230585036799,7.232278131376328,5.315784509038014,1.709401709401711,1.23
100542,19.0,Female,164.5,61.3,22.7,injured,Ankle,pain,2.624087477,79.47019867549669,1.981186044933678,0.31,90.92430108866574,48.50751887484788,9.129546894436611,22.39244983773533,13.6159881990889,0.6907626132372022,9.137816792271138,4.970691972037532,0.0,1.17
100543,38.0,Male,189.4,76.3,21.3,healthy,No Injury,,2.931836641,81.08108108108108,2.1695591145879627,0.315,85.9549358375213,52.899411248293696,5.338208132739602,25.90524189903511,4.759879625844468,-2.264913474231433,9.179605091428138,3.062945717195981,0.0,1.03
100545,30.0,Male,182.3,78.4,23.6,healthy,No Injury,,2.744597338,80.53691275167785,2.044725016766275,0.3075,97.83776712280768,45.74501548637527,83.38017939011901,25.045789780261103,11.231545051882431,0.6333910489168474,8.45943717636908,-4.869751664673129,-1.6260162601626031,1.16
100546,28.0,Female,166.0,59.4,21.6,injured,Foot,other,2.633631246,91.6030534351145,1.7250284659036463,0.3,69.10146919103653,33.7429720752728,15.367405685344574,20.714634591208384,15.307623756339698,-1.7307641163533103,6.531702437097188,3.532452956406884,6.666666666666673,0.92
100547,52.0,Male,177.0,74.5,23.8,injured,Lower Leg,other,2.7176278,77.92207792207792,2.092573405690955,0.305,88.01188177940546,49.34812510837316,10.002813371957728,22.491802689100453,8.788339673639339,0.1328360230020404,9.224154835176126,-7.379383112437472,6.557377049180334,0.72
100548,53.0,Female,175.1,56.7,18.5,injured,Foot,plantar fasciitis,2.726567442,80.53691275167785,2.031292744546681,0.33,78.4855615870122,50.64323766783876,10.58647306254531,26.039275630669582,6.402806312891301,1.2588787596507118,5.023880911049241,5.633963417269929,0.0,1.86
100549,24.0,Female,179.5,70.0,21.7,injured,Hip/Pelvis,bursitis,2.702680488,79.47019867549669,2.040523768259122,0.32,99.08710866209113,51.855494991502695,14.705570662604682,23.992360274836702,11.888781983736852,-1.3203138137571515,3.353074469785096,-3.598222348116164,0.0,0.98
100550,57.0,Male,176.0,70.1,22.6,injured,,No injury,2.733437933,76.6780989710926,2.1389151825294688,0.335,90.07794798287642,46.19186112700114,20.16759561072623,28.334988623072064,7.218274729094331,-2.816780564614249,9.7671849672074,2.3092171140570468,2.985074626865674,0.97
100551,56.0,Male,176.0,83.8,27.1,injured,,No injury,2.755183491,85.71428571428571,1.9286284436385448,0.255,83.42322641413921,37.9535873512007,12.906865740039937,23.552210383368543,10.767331298088587,-1.2143572091981498,12.001296026523429,6.015103014371732,-3.921568627450984,1.92
100552,58.0,Female,163.0,48.6,18.3,injured,,No injury,2.729687669,83.04597701149424,1.9721993407682483,0.235,90.73681084177215,36.217613146373246,13.08159352597687,21.358581379466187,9.169750479923824,-1.7401591231767086,4.933391911190737,5.605696093308181,-4.255319148936162,0.98
100553,57.0,Female,165.5,56.9,20.8,injured,,No injury,2.708736865,86.33093525179856,1.8825721214207305,0.28,88.09010137155539,36.20047365655499,21.14664062826254,23.87928177569465,15.42668976986624,-5.513432707997554,5.8085915065541815,-1.499439027703487,3.5714285714285543,1.06
100554,66.0,Male,169.5,67.0,23.3,injured,,No injury,2.705999655,95.23809523809524,1.704779782805482,0.2875,68.09469174527425,38.92940797086925,7.428466001610373,24.70950364543122,10.574755313073885,-0.6514245582337708,9.527833521480332,-2.3880190179360805,1.7391304347826104,0.96
100555,68.0,Male,162.0,67.8,25.8,injured,,No injury,2.268687252,82.1917808219178,1.656141693992612,0.31,73.06632566888425,41.10320429418876,10.804537711084745,24.540612495811445,7.7877339141441855,-0.6047028821566915,7.52972924132848,19.41022598834097,-6.451612903225812,1.93
100556,57.0,Female,161.2,72.7,28.0,injured,,No injury,2.305368432,93.75,1.475435796435342,0.2675,60.11183508749031,39.66340382058549,7.784499872929974,22.54534200192995,12.18803582106458,-1.4767769874747565,6.867294244261199,4.397052451209775,1.8691588785046744,1.49
100557,57.0,Male,178.3,75.9,23.9,injured,,No injury,2.697751131,88.23529411764706,1.834470769293001,0.305,49.76338966259493,41.72453404604889,15.013240270487014,23.000972994601128,7.905652752443554,-2.2670068512312334,10.639699009465726,10.562268518241476,3.278688524590167,1.13
100558,61.0,Male,172.0,73.4,24.8,injured,,No injury,2.760131564,91.6030534351145,1.8078861747080763,0.2525,70.22879544943464,39.38825071400134,4.109014532620227,21.40118881023312,4.05748533898812,1.3977116470893622,6.396382755789022,11.629191760165495,1.980198019801982,0.95
100559,70.0,Male,176.2,73.8,23.8,injured,,No injury,2.28002658,81.08108108108108,1.6872196690041052,0.3075,88.44924059121715,41.174392071910994,13.599595592540773,23.394646164764502,9.921799021385793,0.4999203079242018,5.676046910020611,7.092310071436594,1.6260162601626031,1.2
100560,33.0,Female,179.3,83.0,25.8,healthy,No Injury,,2.657365308,75.0,2.125892246608005,0.4225,112.77676113008016,49.16572180408957,17.74030473796471,23.18519800771132,16.91662668908202,-0.9085169485118236,3.19685918699506,0.0340557799886382,-1.183431952662723,0.69
100563,59.0,Male,173.0,68.3,22.8,injured,,No injury,2.709940597,83.91608391608392,1.9376075267055075,0.28,85.17176265620628,36.32009305429485,17.975611800220687,20.025397001973893,12.015144585075284,0.8464096482638701,5.667241227927348,4.522739288754117,3.5714285714285543,1.51
100564,54.0,Female,163.7,64.6,24.1,injured,,No injury,2.721704013,94.48818897637796,1.7282820483934151,0.285,56.90305557347807,40.26986753941665,11.94110832741346,21.713650435915564,10.520503192425778,-1.0400217670093528,6.202538548851348,7.164032985062074,0.0,1.28
100565,40.0,Female,171.2,60.0,20.5,healthy,No Injury,,2.640292087,88.23529411764706,1.7953986194767262,0.29,77.42014674837844,44.53491324449149,9.570122476154424,18.66939736928516,7.45915511744089,0.4112358603235591,5.73362920844942,7.190817020838614,3.448275862068969,1.14
100566,64.0,Male,172.3,66.5,22.4,injured,,No injury,2.723852257,86.6437284954645,1.8862676878838749,0.2625,84.45838861813996,43.27841768213362,11.724146052938504,22.502012698687185,6.903619368939749,-1.6519457747406825,5.162416918233259,17.33303812229191,-13.333333333333345,1.26
100567,58.0,Male,170.0,63.0,21.8,injured,,No injury,2.739426531,88.88888888888889,1.8491129081592683,0.2774999999999999,68.70853465428513,41.95508103856166,15.696768525173264,23.27936873071196,7.638506732182344,0.3310137990710546,6.08202769017436,3.4529417912191653,5.405405405405391,0.87
100569,64.0,Male,177.6,74.0,23.5,injured,,No injury,2.718036871,88.23529411764706,1.8482650724171992,0.285,65.40330093327398,44.098568865546525,12.378350874827692,23.35552450137279,7.637765137391781,-2.458366398330311,9.579155165429311,10.32259072152918,-7.017543859649109,1.19
100570,30.0,Female,150.6,51.1,22.5,injured,Knee,PFPS,2.722116026,86.33093525179856,1.8918706378155512,0.2975,92.5435066168214,48.38194770979291,4.811090444375119,21.021161993008,6.940868232983222,-0.2184798948513542,7.208243950583446,0.2610858377002969,8.403361344537823,0.91
100571,61.0,Male,168.2,66.3,23.4,healthy,No Injury,,1.994033164,84.80671261612227,1.4107784638259195,0.2774999999999999,78.16065591234704,42.56480106691436,6.413478271778232,20.730850301064024,7.613127430213327,-2.0926732824794088,8.344495208966759,-13.936627235156088,5.405405405405391,1.01
100573,41.0,Female,173.8,69.4,23.0,injured,Knee,PFPS,2.727170634,80.0,2.0453779757272,0.3175,107.7646191436002,40.78456362665919,17.868955828799198,21.81811415329048,11.524372212646677,-0.0090933272552549,6.283186529717232,20.75823215553684,1.5748031496063006,1.01
100574,31.0,Female,170.8,67.5,23.1,injured,Knee,PFPS,2.692407776,82.1917808219178,1.9654576762896063,0.295,102.98749077526875,46.835191614971286,19.525390736198915,21.60338608696468,19.074323126766103,-2.610730080402355,9.365272984533338,-8.858856271767038,-3.38983050847458,0.92
100575,36.0,Female,178.4,67.8,21.3,injured,Knee,PFPS,2.74848324,84.50704225352112,1.95142310071474,0.2975,73.50512821734549,46.79381364396627,17.49233689150982,23.6326323996516,9.592706543117142,-0.0440045262502539,4.3522926802886905,-10.364255555664098,1.6806722689075646,1.02
100576,56.0,Male,185.3,79.9,23.3,injured,,No injury,2.698983171,75.47169811320755,2.145691620623567,0.3025,111.51299666847186,43.78737084024236,15.329396745642462,24.768837897524,14.06008371129699,-1.2035674268459682,8.081024257163913,9.179347569788126,-1.652892561983473,0.69
100577,57.0,Male,168.7,79.7,28.0,injured,,No injury,2.241434871,83.33333333333333,1.613833107210256,0.32,77.0697118404994,46.83541524951537,18.81226233037605,22.980782458531856,4.333121532181543,0.8301658439336744,5.9122130655143845,10.910171591046108,-3.1250000000000027,1.21
100578,66.0,Female,165.7,68.5,24.9,injured,,No injury,2.270624852,94.48818897637796,1.4418467808162856,0.2725,45.14254117310185,39.13324197585819,0.4129213377514804,22.09174977438365,11.00122416440255,-2.110077209312822,3.4265120501155817,3.9926705660183255,-1.8348623853211024,1.02
100579,58.0,Male,176.1,72.4,23.3,injured,,No injury,2.69831922,83.91608391608392,1.929298242152276,0.3025,85.68289627950321,45.67387805763781,15.003874068673904,21.370705546562093,7.131307338267747,0.2736668977632279,3.93139319877104,0.2806156137056727,4.958677685950418,1.39
100580,50.0,Male,178.2,72.5,22.8,healthy,No Injury,,2.634773505,83.33333333333333,1.8970369239196243,0.255,91.13895820710012,41.81733662385524,8.130443258429914,21.427325790487536,7.715389717841038,-0.3067727282690491,9.765647725041909,-2.374818065400763,-3.921568627450984,0.97
100581,37.0,Female,164.2,50.6,18.8,injured,Thigh,ITB syndrome,2.637239606,85.1063829787234,1.8592539225516247,0.2575,94.32809947268956,51.90505985784385,0.3088785484318141,23.363302985380244,5.136567375635217,0.3767831884159995,6.580509693949153,2.8094260674031823,5.825242718446607,1.03
100583,64.0,Male,177.4,75.7,24.1,injured,,No injury,2.716776993,82.75862068965517,1.9696633196970483,0.2675,86.72113065930967,39.74126176190442,9.394680236941165,21.50029038196536,7.595975276498919,-2.417577010201107,9.122326988346485,7.11491777471665,-5.607476635514024,0.96
100584,55.0,Male,191.0,97.3,26.7,injured,,No injury,2.70997271,73.84685298795728,2.201852826625588,0.325,114.31361625219756,46.12873540021471,10.073737334564123,26.47680632174004,13.808082246484918,-0.3675822820023806,6.412267846841679,-6.052722929704884,-3.07692307692308,0.93
100585,43.0,Female,164.2,56.4,20.9,injured,Thigh,hamstring muscle strain,2.588485049,87.4325610917169,1.776347865105984,0.255,81.67554912203934,44.81361164698245,11.832614016239685,21.17005005013147,9.560730987954226,-1.065272828272281,4.27592442696765,-11.38140638418682,3.921568627450984,0.78
100586,43.0,Female,159.3,92.2,36.3,injured,Foot,plantar fasciitis,2.01906994,78.43137254901961,1.5445885043905432,0.34,82.4429203434565,42.834965283028026,24.151635056381508,20.502455367492363,14.800240759093525,5.711999708289361,9.850503403207458,7.457928875424396,0.0,1.04
100587,32.0,Male,188.6,77.8,21.9,injured,Lower Leg,shin splints,2.726318316,84.50704225352112,1.935686004321113,0.3025,79.11376882229007,46.41505519442008,17.46765121963638,24.87655469540428,13.115714462200415,-0.3259972457935227,8.345733468602301,-6.117145597745552,1.652892561983473,0.94
100588,50.0,Male,179.3,93.9,29.2,injured,Foot,other,2.215078225,75.9493670886076,1.7499117975309348,0.3325,86.9005295670616,41.63207520732004,5.7024920242073645,20.835414174659743,8.716368190829733,2.691266376875767,7.075463455217466,-6.920446640769649,1.503759398496242,0.94
100589,40.0,Male,173.6,76.4,25.4,injured,Knee,pain,2.324584504,72.50821467688938,1.9235936772224176,0.355,113.93732052233725,49.64815755413496,11.540239528442596,26.1942411803094,12.228618656310864,1.779591499357818,6.482048719841471,1.9109480924505629,-2.8169014084507067,1.29
100590,45.0,Female,167.5,65.5,23.3,injured,Knee,other,1.930832218,79.47019867549669,1.457778324915082,0.335,73.20150419356753,42.61233850689253,6.74817905842159,22.73817197840029,13.566858230179609,1.2765620763570884,7.0734221733376845,-12.98568508609349,0.0,0.86
100591,51.0,Male,173.0,67.3,22.5,injured,Hip/Pelvis,pain,2.231839327,80.53691275167785,1.662720298561764,0.3075,91.84067481404202,43.647545785182,7.316754420095805,19.44550541292307,6.728493669766999,1.519127476943836,9.756202826798445,5.813263329948671,-1.6260162601626031,1.1
100592,47.0,Female,170.0,57.3,19.8,injured,Lower Leg,peroneal tendonitis,2.13592292,81.08108108108108,1.5805829608233006,0.34,59.5681931271954,47.55227066947961,8.741266381318763,24.813990154586108,8.730296150430474,-1.1165037611158488,5.215362622364788,6.065394249315201,0.0,1.16
100593,41.0,Female,166.1,68.9,25.0,injured,Thigh,ITB syndrome,2.224377814,86.6437284954645,1.5403816362954683,0.305,77.03981830434583,41.131247530784776,6.578236850845573,19.095089495393697,13.388786364818433,0.0305462852045472,12.261871337913226,13.34374298663449,3.278688524590167,0.83
100594,44.0,Female,156.6,48.9,19.9,injured,Thigh,ITB syndrome,1.695625109,89.38640132669983,1.138188354654237,0.2725,59.00379652189119,35.68166474208017,-1.4373276180289305,15.653663277554417,3.666517708245512,2.5529404878412705,3.9413240291931095,-40.57483252844751,1.8348623853211024,2.34
100595,50.0,Female,154.6,64.5,27.0,injured,Lower Leg,calf muscle strain,2.223969317,80.0,1.667976988044387,0.295,87.96292473590947,49.52853796280569,1.2058551424542023,24.23273438231848,11.02309736346725,-1.6895335944597056,4.656003485890644,6.467632725087212,3.38983050847458,0.93
100596,52.0,Female,163.0,63.6,23.9,injured,Hip/Pelvis,pain,2.441503959,73.84685298795728,1.983721966921908,0.33625,94.4982970912352,52.06260751800716,8.942078924448769,25.58118690475077,9.872684652475732,2.1105940633157445,8.525333435156393,-0.5491252479262219,2.2304832713754665,1.03
100597,26.0,Female,161.9,59.3,22.6,injured,Lower Leg,calf muscle strain,2.230620329,82.75862068965517,1.6171997385845989,0.3225,63.79675209881708,54.58344638648462,10.498262832342862,25.75574562091964,10.943363225161043,-0.0976901594321127,2.9496985913305203,9.920540204296197,1.5503875968992262,1.49
100598,41.0,Male,178.8,82.5,25.8,injured,Knee,PFPS,2.721357301,76.43312101910828,2.136265481003916,0.3025,112.99405749310544,46.09921945723968,9.387266428322343,20.39756266753863,7.308198513806328,-0.6218076251205484,8.323431791426074,-0.3296564835722219,1.652892561983473,0.82
100599,34.0,Male,159.1,54.0,21.3,healthy,No Injury,,2.633930293,92.3076923076923,1.7120546905144618,0.265,68.98038360468371,45.29334890289008,13.232933431385586,20.72753302859966,9.223774277511112,2.9047158976287584,7.71308462566023,0.4179228793396872,-7.547169811320761,1.0
100600,37.0,Female,168.1,54.3,19.2,injured,Hip/Pelvis,other,2.464453007,81.63265306122449,1.8113729603419568,0.2975,98.76405125974944,47.87247099941921,9.531006175004586,20.626341284154627,12.105518310629904,-2.2075344720970884,12.30371695121632,17.03923991650498,-1.6806722689075646,0.98
100601,60.0,Male,181.3,105.4,32.1,injured,Ankle,achilles tendonitis,2.028702333,75.0,1.622961866695532,0.38625,49.843121013833866,44.29586981136337,1.0707617170935158,17.778183718220458,5.883599240203543,2.193519664664481,13.377322393600505,10.709178135914575,1.941747572815536,1.18
100602,43.0,Female,155.2,59.4,24.7,injured,Foot,metatarsal stress fracture,2.090126974,80.53691275167785,1.5571445955198926,0.315,88.2354482703077,53.300805264036384,11.27293123256777,23.18045447035444,19.234274064613945,1.2454064134870455,6.657066646095844,1.922898236802294,3.174603174603177,1.22
100604,38.0,Female,158.3,61.0,24.3,injured,Knee,other,2.435167828,84.50704225352112,1.7289691575515187,0.3025,71.36569093961774,51.14421503795111,2.366454820121242,24.144003959050977,10.082157370805415,1.4004505822388555,7.759968452552423,-4.067262189466189,4.958677685950418,0.93
100605,46.0,Female,168.5,52.0,18.3,injured,Knee,patellofemoral pain syndrome,2.352882814,76.43312101910828,1.847013009232903,0.305,102.58594056661008,49.530365572171874,4.816786765078696,24.77758800985255,10.212525372136357,1.7533228555216285,2.7874289579716347,5.687829283946163,0.0,0.96
100606,33.0,Female,156.7,55.1,22.4,injured,Lower Leg,shin splints,2.329921893,83.33333333333333,1.6775437629322467,0.3225,70.44918110569938,49.32697278847003,6.488340811136452,23.5249526701849,8.6981002393776,-1.057351482272613,5.6835860341139295,-9.70711971057393,1.5503875968992262,1.76
100607,32.0,Female,160.0,55.3,21.6,injured,Ankle,ligament sprain,2.344892869,84.50704225352112,1.664873936761646,0.2925,80.36881913884517,45.589755597535074,9.66963994744406,23.27508441427576,10.464937495310272,-0.2994773293541062,9.41228724811717,1.6112977418550667,1.709401709401711,0.86
100608,59.0,Male,172.0,70.4,23.8,injured,,No injury,2.740421432,82.75862068965517,1.986805538001896,0.2575,95.2192684944639,45.179889076881096,7.812794858352589,24.752107018027186,3.651914737302029,-0.8494802560572903,6.949690077428079,10.376674173470931,5.825242718446607,0.89
100609,61.0,Male,178.5,89.7,28.2,injured,,No injury,2.742607486,95.23809523809524,1.727842716044968,0.265,69.22438714641967,30.85121920322503,10.683763345578829,18.64217492974533,8.896145296368353,-1.5706845765371626,9.859976802625711,-0.365080663059558,0.0,0.74
100610,59.0,Male,177.2,88.8,28.3,injured,,No injury,2.254638387,81.63265306122449,1.6571592146204883,0.32,52.60395117562712,32.67414936753727,2.080148024661071,17.79598337470015,15.44496648731668,-1.3262317221850837,5.171535727735713,31.0021999769737,-3.1250000000000027,1.37
100611,64.0,Male,181.5,83.7,25.4,injured,,No injury,2.711356052,85.1063829787234,1.9115060169700149,0.2975,74.18159389802827,42.683439913036125,-3.2481248346806786,21.00366602488557,2.8711064425158703,0.1421771116595029,6.907102502523587,-1.5599000921607864,1.6806722689075646,0.91
100612,60.0,Male,178.5,87.0,27.3,injured,,No injury,2.272613092,82.75862068965517,1.6476444914010315,0.31,75.5198011826738,41.66795117617113,15.857048315356108,21.975777153358628,11.106346599639634,-1.8084091271574048,5.6435167537839535,10.157288743472398,3.225806451612906,1.59
100613,61.0,Male,175.5,95.4,31.0,injured,,No injury,2.724930392,84.80671261612227,1.9278882520484923,0.3125,70.63338701807473,39.66770297385305,21.61340518412778,22.869845166663165,12.472121235297765,0.7273017084373046,9.793455728182431,-3.512924223360203,-1.6000000000000014,0.8
100614,62.0,Female,155.0,53.6,22.3,injured,,No injury,2.279603934,83.91608391608392,1.6299168126727397,0.305,73.96552850602802,47.98040957328191,9.759990347822376,27.29308508695331,11.817783137300587,-1.0289647568403448,6.53242660024085,11.526254994349127,-3.278688524590167,0.87
100615,56.0,Male,170.0,85.1,29.4,injured,,No injury,2.724490592,90.22556390977444,1.811786243961432,0.3025,70.46287714137083,41.63733190066529,10.31434145795164,22.93493895390436,5.463152761087564,-1.5229254300223771,7.433329583112606,3.057574623760876,-1.652892561983473,0.93
100616,56.0,Male,176.4,82.6,26.5,injured,,No injury,2.758851727,90.9090909090909,1.820842139674106,0.2725,67.9595660262139,36.62520480870752,16.947298449089395,21.52658072912037,11.028666744391028,0.8489605490034735,7.6966866242431795,0.6590780278129645,-1.8348623853211024,0.87
100617,59.0,Male,186.1,85.5,24.7,injured,,No injury,2.697845481,73.17073170731707,2.212233294696828,0.3225,121.28258632820052,47.30473090997664,2.847252263870356,25.06033407143864,6.963738331939871,0.7583136528551726,9.067456854196609,0.3966896747137451,-4.651162790697678,1.24
100618,59.0,Female,156.2,55.1,22.6,injured,,No injury,2.260583087,75.47169811320755,1.797163554347125,0.3725,71.66369052475409,52.07698325463578,15.081099174884177,25.45285246775655,8.64982593111285,-0.5784642876199086,3.4780594953608364,14.8898829395275,1.342281879194632,1.0
100619,60.0,Female,158.5,71.5,28.5,injured,,No injury,2.251452816,80.53691275167785,1.6773323480372773,0.3275,82.31074370818828,43.91495748631118,16.780486863962132,22.398634701526863,12.47340896438068,1.5342429777843631,4.533268554999147,-5.869754572950231,-1.5267175572519096,0.89
100620,66.0,Male,181.2,68.4,20.8,injured,,No injury,2.717064677,83.33333333333333,1.956286567133612,0.325,67.60692493863252,49.440993767225365,10.48608351834906,27.71196804951145,7.39664360281848,0.8831507946936396,6.533706335575757,6.23466586823734,0.0,1.08
100621,41.0,Female,173.2,83.1,27.7,injured,Foot,plantar fasciitis,2.041316152,77.6707163803938,1.5769167270904734,0.33,90.1454075474735,49.221363015782046,-7.866604773133405,21.073975143049665,16.387561449099906,-1.6714073036132129,7.781447811369463,3.004144226619341,3.030303030303033,1.12
100623,56.0,Male,173.2,80.0,26.7,injured,,No injury,2.721140697,88.56209150326796,1.8435728225301349,0.2625,83.04870651819778,37.0742773908042,13.945338376655172,20.6249852568928,13.088432103019596,0.2474577381829621,8.882189387111582,17.418220943978124,5.714285714285719,0.79
100624,60.0,Male,166.0,69.2,25.1,injured,,No injury,2.747837571,89.55223880597015,1.841051172607988,0.285,68.21933769866098,49.2751132626592,10.479663123420693,26.75945960059681,3.2837618594182114,-0.0515982151463592,7.787241755175961,-0.1632368413546634,0.0,1.05
100625,63.0,Female,166.3,56.8,20.5,injured,,No injury,2.269966525,86.33093525179856,1.5776267349188249,0.305,50.83411061683228,45.4733841315434,-9.75570252336076,24.95940199402859,8.087414785302368,-1.8914776292708124,0.5478168975805795,2.4568094236958973,0.0,1.35
100626,66.0,Male,180.1,93.9,28.9,injured,,No injury,2.284913288,78.43137254901961,1.747958665623818,0.3325,76.09879954531272,43.66889207337315,9.845675059168538,23.91796507705349,7.990819452441812,1.840917471703655,7.792030547258749,-8.338200771180688,1.503759398496242,1.11
100627,55.0,Female,169.1,54.6,19.1,injured,,No injury,2.727341531,93.02325581395348,1.759135287381354,0.2725,67.6171211518494,47.91148934607175,6.374524407872052,24.741766456485774,8.196383271680107,-1.1849486855867677,4.827034790589442,-1.7865614449154814,-1.8348623853211024,1.41
100628,58.0,Female,166.0,59.4,21.6,injured,,No injury,2.719796527,82.1917808219178,1.985451464912113,0.33,74.78336007455596,54.35591084236252,22.02137737937131,28.957855278793307,8.797156875977015,-2.416796520985654,3.606093420496759,-3.450625364648709,-3.030303030303033,0.9
100629,65.0,Female,165.5,66.6,24.3,injured,,No injury,2.2621979,79.47019867549669,1.70795941446771,0.345,83.2292745519776,45.14501051815836,7.272021992685678,27.57606868853815,13.704683042509377,0.1199920486249102,5.769601823032129,-6.258046928226185,2.898550724637668,0.94
100630,41.0,Female,167.0,62.7,22.5,injured,Other,fill in specifics below,2.241651677,80.0,1.6812387577098735,0.3325,68.97779627285104,48.40684004243813,8.288169644440767,22.31281344408321,9.92841742914766,2.4182417799198754,6.765695091063094,-3.572098411108118,1.503759398496242,1.03
100631,50.0,Male,181.3,76.6,23.3,injured,Lower Leg,calf muscle strain,2.728438889,71.00591715976331,2.3055308614309484,0.33875,139.9142819561887,53.94043481837447,13.446952990364297,25.680726516914163,7.597774950346381,2.10938585383238,6.715467327944028,4.129401303174277,-3.690036900368991,0.92
100632,63.0,Female,166.5,61.4,22.1,injured,,No injury,2.747837571,89.55223880597015,1.841051172607988,0.2875,68.21933769866098,44.72711441249728,32.341193663274794,28.92592730221032,6.484616222794092,-3.620527469779157,11.020941373544828,1.431589635071019,1.7391304347826104,1.05
100633,68.0,Male,175.7,88.5,28.7,injured,,No injury,2.268429756,82.75862068965517,1.644611573252685,0.3,88.4678364171337,44.019578994770114,7.785170266405688,21.873025551024945,10.079683425488325,-3.3761563001527573,7.049145124220216,1.8634074851861704,0.0,1.37
100634,33.0,Male,188.4,94.6,26.7,injured,Knee,patellofemoral pain syndrome,2.7005508,77.92207792207792,2.0794241157461872,0.295,107.14833070260768,48.86899386775578,6.037344278010359,22.294095340624946,4.051581095884371,1.139570373195432,5.700074749195075,-1.4267989218144832,3.38983050847458,0.82
100635,29.0,Male,181.4,73.4,22.3,injured,Knee,patellar tedonitis,2.716236912,75.47169811320755,2.159408344839404,0.32,105.01937600215982,56.8127115777168,11.3420618645591,26.592980484515536,7.976376263804279,-1.9163214737604628,2.923465189009839,2.236020228806382,0.0,0.91
100636,61.0,Male,175.7,79.6,25.8,injured,,No injury,2.717682463,85.1063829787234,1.9159661364764984,0.28,79.56557726304217,44.983691283299706,18.77811919073641,27.804594069700524,6.523213608520878,2.6895910733262087,11.963234313294125,-0.6883101804763739,10.714285714285705,1.35
100637,65.0,Male,179.8,73.0,22.6,injured,,No injury,2.727377369,88.88888888888889,1.8409797241774528,0.2925,67.13784746341543,41.46570486949519,6.323116871442517,24.629065478156708,9.697672989226753,1.5149807620735591,6.318060730284305,18.49340018925692,1.709401709401711,1.22
100638,60.0,Female,170.1,69.5,24.0,injured,,No injury,2.30192312,86.95652173913044,1.5883269531095578,0.285,66.65438952071779,45.368659877047165,7.866955526386821,21.24691886070329,11.970581697385745,-1.8459731652400209,7.315490704396796,13.469250946225928,-3.5087719298245448,1.6
100639,25.0,Male,183.2,80.6,24.0,injured,Knee,pain,2.727794184,73.17073170731707,2.2367912309942977,0.3225,114.52842019336464,47.79568511428064,17.401277599685642,22.03528238446575,11.584345462311012,-0.3162569990344956,8.94727153281946,-19.9227773902461,-1.5503875968992262,0.9
100640,60.0,Male,184.5,75.8,22.3,injured,,No injury,2.731120251,87.27388130752142,1.877645172606464,0.275,67.54763760065987,41.69737384743446,7.527473262390824,23.067282377385,9.27198276613212,-0.0785873416616008,6.236146420658828,-2.8865189443192527,0.0,1.37
100642,37.0,Female,170.2,81.2,28.0,healthy,No Injury,,2.425061696,83.62470862470863,1.7399817672287252,0.325,76.71855973815957,47.08404653777954,4.67330801609527,24.681863712280148,10.287390533732175,-0.8068606968817167,8.052382926495078,5.64900466185644,3.07692307692308,0.86
100643,39.0,Male,183.6,81.9,24.3,injured,Hip/Pelvis,pain,2.653136706,82.1917808219178,1.936789795019845,0.305,93.9936386275013,38.62374940615112,8.193065870387375,20.89431515787036,9.222471494770565,-2.159446599959668,11.343644778328626,-1.3131394328872903,0.0,1.02
100644,57.0,Female,173.6,57.5,19.1,injured,Knee,pain,2.021356099,81.63265306122449,1.4856967324418755,0.3225,68.27995757474372,44.29587898428656,-2.282622977702143,22.301101421649808,8.684547772004684,-1.3131039703165055,2.210246186728026,-6.302975802189155,-1.5503875968992262,3.05
100645,48.0,Male,187.1,83.1,23.7,injured,Foot,plantar fasciitis,2.637820776,79.60264900662253,1.9882574099176296,0.33,89.34715933264607,47.69450504673763,9.128834869028273,25.43081475206852,9.417699138709263,0.9747161226328004,10.709308443080616,5.865351948295043,6.060606060606066,1.57
100646,33.0,Male,181.4,90.5,27.5,injured,Knee,patellofemoral pain syndrome,2.617139493,78.94736842105263,1.9890260143113927,0.315,111.5230559945504,49.3524174907482,11.547875926152908,22.877651891218484,8.80316887523312,2.6087955453078635,7.557349535395596,-5.803040461185619,0.0,1.21
100650,53.0,Female,164.2,58.8,21.8,injured,Foot,pain,2.330767536,81.08108108108108,1.7247679769880693,0.325,85.41786410232305,45.64699818209839,3.401330493370903,22.74025808486799,15.02865215246483,-0.5666735947896528,6.024905601751995,-0.0069080330343699,0.0,1.12
100651,35.0,Female,163.0,53.9,20.3,injured,No Injury,,2.725053251,86.33093525179856,1.8939120097457192,0.295,69.7046561908976,50.30370396133481,12.209551921675336,23.77945512394288,10.955116683652957,2.7738135537190014,3.075266922633816,-2.307748810902248,-3.38983050847458,0.88
100652,22.0,Male,181.3,69.6,21.2,injured,Ankle,achilles tendonitis,3.14251539,81.08108108108108,2.325461388390712,0.2725,104.3362540307656,49.6089003613028,10.667704547315342,26.03121663017553,12.41463198486602,0.566178178666604,6.261224983210767,13.38419824885289,1.8348623853211024,1.38
100653,53.0,Male,171.4,72.2,24.6,injured,Knee,other,2.271032469,81.08108108108108,1.68056402741863,0.33,51.94806573367674,46.9056078752662,-4.479307093821935,21.25775303386851,9.511733917924268,-1.9685847066993103,7.48121478680001,22.208565386836305,0.0,1.21
100654,37.0,Male,190.2,84.3,23.3,injured,Thigh,ITB syndrome,3.242315984,85.71428571428571,2.269621188531362,0.3025,78.73462805370082,44.93222972779333,2.914942628935312,21.610417615124103,5.173250719831565,0.0011634458078664,7.002409141905445,2.445667236529653,4.958677685950418,1.22
100655,33.0,Male,176.6,71.5,22.9,injured,Lower Leg,other,2.763734605,82.1917808219178,2.017526261314903,0.2925,84.4940799116784,51.99058580481263,13.323477266547936,27.134190603017064,10.813337658596929,1.596407489040169,7.054929774969015,0.7157444407256204,-5.128205128205133,1.06
100658,22.0,Female,172.0,69.0,23.3,healthy,No Injury,,2.434180335,82.75862068965517,1.7647807428437343,0.2875,93.78711220472172,43.7212061299501,12.862432813024618,21.6607713151716,12.208065522344857,0.2683143163634423,8.557517192854505,8.16459795269702,1.7391304347826104,1.03
100659,53.0,Male,176.2,83.0,26.7,injured,Lumbar Spine,other,2.25779039,74.07407407407408,1.828810216061024,0.3712499999999999,81.94824385278946,52.31836350841388,7.584009316252397,19.8587877469299,8.48201201092452,0.9357284131368916,9.041322103669804,4.994872687113955,0.6734006734006741,1.34
100660,44.0,Male,180.5,86.1,26.4,injured,Other,fill in specifics below,2.715561169,82.1917808219178,1.982359653280212,0.315,94.62027303317056,51.62329180008069,7.788757046968375,25.36346301241361,7.779604308105394,0.6079480438404707,10.295750095637166,2.103996669089472,-6.349206349206355,0.76
100663,31.0,Male,182.9,87.4,26.1,injured,Knee,other,2.5485994,81.08108108108108,1.8859635560428845,0.285,93.5695662450309,48.53693486897379,13.659299583493947,23.652064239420376,12.438213799653212,1.922459901297373,8.170234888518692,11.910633546954696,0.0,1.07
100664,48.0,Male,169.5,84.0,29.2,injured,Knee,pain,2.547972699,78.43137254901961,1.949199114697404,0.315,92.67120873535362,50.29592965555221,3.731696353624892,18.138165018736714,9.729967520819432,1.1284452490440244,6.434295573762699,4.510456251021694,-3.174603174603177,1.16
100665,31.0,Female,163.8,56.2,20.9,injured,Knee,patellofemoral pain syndrome,2.361287512,91.6030534351145,1.5466433203543506,0.2975,68.92033770099033,40.98860435544165,8.148433115441357,21.53324428095624,7.845510686611429,0.614136480702422,4.019667600777527,-10.25972389384702,5.042016806722693,1.18
100666,38.0,Male,170.7,59.8,20.5,injured,Other,fill in specifics below,2.733916616,80.53691275167785,2.036767878656474,0.26,89.47668649654912,49.508476306806685,14.19684357303754,25.29762161277317,9.884537986618012,-1.6562197302775052,7.829887382071696,8.198551846121951,0.0,0.85
100667,39.0,Male,175.3,80.6,26.2,injured,Foot,pain,2.705141484,91.6030534351145,1.7718676717777049,0.29,73.67210884076442,46.1775391316636,11.80025564676098,21.613705605883787,10.079574671258452,0.4691236220173784,7.348478209559124,12.465241749912336,-3.448275862068969,1.08
100668,47.0,Male,174.1,90.7,29.9,injured,Thigh,pain,2.280338336,85.71428571428571,1.5962368353735377,0.295,63.65803370879127,38.776929234301896,7.942899327339799,19.195220204785063,5.893135737545786,0.9008845648814124,7.116776971955867,7.352717040504299,0.0,1.03
100669,42.0,Female,167.0,59.0,21.2,injured,Ankle,achilles tendonitis,2.271580094,87.5912408759124,1.5560323644990748,0.2925,73.04751809036998,41.11662679812336,7.294678843377204,20.273246644999684,15.43548060892763,1.8474272366854536,4.851536222487518,-0.011723068794469,-5.128205128205133,1.07
100670,39.0,Female,165.6,55.6,20.3,injured,Sacroiliac Joint,SI joint pain,2.493825544,84.6568774348217,1.767498854356108,0.2775,84.33579402291133,47.92783661055951,6.994416027929784,23.9113373959598,10.332309748790482,1.5155386160188702,5.645258125397941,12.176877033796728,1.8018018018018032,1.24
100671,43.0,Male,174.6,63.5,20.8,injured,Other,fill in specifics below,2.632129012,88.23529411764706,1.789847728460428,0.2725,81.11833811649069,40.68541583043488,7.645617546341484,20.88481740087902,6.912335128156874,2.1819893996609463,1.8006131306265634,4.1876510150773205,-1.8348623853211024,1.6
100673,58.0,Female,162.2,57.6,21.9,injured,Knee,bursitis,2.194204978,85.1063829787234,1.5469145096866297,0.3025,66.17469051824222,41.76184681435355,12.575730002020093,21.20494575834773,15.482887811939165,1.7556758192100623,1.759795959366364,-0.7451526673731341,1.652892561983473,1.14
100674,47.0,Female,151.3,64.9,28.4,injured,Lower Leg,medial tibial stress syndrome,2.264713481,81.08108108108108,1.675887976193128,0.3375,75.52041917522064,51.58178438293759,6.917839469426872,23.57652911890429,12.792921243580862,2.572530582719128,8.9975250577928,4.022706379913024,4.444444444444431,0.99
100675,40.0,Female,171.3,64.2,21.9,injured,Sacroiliac Joint,pain,2.12912767,73.61963190184049,1.7352390513245404,0.36,94.05373112785055,49.399034889357935,14.586087192009176,22.05567050988444,13.468785974316658,1.3424016673682075,11.263504047547343,-9.650445346739687,0.0,1.2
100676,31.0,Female,163.0,75.0,28.2,injured,Knee,meniscal tear-medial,2.170223745,81.08108108108108,1.6059655711378584,0.33,91.96132265626676,40.406626041502406,12.336321307032929,17.82424988846206,19.537700341825577,0.3935196726911716,4.669290743249414,6.5535093067364745,6.060606060606066,1.1
100677,46.0,Female,164.6,69.7,25.7,injured,Knee,PFPS,2.710932251,83.91608391608392,1.9383165592105884,0.275,95.49336805457632,38.68245094770778,14.18828086126754,20.51887856511742,11.032929172017552,0.2361899703883754,6.650104274229733,6.591734059893102,0.0,1.32
100678,45.0,Male,184.9,84.1,24.6,injured,Ankle,achilles tendonitis,2.946046988,80.80899691637947,2.1874398884339894,0.275,102.1244276432556,46.07656194700702,3.722294084525684,23.23987564330361,8.782711544388004,-1.1343353376118746,4.926982946680043,3.433974611666512,0.0,1.44
100679,53.0,Female,155.3,57.9,24.0,injured,Ankle,pain,2.26838022,85.1063829787234,1.5992080550184045,0.28,76.69484022200072,52.40910535111021,0.5437766253815066,21.479178156383384,13.065202473805162,1.788656319256876,6.897992685613583,0.8310425053049965,7.142857142857129,1.53
100680,27.0,Male,171.6,66.5,22.6,healthy,No Injury,,2.722587251,83.91608391608392,1.9466498845164,0.25875,93.59667723604258,48.20299754744111,8.188040618044347,21.507097408470063,7.061270233676581,1.7277792214930394,8.818945560513145,3.725907014373296,2.898550724637684,0.85
100681,33.0,Male,178.0,73.7,23.3,injured,Lower Leg,muscle spasm,2.490693431,85.71428571428571,1.743485401611091,0.3075,74.04091967017064,39.50456638775654,11.931172676796267,22.10282072104844,11.26718564470871,-0.3749286608903894,7.85245759131063,-1.7717550499927832,1.6260162601626031,0.99
100682,18.0,Female,155.9,53.8,22.1,healthy,No Injury,,2.499528418,82.75862068965517,1.812158102747318,0.2775,91.76100906490568,44.41952642643268,18.39174848988722,22.659893509077,11.3311233937771,-2.3309651026094342,4.472583192967244,3.982139418879074,-1.8018018018018032,1.19
100683,20.0,Female,157.9,52.1,20.9,healthy,No Injury,,2.707907678,85.25835866261397,1.905690028165166,0.2875,85.7906510346495,39.71435518236228,14.407434408193074,21.764111780147445,7.06948860376677,1.5396259698265795,8.20590300945057,7.271030890603568,5.217391304347812,1.25
100684,20.0,Female,171.1,72.7,24.8,healthy,No Injury,,2.49095941,87.5912408759124,1.7063071960509846,0.295,67.86622111879907,31.768601268468164,13.616992645386151,15.652357423683291,10.210560660872192,0.6442268265936995,10.991647359767484,3.332048034289742,0.0,1.4
100685,18.0,Female,162.2,63.8,24.3,healthy,No Injury,,2.49423542,84.50704225352112,1.770907148500396,0.29,81.52104550420336,37.6831327698984,14.111838103205857,22.11182123396016,8.725562812397708,-0.6044534414065197,9.016742239571428,-2.3908739557629253,3.448275862068969,1.12
100686,18.0,Female,165.0,65.3,24.0,healthy,No Injury,,2.256222571,82.1917808219178,1.6470424764860832,0.2925,92.14031450657882,36.22027459587022,14.129081208675007,21.97564884150949,10.545690243046844,-1.750101916589557,6.035608493945826,12.158897281929056,1.709401709401711,0.94
100687,20.0,Female,152.0,54.5,23.6,healthy,No Injury,,2.255380254,83.91608391608392,1.6125968815422718,0.31,76.36338393000938,47.318180196474685,13.733719908243192,21.222246042566987,10.87315605162472,-0.6699323370480192,6.480385104815483,11.40122895034982,-3.225806451612906,0.93
100688,21.0,Female,157.8,64.7,26.0,healthy,No Injury,,2.271968248,82.1917808219178,1.6585368208710205,0.305,94.085267337253,40.38199782607342,19.822959275943745,20.20139480062608,10.35088925509582,-1.68567332689955,4.582333027805704,3.5910449515109386,-3.278688524590167,1.04
100689,18.0,Female,158.8,52.4,20.8,healthy,No Injury,,2.500064165,79.47019867549669,1.8875484447917323,0.31,90.51529286728598,47.84856721064648,8.398013402786749,24.828841650042563,1.714839203414958,0.3383135081504413,5.854594664821849,1.7666564441687118,0.0,1.22
100690,20.0,Female,165.2,56.0,20.5,healthy,No Injury,,2.414643532,82.47520075578649,1.7566531692958276,0.2825,94.66832034763962,42.132838181660325,6.44328952824611,22.36998750943978,6.4731212074484805,-2.2169275098436225,4.049747793073558,-4.818326263027032,5.309734513274321,0.97
100691,21.0,Female,166.0,64.0,23.2,healthy,No Injury,,2.281651006,83.91608391608392,1.631380469075721,0.2875,95.69673546602657,37.189276864115314,7.522477508500189,20.46812598316384,9.965812112432577,-1.0609947542011748,6.12100350270434,6.832660916612213,5.217391304347812,1.31
100692,20.0,Female,158.5,48.8,19.4,healthy,No Injury,,2.341812733,88.88888888888889,1.5807235950022578,0.2625,71.27438457214802,37.41999603983589,11.391456061248473,20.196354870897856,4.672407904102598,0.2439515545337747,3.0361446675083483,3.282762468093042,-1.9047619047619064,0.97
100693,18.0,Female,170.5,67.6,23.3,healthy,No Injury,,2.310993892,90.9090909090909,1.5252559689601548,0.2825,64.24592390036577,35.680248163303034,0.6852361652184578,16.503428294950062,5.913843135802875,-1.4408562779445142,1.906086838809247,1.3609964461155677,1.7699115044247609,1.7
100694,51.0,Male,178.0,78.1,24.6,injured,Lower Leg,medial tibial stress syndrome,2.964635936,78.17672523554876,2.275358080686096,0.2925,96.81676849018127,48.64093758064632,5.9906148057874695,26.766353520751416,15.37337438248679,0.981582888284296,10.856034761028877,-5.001845293356383,1.709401709401711,1.0
100695,46.0,Female,163.0,67.7,25.5,healthy,No Injury,,2.263059397,81.63265306122449,1.6633486569994005,0.315,78.0399044859573,48.89112700382165,7.541466343101874,21.750598316112665,8.135775869138822,-0.3588147099933598,6.946790270946832,9.910965848224452,3.174603174603177,1.01
100696,39.0,Female,175.2,78.4,25.5,injured,Knee,pain,2.280259845,76.43312101910828,1.790003978625481,0.36,89.03149215179678,46.420101927729874,12.835140456661511,23.14776217992105,17.564199083225745,0.3818471861062984,9.232755421608967,11.676104672831713,2.7777777777777803,0.87
100697,33.0,Female,167.9,63.1,22.4,injured,Knee,pain,2.738399228,81.08108108108108,2.0264154287944494,0.3,109.1612806021727,48.00167384705628,10.655310499580768,25.178006781470074,12.705194175474814,-0.8626485073955741,6.927381269465405,5.102232594248407,3.3333333333333366,0.77
100698,40.0,Male,186.3,74.6,21.5,injured,Knee,pain,2.934511655,75.9493670886076,2.3182642078417404,0.3025,102.50651505007512,45.95416274144972,21.48397084648637,23.717735405169183,10.797064955018111,-1.759793746791969,9.244814811618369,3.5518108670687347,-1.652892561983473,0.97
100699,37.0,Female,170.3,66.3,22.9,injured,Thigh,hamstring muscle strain,2.279229897,83.33333333333333,1.6410455257704692,0.3325,73.88102137520261,46.29560695486797,8.540446990641648,21.33017510015429,17.071241767040846,1.311474784246656,9.499391500710384,-0.6804635430558921,4.5112781954887256,0.76
100700,45.0,Female,169.0,66.6,23.3,injured,Lumbar Spine,muscle spasm,2.252856577,79.47019867549669,1.7009067154037387,0.33,91.41290322575504,46.16111494689915,6.03073792072287,20.80943000234408,13.125046857166016,-0.486162267958091,5.619222522547782,9.3932840465346,0.0,0.71
100701,45.0,Female,165.2,51.4,18.8,injured,Hip/Pelvis,bursitis,2.769353055,85.1063829787234,1.9523939040476048,0.2837499999999999,78.06360709302737,49.75471571944538,12.421768542279954,24.60922432967358,11.989465130785703,0.1729385698644274,7.961489827189844,14.045481376571097,0.8810572687224679,0.9
100702,33.0,Female,170.0,63.4,21.9,injured,Lumbar Spine,low back pain,2.946912334,84.50704225352112,2.0923077571564046,0.2525,88.01621010714098,50.94999329054062,8.030415901121478,24.831700135746125,7.737262234394825,0.0679136187226223,5.5253960345799324,-2.111736311581294,5.940594059405946,0.72
100704,50.0,Male,180.0,84.7,26.1,injured,Lumbar Spine,disc protrusion,2.717042117,88.88888888888889,1.834003428768899,0.2925,70.17335399413932,43.03063285123598,12.275944038353815,19.925663000327823,7.497771523216315,0.4798600498658598,6.980538653007088,8.661659021647377,1.709401709401711,1.07
100705,18.0,Female,165.8,62.4,22.7,healthy,No Injury,,2.489304711,85.71428571428571,1.7425132978609328,0.3166666666666666,,37.64603224752116,12.742504394130862,17.54987943274496,8.46019510638749,-0.7980512254299468,3.235833942721576,9.480396947118352,0.0,1.32
100706,18.0,Female,165.0,60.2,22.1,healthy,No Injury,,2.574065536,88.56209150326796,1.7439294007549586,0.2774999999999999,73.97290958186835,35.101420029366054,10.22047918198536,19.77370031225135,10.145772499382026,-0.1844767947611629,2.051271495192634,8.44487754664383,-16.21621621621621,1.48
100707,54.0,Female,181.8,86.1,26.1,injured,Hip/Pelvis,ischial bursitis,2.252644876,76.6780989710926,1.762694615297942,0.3375,93.88660539639102,44.95760815887533,-7.20249800888158,19.35274520512306,13.51068229228678,-0.581584987371252,4.587796340873343,8.702371729682952,4.444444444444431,0.85
100708,39.0,Female,166.0,74.1,26.9,injured,Foot,plantar fasciitis,2.270310246,80.0,1.702732684197771,0.29,87.12360932557573,41.20947048412234,7.541693018711085,20.90265609979232,11.202281377414492,-1.2442734983273884,4.241703026674214,17.14610166552803,0.0,0.78
100709,30.0,Female,174.4,63.8,21.0,injured,Thigh,ITB syndrome,2.720543253,75.47169811320755,2.162831886120462,0.3125,124.90479377826811,47.425671998429465,8.017225219032248,24.88831786756809,14.168389783042135,0.2457172241216749,10.051365260046609,15.304086763493,1.6000000000000014,1.11
100710,60.0,Female,155.5,60.0,24.8,injured,Hip/Pelvis,pain,1.844732911,78.43137254901961,1.4112206766796709,0.32,78.69465126606167,44.63835999660319,-8.251454454014208,20.25523219348358,6.438268724331994,0.3706226209182381,4.370621535481872,-13.603013622929318,-3.1250000000000027,0.96
100711,59.0,Male,185.9,77.3,22.4,healthy,No Injury,,2.966104548,87.4325610917169,2.0354892463927743,0.28,72.34397912458422,49.47597822596854,14.163558449665732,26.36306799221885,11.85088459758008,0.7352104003813718,6.773312088328767,-0.807621666339152,7.142857142857129,0.93
100712,38.0,Male,177.1,69.8,22.3,healthy,No Injury,,2.956986135,84.35930266916182,2.103156388379752,0.275,83.17405160825714,52.43068526062254,13.510199469169285,27.754345644274245,12.283962436299692,-2.3633828272472743,8.16516454017945,-10.406947745029472,-7.272727272727258,0.81
100713,40.0,Male,178.2,76.5,24.1,injured,Other,fill in specifics below,2.245050437,79.20878354827465,1.7006257059402907,0.325,72.1553701170628,45.87945694933241,3.9087702363819794,23.18488127655059,1.919266559471488,0.8438847929257862,6.88301235519713,13.293518510333096,0.0,0.95
100714,23.0,Male,196.5,86.6,22.4,injured,Knee,patellofemoral pain syndrome,2.951674348,75.0,2.361339478301779,0.305,118.08601270719936,45.96304330598718,19.61269298221065,22.45249397003614,13.300812697498449,-0.9583431483293364,8.702808778591104,4.1576174715208944,-3.278688524590167,0.9
100715,34.0,Male,175.0,93.0,30.4,healthy,No Injury,,2.527652142,93.75,1.617697371077564,0.2775,58.9698993595303,25.27504107549504,10.073402848639308,13.46538247157309,11.808164269118617,0.3405036377307269,6.779307542203704,-30.18673724827256,1.8018018018018032,1.09
100716,62.0,Male,172.5,76.5,25.7,healthy,No Injury,,2.031266013,75.47169811320755,1.6148564803948444,0.3325,107.79475269901155,39.71367439779596,16.323326727754882,22.546549254360546,6.731818975775242,-0.3278279570492027,2.5012827051728053,1.0708566404203823,1.503759398496242,1.24
100717,38.0,Male,185.5,93.9,27.3,healthy,No Injury,,2.706804736,78.43137254901961,2.07070562299565,0.3125,115.66242232047836,33.295400420097856,13.782706348254251,19.601588599036056,11.972159931984924,1.1082978756422102,9.683099030399127,-0.0546908371259964,4.800000000000004,0.82
100718,26.0,Female,158.5,61.8,24.6,healthy,No Injury,,2.403250825,80.94503899873027,1.7814096740802283,0.33,79.55623128760075,35.41632269966246,20.05258071909082,17.387879656632116,13.475687827575165,0.634460125100968,14.030071372712651,-1.751996298812408,0.0,1.05
100719,41.0,Female,169.0,61.6,21.6,healthy,No Injury,,2.703715401,86.33093525179856,1.8790822034535537,0.2875,81.73193823430813,30.587146970695784,16.864849185647472,17.463333158791116,8.882885844316306,2.413520709926347,6.756954297072328,7.070295391860432,5.217391304347812,0.9
100720,22.0,Female,165.5,60.2,22.0,healthy,No Injury,,2.783855621,93.56831395348836,1.7851474171354609,0.2725,59.839812751033065,35.28001268803211,14.46505324142699,19.015125022233697,8.767732940145034,-1.846006652514428,2.3296275288972685,-0.7551142818935243,1.8348623853211024,1.05
100721,29.0,Female,173.0,62.8,21.0,healthy,No Injury,,2.704804864,84.50704225352112,1.9204114534318668,0.2825,88.43466529242488,30.688830720998524,27.736098671270664,18.195879611706182,11.850636078070234,-2.248235647210212,9.216930147466286,-4.469491842854232,1.7699115044247609,0.76
100722,24.0,Female,170.0,62.2,21.5,healthy,No Injury,,2.716616603,87.5912408759124,1.8608823729031887,0.3025,68.15098348265667,33.91335889754253,9.59405763596873,20.553535354461097,7.632971546857203,0.0319378167858332,5.644961947479331,-8.752606544405184,-1.652892561983473,1.15
100723,48.0,Male,176.0,72.4,23.4,healthy,No Injury,,2.712590269,80.53691275167785,2.020879750279141,0.2975,92.88261465405458,40.22914487541173,6.9433954993666696,22.22045906462112,5.872691304484341,1.3825792050942356,8.935912633435304,3.4078964766507265,1.6806722689075646,1.08
100724,24.0,Female,157.0,43.8,17.8,healthy,No Injury,,2.844300733,86.33093525179856,1.976789009598445,0.2475,79.06290241998317,33.21794424196104,18.86578866275357,18.2000675893513,5.876401264066285,0.264596913448061,6.855325166973287,14.510063009525972,-2.020202020202022,1.38
100725,28.0,Female,174.5,75.4,24.8,healthy,No Injury,,2.705952898,77.1712158808933,2.103878377953469,0.35,97.32549889979715,37.845247901260095,18.71913665940801,17.445368560037515,10.08911828755283,-1.0873256944624352,5.849483044886627,0.2314606330774819,-2.85714285714286,0.88
100726,25.0,Female,173.0,56.1,18.7,healthy,No Injury,,2.707705169,80.53691275167785,2.017240350749994,0.2925,101.94828354634495,39.44533922646347,19.90282813273455,22.817031007531767,9.903976336474742,0.4619396519888685,8.19195041394087,4.159278842277249,5.128205128205133,0.79
100727,22.0,Female,170.0,63.0,21.8,healthy,No Injury,,2.724679012,87.5912408759124,1.866405122958248,0.3075,71.450843132469,37.74054457403564,17.155692719142625,23.404994078529896,8.629902353074117,1.6245577207837698,3.923578466374368,-9.353933548681775,1.6260162601626031,1.0
100728,35.0,Female,171.4,57.3,19.5,healthy,No Injury,,2.725615395,77.41935483870968,2.112351931276051,0.325,96.48696574360474,43.74712968874846,22.52703553163888,24.84789946846109,9.509863817640287,0.6716577557905374,6.240545853112392,15.293379771114571,0.0,0.9
100729,51.0,Female,163.0,62.3,23.4,injured,Ankle,other,2.594538401,92.3076923076923,1.6864499605836485,0.26375,69.00258836935035,38.32834762650045,-0.237665279364526,16.609769069697393,7.942226351011747,-0.1641524523253048,5.082916433652985,-5.822709576566805,2.8436018957345994,1.03
100730,44.0,Male,177.3,76.2,24.2,healthy,No Injury,,2.69894939,80.0,2.024212042602089,0.3,90.676141829885,50.50402878039146,8.006382438357065,25.073527513993863,15.391876941741142,0.4197257249688566,9.42124990836913,-3.8849385194096095,0.0,1.31
100731,57.0,Female,161.5,55.5,21.3,healthy,No Injury,,2.729345023,80.53691275167785,2.0333620421544096,0.26,84.84290391787223,42.46549023797161,9.3858926679386,22.217818702258747,10.28150774858828,1.1497079441056908,6.176135761070352,-9.469233768720914,-3.84615384615385,0.7
100732,29.0,Female,171.5,67.1,22.8,healthy,No Injury,,2.606786927,88.23529411764706,1.7726151105955985,0.3025,52.63156324164572,37.05902126999345,13.25097423445413,21.200585667788737,11.267957687457963,-0.5169170719772938,6.863121770346568,5.321819481983228,1.652892561983473,0.8
100733,28.0,Male,183.8,69.4,20.5,injured,Knee,patellar tedonitis,2.937091016,81.77243500139781,2.1550905332707417,0.27,95.04680563183872,43.75854058561286,4.185500854561728,23.796790654472044,12.468372845618925,-1.9513162620910665,10.802490167415645,0.0951659813472301,7.407407407407414,0.73
100734,48.0,Male,190.8,100.3,27.6,injured,Knee,other,2.513925335,73.96046353101568,2.039421928318796,0.3375,98.82029388011864,49.249406380443205,9.901690395311745,19.67987255859916,16.108363393961785,0.9439525064706552,11.913877303283538,-6.325860415530293,1.4814814814814827,1.13
100736,43.0,Female,168.4,63.1,22.3,injured,Foot,plantar fasciitis,2.069054803,86.33093525179856,1.4379930884222762,0.3,55.66935699031387,38.04002674681245,4.211160252441919,17.966285647556454,7.49535612532833,0.0410311576243862,0.8774226284507519,8.25621824308293,0.0,1.61
100737,23.0,Female,174.3,74.6,24.6,injured,Knee,other,2.374017085,82.75862068965517,1.7211623869459487,0.32,87.08636226950802,43.58501883455054,8.984183871125007,22.549803797609968,11.469992398537858,-0.646826332827207,5.536050703703047,3.84534218686881,-3.1250000000000027,1.3
100738,24.0,Female,174.5,60.5,19.9,healthy,No Injury,,2.721262136,81.63265306122449,2.000127669979496,0.3075,97.20648942410212,39.53612522687828,18.79793406315948,20.47542843697404,9.50793408963125,0.8736280995845043,7.847752344374417,4.550028837758919,-4.878048780487809,0.76
100739,27.0,Female,170.5,71.8,24.7,healthy,No Injury,,2.705677442,78.94736842105263,2.0563148557365176,0.3,107.13829378262204,38.30015538732019,17.3089082688632,22.46156152164812,10.35551024724102,-0.7480887485940482,5.906456980272229,-0.3879119629054192,3.3333333333333366,0.91
100740,46.0,Female,169.5,55.7,19.4,healthy,No Injury,,2.69807489,82.75862068965517,1.956104295514544,0.325,78.65120303882742,42.88964845079265,16.488364583752436,23.559430947538395,8.588698809840082,0.2397658530389037,7.80614378881056,4.626831765520732,6.15384615384616,0.94
100741,27.0,Female,162.1,57.7,22.0,injured,Knee,pain,2.340705287,77.92207792207792,1.8023430710036064,0.305,96.93843399783071,54.96708884640789,5.09417931008383,23.49884550339308,10.074562748058188,-2.2840333512935347,9.618340719713654,14.137855750549734,0.0,1.06
100742,24.0,Female,172.0,71.0,24.0,healthy,No Injury,,2.716172978,82.75862068965517,1.969225408729001,0.2925,77.00560370525866,35.94301870829146,18.14979944690767,21.47064305888476,11.248646840413652,0.1207439226665236,5.563239973879392,-3.919355426049424,1.709401709401711,1.29
100743,44.0,Female,166.8,62.0,22.3,injured,Hip/Pelvis,other,2.385810368,76.92307692307692,1.860932086662672,0.3175,98.87462876452427,50.75535371185544,4.732170165882462,23.66837139937461,13.16064710806002,-0.3398169821439816,8.06430021589587,1.5725238075993262,1.5748031496063006,0.64
100744,36.0,Female,169.3,70.6,24.6,healthy,No Injury,,2.927818494,85.1063829787234,2.064112038197852,0.2925,96.7526374785001,55.40349411431265,13.199013996288375,24.368619913242654,16.541912974024626,1.186134686881788,3.4033978275230234,1.5032137830096668,-8.547008547008536,1.46
100745,32.0,Male,172.0,84.0,28.4,healthy,No Injury,,2.715842646,75.0,2.172674116885537,0.3125,123.44588098791922,61.7876709384728,3.5408167069403023,28.70611970242248,15.01461823261762,-1.3502372682092971,8.498630255439245,8.48094482478619,4.800000000000004,0.82
100746,40.0,Male,177.9,78.6,24.8,injured,Hip/Pelvis,pain,2.940339895,81.08108108108108,2.1758515224403383,0.2725,100.65563273547713,51.823251537132464,16.996251159936882,25.006087545688704,8.729682331815559,0.601375971052599,7.504948004719255,-1.7176684722498832,1.8348623853211024,0.98
100748,20.0,Female,167.2,52.9,18.9,injured,Knee,bursitis,2.500224608,88.23529411764706,1.7001527335260636,0.3025,67.92805503065,49.5511724177434,10.318753689776909,24.33569077355613,12.033866353769014,-0.2131216081339786,6.231126204292881,7.893230206563063,1.652892561983473,1.09
100749,42.0,Male,173.6,77.6,25.7,injured,Thigh,hamstring muscle strain,2.469753186,85.71428571428571,1.728827230119852,0.3025,70.32218507989197,49.244790430175655,9.731417552596351,23.528726753426657,13.767146259340535,0.2081818068544658,6.426140101310258,22.955127949299296,-4.958677685950418,1.21
100750,26.0,Female,173.3,67.8,22.6,injured,Knee,pain,2.644890418,83.33333333333333,1.904321101192729,0.3175,89.94636524252022,48.89683211309938,13.091018430408786,19.98828141982148,15.243291550443905,1.0794910131501905,6.462271611298879,4.546075709845389,1.5748031496063006,0.93
100751,46.0,Female,160.8,56.8,22.0,injured,Lower Leg,calf muscle strain,2.270143925,89.22056384742952,1.5266717892602888,0.3,66.8691997843373,44.46186105892613,5.931543150706589,19.61996583432444,14.02984122413944,-0.6068033312997243,9.37091023045598,16.228454362477787,-6.666666666666673,0.89
100752,35.0,Male,180.6,85.8,26.3,injured,Ankle,achilles tendonitis,2.721940516,80.0,2.041455387196034,0.3075,112.33080777650537,46.42291861403088,13.759578234002776,22.723247779826387,18.76507747704432,-0.8517484006908349,8.929842280052753,0.0390769047701072,-4.878048780487809,0.85
100753,44.0,Female,171.8,59.3,20.1,injured,Lumbar Spine,low back pain,2.69849144,85.56231003039514,1.892317122017094,0.31,77.19945295796012,46.12309597302914,12.417313129134245,22.086188996072696,11.072593389596072,-2.117369142858741,4.196067931778793,5.890675097743125,3.225806451612906,0.64
100754,59.0,Male,195.3,95.3,25.0,injured,Foot,other,2.966713956,81.08108108108108,2.195368327351784,0.2825,95.1970102479147,47.3711983747752,1.275222907271781,21.85377689904822,11.926942915104188,-1.4739942949450866,9.77675309924448,7.401604180349408,-5.309734513274321,0.88
100755,46.0,Female,187.5,88.8,25.3,healthy,No Injury,,2.751905606,77.92207792207792,2.1189673169087486,0.295,116.76874735567282,35.88523979834558,19.649538637282408,20.29919302719226,10.501737594118202,1.456394913234485,7.514461570313141,-17.38644248633662,3.38983050847458,0.88
100756,43.0,Female,165.0,56.0,20.6,healthy,No Injury,,2.719795562,92.3076923076923,1.7678671150330427,0.2925,53.54763365662333,35.80082732150121,21.441417344605192,19.2561466206837,9.911242548326348,2.801553894829123,7.009334226923676,-3.133078751217462,-5.128205128205133,1.68
100757,48.0,Female,167.5,70.8,25.2,healthy,No Injury,,2.727586925,89.55223880597015,1.827483239608032,0.2925,66.04827655465635,33.68548371325191,17.180821223938523,21.012331761939983,5.960128153319287,0.4506055399041462,7.508998321784169,3.300645870886532,1.709401709401711,0.78
100758,43.0,Female,160.0,57.5,22.5,healthy,No Injury,,2.734386786,88.88888888888889,1.845711080659264,0.2925,70.06548016815594,41.12396896683132,11.989707261431498,22.065045861610898,5.864118234011631,-0.3915424176253947,0.2640145393890952,11.14964782169025,-5.128205128205133,1.33
100759,64.0,Male,181.0,75.5,23.0,healthy,No Injury,,2.726324583,86.02261048304214,1.9016113964621608,0.275,86.22326136348076,37.19272598536999,3.263574935498717,20.66774617057552,1.549975792717651,2.251612699976397,8.44628562938572,-3.922659056095689,-3.63636363636364,1.36
100760,29.0,Male,191.0,86.6,23.7,healthy,No Injury,,2.715614599,81.63265306122449,1.9959767305574825,0.2875,94.160386501262,30.30893538757811,20.28864210377646,17.75217032401024,9.08226826195542,-1.5392907789528514,10.310732091444642,23.124410557900195,-1.7391304347826104,0.88
100761,44.0,Male,181.4,81.1,24.6,injured,Lumbar Spine,disc protrusion,2.787032193,77.92207792207792,2.146014788255633,0.3125,96.73193207644027,52.95659185362099,1.2463242980913196,25.13982345457776,11.188728368102035,0.2258266576672321,10.98421807491592,6.8851654867553655,4.800000000000004,1.15
100762,43.0,Male,185.7,76.4,22.2,injured,Knee,pain,2.720974475,72.61774370208106,2.2482051596549857,0.315,130.32824974441337,41.58801175541011,11.739116728699356,25.64799895859254,6.703259759418522,-0.8161771827765127,9.262013338385527,-4.683959915036073,0.0,1.28
100763,38.0,Female,166.5,63.7,23.0,injured,Hip/Pelvis,pain,2.493248484,87.5912408759124,1.7078752114428235,0.29,72.16512705665644,42.00455484987813,11.835044801909124,22.001518635756728,9.56431397258992,0.2231098733152312,4.033912124278268,-6.012892385584871,0.0,0.77
100764,33.0,Male,175.6,69.4,22.5,injured,Knee,pain,2.705292378,81.63265306122449,1.9883898979981949,0.305,91.88536060889058,44.44910059082076,10.002607428021651,22.00652476897462,2.425457731479507,1.536462277200113,10.656558999796886,-3.079348787264195,0.0,0.85
100765,58.0,Male,178.0,83.0,26.2,healthy,No Injury,,2.713180246,74.53416149068323,2.1841100982505592,0.3175,103.44118045174696,41.36283313916572,8.974960195093415,19.728523832586685,5.731469267814883,1.8565582605603008,7.373320891197166,7.6073696427923805,1.5748031496063006,1.09
100766,39.0,Male,176.0,70.2,22.7,healthy,No Injury,,2.718115848,81.77243500139781,1.9944175031436089,0.2875,81.71256290918512,36.02784870204835,23.094895474012496,20.1100079376271,7.921318357541782,0.3359220623005683,7.534347997413157,12.894519743073836,5.217391304347812,1.2
100767,33.0,Male,180.0,69.0,21.3,healthy,No Injury,,2.988546111,83.91608391608392,2.1368104694319343,0.2425,96.90331421879192,47.23852152883829,8.69586558829042,26.41805793297769,9.900505003025064,-1.914806586566029,7.646636125040223,20.35802083900965,2.061855670103095,1.37
100768,62.0,Male,189.9,89.9,24.9,injured,Lower Leg,medial tibial stress syndrome,2.712250829,87.5912408759124,1.8578918180249104,0.2875,72.73314664457837,44.986486002004334,1.982587514133832,20.48802789858442,8.162698851879599,-1.7093341288698545,6.666536682909708,12.924978668336172,1.7391304347826104,0.96
100769,35.0,Male,181.5,92.7,28.1,injured,Knee,other,2.485326098,75.35377358490567,1.978940905687527,0.35,103.49844040849356,51.92854168831461,6.119870954454559,25.88307807394606,11.150838398613564,3.100939372135302,10.526154084851536,-1.2903003873383525,2.85714285714286,1.18
100770,36.0,Male,182.0,92.7,28.0,injured,Thigh,hamstring muscle strain,2.698631363,83.91608391608392,1.929521424323629,0.31,80.0837317651069,47.877977069471946,17.175690390059458,23.34546460178135,5.159429323993693,0.6632875034425288,9.058091447800798,15.320197574748756,0.0,0.74
100771,35.0,Female,162.4,55.1,20.9,injured,Knee,patellofemoral pain syndrome,2.116799766,74.76708074534162,1.6987318123238897,0.3725,87.82312163274369,57.98426758760553,-3.1320876125439163,26.585573587018303,11.438792368954886,-1.6576040837459547,4.422260741284751,11.495540555313704,1.342281879194632,1.67
100772,52.0,Male,167.0,66.8,24.0,injured,Foot,metatarsal stress fracture,2.772997047,93.02325581395348,1.7885830950035464,0.2475,73.43669600431633,47.11018816243417,5.367281187274065,23.084927770328896,7.65649041623969,-1.2294403609251443,6.52144553129026,-6.319989955379801,2.020202020202022,0.85
100774,45.0,Female,169.0,57.7,20.2,healthy,No Injury,,2.703161977,83.91608391608392,1.9327608137825656,0.2875,86.5787991120863,46.72446039224839,13.888510766451269,24.70346151698585,5.597068200189886,1.6879180253441115,3.909359035692326,7.535662920535046,5.217391304347812,0.94
100775,47.0,Female,167.5,52.3,18.6,healthy,No Injury,,2.720441369,88.88888888888889,1.8362979239065185,0.2774999999999999,70.1501744644286,39.28847261638373,9.107040431712356,21.06949696876623,4.776516047816952,-1.4933257325774782,4.533082487339016,1.5025223919898874,5.405405405405391,0.75
100776,35.0,Male,183.0,81.0,24.2,injured,Lumbar Spine,pain,2.628327634,85.1063829787234,1.852970981942584,0.305,81.0890772141062,44.566907566966,9.369580963139132,20.845289224639583,12.325302951323293,0.6523485585480455,8.613062693174488,12.570510096523137,0.0,1.11
100777,38.0,Male,171.9,69.2,23.4,injured,Foot,plantar fasciitis,2.940250603,80.0,2.205187952481681,0.275,111.4063411789066,50.386429501770806,5.970768293252818,24.37099998500461,5.886561799342421,-0.4877000828841074,8.906537812189224,-4.704587894801616,-3.63636363636364,0.7
100778,33.0,Female,173.1,65.1,21.7,injured,Lower Leg,calf muscle strain,2.918516725,82.05199888174448,2.134165355123937,0.2525,102.87329963253046,43.10815630978993,11.384223081738318,21.25738205922008,5.970381639409453,0.683809038211812,4.435573387391694,1.2302650210448498,1.980198019801982,1.23
100779,42.0,Female,165.2,119.1,43.6,injured,Foot,plantar fasciitis,1.904508609,77.54503560955175,1.4736135361993918,0.3525,77.90509884040557,40.77221379083223,7.146009617773445,16.597723258314886,23.61810220878357,-1.9861237296669283,11.51822150728679,22.315065453641832,1.418439716312058,0.92
100780,50.0,Female,166.0,53.4,19.4,healthy,No Injury,,2.704767254,80.0,2.028575440295461,0.285,94.3715481158282,43.10564650294904,20.62306451645361,24.74459861229125,9.102835873972072,2.3569655930844062,5.466360739242411,-13.941838248606114,3.5087719298245448,0.93
100781,37.0,Female,164.5,77.4,28.6,healthy,No Injury,,2.715731109,85.71428571428571,1.9010117766029788,0.3225,69.8623407186571,34.28534366864259,8.662403376453167,17.099907411772847,11.732988385696054,-0.362695706510153,11.802541378523005,0.1770609514369532,-1.5503875968992262,0.78
100782,41.0,Female,170.4,89.9,31.0,healthy,No Injury,,2.72385962,76.92307692307692,2.1246105039162746,0.335,109.0091803163337,42.11620139238832,20.63449214914472,26.32814953269597,14.553601954044767,-0.4559866186118286,8.853436166254422,7.4699384266586435,2.985074626865674,0.93
100783,51.0,Female,174.5,62.6,20.6,healthy,No Injury,,2.719621564,81.35686707115278,2.0057209036829367,0.2825,88.23523338861537,40.09818384426775,15.502564955302132,22.055243547890736,12.078377663036262,0.3292090777147891,2.199050494528619,-7.717447084539292,-5.309734513274321,0.91
100784,46.0,Female,162.0,59.7,22.7,healthy,No Injury,,2.717386403,83.33333333333333,1.9565182103582195,0.2875,88.44658657321276,40.02830545165624,14.622570372345203,20.14253854981144,6.722467217077582,-0.5795618046403752,7.558299069126368,0.7010122458182647,1.7391304347826104,1.02
100785,33.0,Female,170.0,79.4,27.5,healthy,No Injury,,2.678133838,85.41033434650456,1.8813890209375448,0.32875,70.26571689775506,42.11857967467402,21.092714460361712,16.99211053271413,14.55623267624482,-0.4861846218593917,7.376094442134289,2.45790314480503,3.802281368821296,0.94
100786,51.0,Male,184.0,108.8,32.1,healthy,No Injury,,2.931824731,69.97144022847817,2.514039707223964,0.36,116.45387833919052,41.28783678997647,18.727813140581105,22.892336750651094,12.195139380900784,1.582611028828708,10.53428716803446,-12.90748012064491,2.7777777777777803,0.89
100787,42.0,Female,163.5,64.6,24.2,healthy,No Injury,,2.710832766,93.38662790697674,1.7417100518847368,0.29,62.94925886385224,40.14097500981312,15.130310454371578,24.98526490864318,8.815042507389565,0.4312315515974594,6.309379965714763,8.499813995893543,3.448275862068969,0.81
100788,46.0,Female,165.0,57.8,21.2,healthy,No Injury,,2.715030521,82.75862068965517,1.9683971279464911,0.2625,83.51370467248097,47.41617596950245,16.7054895119944,25.342392233800098,6.654280617164289,0.5556987814534637,4.370469745916417,12.445322930197372,1.9047619047619064,1.03
100789,38.0,Male,171.0,84.7,29.0,injured,Lower Leg,other,2.043332117,78.43137254901961,1.5631490691809666,0.35,59.583713863904,44.87891576718905,12.512605580643534,22.216827381909496,15.319562158707136,2.334233508483221,11.072202689360786,8.658639531797919,0.0,1.17
100790,50.0,Female,161.4,79.1,30.4,injured,Knee,synovitis,2.15399325,87.5912408759124,1.4754853759424578,0.3,54.22888418360344,42.24570532624484,6.897800606023359,20.97124085527084,9.131074880290026,-1.0873227160578625,5.875553753995801,7.94677256402403,3.3333333333333366,0.86
100791,41.0,Male,179.3,80.3,25.0,healthy,No Injury,,3.156917351,85.1063829787234,2.225626732391453,0.2675,85.62593282576194,44.85398496074288,8.903818563673841,23.149515264984544,13.58481216589399,-2.899689647960757,6.24948790589846,3.218548819078314,1.8691588785046744,0.82
100792,26.0,Female,163.7,64.5,24.1,healthy,No Injury,,2.929183819,82.1917808219178,2.1383041875746853,0.2425,112.88354038952554,33.55210698574228,11.189894003297551,17.461960373963624,8.552001524496756,0.1302737492564851,9.723720701633216,16.802831382881305,2.061855670103095,0.77
100793,32.0,Male,183.5,75.1,22.3,healthy,No Injury,,2.820920877,90.22556390977444,1.8759123832246416,0.3025,66.56799622267954,37.29251503356233,16.136082535820584,22.250967755805085,7.351307591051226,-1.0141064760727607,5.435935828475908,0.8015574276694405,-1.652892561983473,1.03
100794,27.0,Male,177.0,67.5,21.5,healthy,No Injury,,2.852866628,81.08108108108108,2.11112130439934,0.285,91.48393289819576,47.83354715658368,12.328169908675331,25.446487508348262,9.134512408686104,0.8951784613348014,8.331608994285123,19.34936965211945,3.5087719298245448,1.56
100795,33.0,Female,172.5,60.6,20.4,injured,Hip/Pelvis,labral tear,2.553745999,88.23529411764706,1.7365472792388277,0.2875,76.53811526843856,46.25487054879084,12.262296024969814,20.7477717126024,5.100260681545086,-1.1928760102909537,4.551438204210906,-1.5984746848325977,1.7391304347826104,1.36
100796,29.0,Male,167.2,71.5,25.6,injured,Foot,other,2.657805256,80.0,1.99335394217502,0.29,102.43344438783012,48.62498488966955,7.238692326197768,22.706722539550785,19.954524167987827,-0.5052949104576783,7.64146467860891,10.322262946977856,6.896551724137917,1.44
100797,58.0,Male,180.0,97.3,30.0,healthy,No Injury,,2.691587353,86.95652173913044,1.857195273385449,0.3025,76.1549000912321,36.245150004599125,12.510321649937122,20.075784628114807,9.969259802725066,0.1958550498773266,12.694751772225324,5.802946315822241,1.652892561983473,0.99
100798,55.0,Male,175.0,91.0,29.7,healthy,No Injury,,2.744436057,82.90229885057471,1.9862855962174384,0.32,87.50197550419256,35.51413182991064,7.231355348552713,19.90703847371152,10.107408138049902,0.6663935342136722,9.56551178360696,-23.85724150103117,0.0,1.33
100799,40.0,Female,175.5,68.0,22.1,injured,Hip/Pelvis,pain,2.685140276,84.80671261612227,1.8997367454848848,0.31,82.83722819042819,46.06615248812382,6.911200769738566,21.34435971695015,21.6716777674677,-1.7317116396352308,7.204380416939161,13.792292548889131,3.225806451612906,0.87
100800,60.0,Female,153.5,53.7,22.8,healthy,No Injury,,2.405717197,91.6030534351145,1.5757447640740203,0.275,64.16338726306287,36.9838530974928,18.23473208155722,20.7955240713538,12.702760947199549,-1.7196702373172357,4.840355080382242,-3.715119027949573,0.0,0.73
100801,40.0,Female,162.1,76.5,29.1,healthy,No Injury,,2.239739161,78.43137254901961,1.713400457872212,0.335,91.2045405689836,32.965358918567695,12.177448048285992,20.231382594284927,13.875950547446973,-0.954883912239822,7.649257975879193,10.70851955501311,-2.985074626865674,1.14
100802,53.0,Male,182.8,97.7,29.2,injured,Foot,pain,2.714379201,91.9553728714034,1.771132428810516,0.2825,68.2342722671184,35.34440949374964,4.5599833091027655,20.455502395014022,12.500894908496736,3.809969615861971,8.768773130047027,10.75889424557488,1.7699115044247609,1.11
100803,37.0,Female,162.2,74.2,28.2,injured,Hip/Pelvis,pain,2.204461478,80.53691275167785,1.642323801173273,0.3325,81.74919046506977,50.52383038211839,4.633920518926214,23.012885766576385,15.13714946658212,-1.1695025896544191,5.509742626964751,1.747139438700671,1.503759398496242,1.1
100804,50.0,Male,181.2,79.1,24.1,injured,Lower Leg,pain,2.73151987,78.17672523554876,2.0964414999725416,0.335,72.89704025088253,49.37206999805464,11.050389723473288,25.91684652623575,5.546508525434211,5.826456972289572,10.138575140369923,-4.714157016008426,2.985074626865674,0.76
100805,61.0,Male,183.0,95.8,28.6,injured,Lumbar Spine,nerve impingement,1.861271547,82.1917808219178,1.358728229122075,0.32,68.38197736374616,46.57891709860806,-11.764471991408447,21.082896619955115,8.994620211554862,1.4903472683511088,4.37163243938889,-5.214275683815462,0.0,1.32
100806,36.0,Male,173.3,72.1,24.0,injured,Hip/Pelvis,osteitis pubis,2.96340897,96.0,1.8521306063047032,0.2725,66.1347645298024,35.92823567178539,11.321335366735584,18.35758046433428,9.689200761510111,1.0405857376674033,7.428833601662365,10.520378223375118,-5.504587155963307,1.28
100808,38.0,Female,165.4,51.3,18.8,injured,Knee,other,2.623779877,83.91608391608392,1.8760026121831703,0.3,80.3782074264816,48.56274486682884,13.336331796480716,22.839255434102743,9.21709224299,-0.4287315675090761,2.434826365910366,-14.782306228928942,6.666666666666673,1.18
100809,32.0,Male,179.5,82.6,25.6,injured,Ankle,achilles tendonitis,2.877273617,90.22556390977444,1.9133869555329337,0.29,60.80862580777779,40.84260162257189,8.953360349958414,22.64227526656936,11.660751431718756,-0.5747495418161379,7.603744088295873,-9.516582998177984,0.0,0.86
100810,43.0,Female,165.6,54.6,19.9,healthy,No Injury,,2.717189408,87.5912408759124,1.8612747443127544,0.2425,88.82764883301317,39.9165549449331,18.597609614140687,19.389024846208027,12.049818626914302,-2.366603173887211,4.991590897105476,-0.332354830866673,-6.185567010309284,0.77
100811,48.0,Male,186.2,79.8,23.0,injured,Thigh,ITB syndrome,2.706715385,78.43137254901961,2.0706372696617747,0.3025,97.0365535875585,47.66994627281672,13.485714984041948,25.14526262837224,16.27526093911364,2.1137298990776667,4.689033912323311,25.12929322006819,1.652892561983473,1.03
100812,39.0,Male,183.0,84.7,25.3,injured,Hip/Pelvis,pain,2.835236744,82.75862068965517,2.0555466396722,0.3075,87.8069671607397,48.50064738352478,12.09250366133859,24.57665702405296,8.368804049791471,0.000230813830524,8.972284989028424,6.266470357519818,-1.6260162601626031,0.98
100813,44.0,Female,173.0,72.4,24.2,injured,Knee,patellofemoral pain syndrome,2.651102166,79.73509933774835,1.994954379546388,0.325,82.1117054806723,47.51941329243446,10.029815702830495,21.49598642108684,10.520469529242469,-0.685979768084821,10.514377974807948,-2.5693594264060056,-3.07692307692308,0.75
100814,30.0,Male,174.2,77.7,25.6,injured,Hip/Pelvis,other,2.616884468,84.50704225352112,1.8579879725313169,0.305,86.98837596121126,46.52268974867569,11.919892393236797,25.748397520885483,9.174351077403983,-0.3084579439685773,8.721140898762227,3.341076064630592,3.278688524590167,1.21
100815,25.0,Male,174.7,69.5,22.8,injured,Knee,pain,2.496662311,75.0,1.9973298490735656,0.315,110.54620961793051,56.703647403878335,14.502887373780158,22.75647367793784,11.055444186298793,-2.920764218912745,4.088821369394442,7.048988883771247,6.349206349206355,0.85
100816,36.0,Male,170.9,72.3,24.8,injured,Thigh,hamstring muscle strain,2.719210643,81.08108108108108,2.0122158759890114,0.2375,98.48266980180615,45.26348476704338,5.072892428894901,21.64650367141569,5.975912246299208,-3.395176564793,11.476496998825166,8.049508476498476,2.105263157894739,0.77
100817,49.0,Male,186.5,83.0,23.9,healthy,No Injury,,2.704727375,80.0,2.0285455312820204,0.28625,83.21184134636235,40.38638724471463,6.460444515505787,19.65671224611444,3.28856759874155,-1.383706220093707,2.93412849891628,2.645198268961603,-6.113537117903916,0.98
100818,33.0,Male,184.0,84.6,25.0,healthy,No Injury,,2.968345986,85.1063829787234,2.0926839199987457,0.2925,76.19643699729258,42.35978008314865,12.82091817547047,20.51040811575298,2.0942083541025256,-0.2461012701247333,4.494586081425716,17.600901628987227,1.709401709401711,0.81
100819,39.0,Male,167.0,73.9,26.5,healthy,No Injury,,2.4817063,81.91221694157115,1.8178498644808043,0.2725,89.3103708472425,39.56781324456946,12.72418253899599,22.87716145967979,4.2173178052287525,1.8032988461806352,3.7921094889552185,-2.13306580705909,-5.504587155963307,2.09
100820,41.0,Female,160.0,62.1,24.3,healthy,No Injury,,2.031854258,78.43137254901961,1.5543685074408973,0.345,68.52713788099021,40.16563865841297,2.0388109928784752,23.770704369002186,7.719367224946051,-1.02779784916489,7.520686975753977,11.776158884042776,-2.898550724637668,1.1
100821,59.0,Female,161.0,51.6,19.9,healthy,No Injury,,2.644500988,98.36065573770492,1.613145602472379,0.2675,60.70190831842416,32.42002762161766,9.288191968336582,18.38257453330616,8.87406779798253,0.8758731096795981,3.7479363380158697,0.2806459791070824,1.8691588785046744,1.07
100822,34.0,Male,178.6,82.0,25.7,injured,Hip/Pelvis,hip flexor strain,2.717086818,81.63265306122449,1.9970588109517304,0.31,97.14375980110108,45.49102173595095,11.430622130529478,24.68161017283517,13.333766053219776,0.2983090743450292,9.984336659111532,18.24298920072922,-6.451612903225812,0.81
100823,35.0,Male,178.8,74.8,23.4,injured,Knee,pain,2.428033829,77.92207792207792,1.8695860480318711,0.33,101.28155528404972,49.891940901662096,9.29770374237729,26.239668744092327,8.644334635480831,0.1525263687101444,10.889138384632348,6.19863754469579,0.0,1.1
100824,20.0,Male,164.0,54.0,20.1,injured,Ankle,achilles tendonitis,2.725342343,75.9493670886076,2.1530204507793687,0.295,94.45425509642916,48.9804274381447,31.4243175692622,26.890769214345745,7.256322440081302,0.734872509134767,13.30794004290409,9.302056570007768,0.0,1.14
100825,57.0,Male,179.0,88.1,27.5,injured,Lower Leg,calf muscle strain,2.266707746,78.30404889228419,1.7368648103314812,0.3,99.29993493773614,47.55681452557567,4.680544899412141,23.11989915136152,11.02757967140808,0.3739315813439114,5.637200574109929,9.16303515345347,0.0,1.07
100826,25.0,Female,160.6,50.9,19.7,injured,Thigh,ITB syndrome,2.708949502,83.18965517241378,1.9538298284666324,0.33,90.8229771698316,43.99962026803092,8.754483680052363,22.30824467728008,9.32023280027594,-2.3512840703409106,9.801757499588806,0.9988615221834491,0.0,0.86
100829,27.0,Male,184.6,91.0,26.7,injured,Thigh,ITB syndrome,2.704883718,81.08108108108108,2.001613951557475,0.32,86.49656711226953,44.80095845629455,4.135276835983406,22.95523453108609,1.5142799447838529,0.3587562557125396,3.938677925563167,-10.754911673309628,0.0,0.72
100830,23.0,Female,163.0,59.8,22.5,healthy,No Injury,,2.675662572,87.5912408759124,1.832828861609868,0.29,78.58138382862415,44.55728352377206,19.98961266172717,22.867995731358484,8.471484007819981,0.1700064784417212,2.941961203340437,8.30859799511882,-3.448275862068969,1.17
100831,38.0,Female,157.8,59.3,23.8,injured,Foot,plantar fasciitis,2.47872968,87.5912408759124,1.6979298308375852,0.3025,76.81732689825853,46.10460556049274,6.567721955438943,20.80528946506561,9.411500825483312,-0.089334573433385,9.95210145737829,3.847689248799041,1.652892561983473,0.74
100832,52.0,Male,175.0,66.1,21.6,healthy,No Injury,,2.714209994,78.94736842105263,2.062799595346248,0.3,104.53327657325104,48.04151178014395,16.710616578562817,24.671530586547505,9.305370220257096,0.0540898174103263,3.40031447738839,-1.9736744212529933,3.3333333333333366,1.08
100841,43.0,Male,193.3,81.6,21.8,injured,Lower Leg,medial tibial stress syndrome,2.686390918,82.75862068965517,1.947633415352924,0.32,82.47073177901859,44.60684526748426,7.540855989417157,24.145860009469864,4.273332609052433,0.236607575514306,10.436502823906164,-9.634144464012358,3.1250000000000027,1.07
100842,19.0,Male,178.7,65.8,20.6,healthy,No Injury,,2.846238928,81.63265306122449,2.091985611759128,0.2875,91.42289283551024,45.77928508867066,13.592678884642869,25.31285426863072,5.66896133404471,-1.557799315325152,8.639864810689005,-9.176343201640323,1.7391304347826104,0.86
100843,44.0,Female,177.1,72.6,23.1,injured,Foot,plantar fasciitis,2.047513471,76.43312101910828,1.6072980751061268,0.3512499999999999,74.20712100016783,48.50300107068784,-5.264354758775297,20.821086853906863,7.315922328727748,3.4565699418675737,5.08397030731633,-16.553614999861495,0.7117437722419936,1.18
100844,19.0,Male,178.3,69.0,21.7,injured,Ankle,achilles tendonitis,2.9238527,85.71428571428571,2.046696890280604,0.2825,82.15478812213422,44.83770386593992,11.788752352907888,23.426691350189778,10.683574064608788,3.3758984317544463,8.474600079371545,-6.304618066955627,-1.7699115044247609,0.76
100846,40.0,Female,156.0,58.2,23.9,injured,Lower Leg,calf muscle strain,2.442668577,83.91608391608392,1.746508032648719,0.32,89.36329576825989,54.03348667974089,14.887838587153292,24.837601283378056,8.397136636222063,-1.3652024237637326,10.128360458073708,5.754754722911536,0.0,1.0
100847,49.0,Male,183.5,79.2,23.5,healthy,No Injury,,2.843873123,81.08108108108108,2.1044661111123144,0.275,105.1986446724584,39.53700533641703,13.886748222543291,19.476507429903684,7.013934822404127,-1.2394146433963686,4.659380762562081,-6.056993279722399,-3.63636363636364,0.75
100848,29.0,Male,171.0,65.8,22.5,healthy,No Injury,,2.924397225,83.33333333333333,2.1055660021027136,0.245,103.09535620642902,39.58992670572073,8.653288627623926,22.55967046066418,4.336463687874215,1.5284657496486078,7.040108078292878,15.4245425209081,4.081632653061228,1.04
100850,35.0,Female,161.0,57.1,22.0,healthy,No Injury,,2.253009826,84.6568774348217,1.5968207141626571,0.3125,88.70946801388925,35.73017487574768,10.84920628369699,17.345929164482627,11.924925966200274,-0.3370979417225603,7.170134910220089,5.478194408402908,1.6000000000000014,0.91
100851,34.0,Female,176.5,64.0,20.5,healthy,No Injury,,2.692426328,86.80012511729747,1.861139699045024,0.2975,74.29383919280497,39.55866962970352,16.1046469746182,22.090380354878768,7.744846380768263,0.8886801978812378,4.773509541151363,6.133948232806045,1.6806722689075646,0.81
100852,48.0,Female,170.0,58.7,20.3,healthy,No Injury,,2.705789626,83.33333333333333,1.9481685307826069,0.2825,81.1760629241827,44.300254899424885,13.395495946221365,21.74831803113078,7.432034368775039,-2.409091112400244,9.841329356101554,8.429580271907065,-5.309734513274321,0.76
100853,52.0,Male,186.0,85.0,24.6,healthy,No Injury,,3.139850146,85.71428571428571,2.197895102105284,0.2724999999999999,93.04754160210324,37.08545602397497,15.195459815123932,18.93218284862788,10.583050751278323,-0.3101126358227855,4.546439357310304,1.1349804104101784,-9.174311926605492,0.77
100854,29.0,Male,181.0,68.7,21.0,injured,Knee,other,2.467200211,75.0,1.973760168559986,0.305,100.25575098006732,44.79747731937216,12.307514587640185,23.60947085607034,7.564302928571942,-2.140004477373396,6.994522964671182,-10.34594434760753,-3.278688524590167,1.22
100855,37.0,Male,173.2,75.8,25.3,injured,Knee,pain,2.666880769,83.33333333333333,1.920154153520232,0.295,77.45302072620646,40.60337310614037,6.853420654361837,21.323241069473653,8.724320091583284,-3.8887478368903294,8.91152232016369,3.2774506714093907,0.0,0.74
100857,29.0,Female,159.0,60.2,23.8,healthy,No Injury,,2.693019755,86.33093525179856,1.871648729424824,0.3025,92.605994568556,45.26907930862607,15.238841631560849,24.22825435838544,12.282881005006343,0.1367666682358752,2.7368873475571736,-1.3664542451480333,4.958677685950418,0.84
100861,37.0,Female,169.0,95.0,33.3,healthy,No Injury,,2.200815326,78.43137254901961,1.6836237240698118,0.3525,73.59574957399963,38.426578192446726,5.21733089220244,17.840658961070353,10.49119276829344,-0.5553886554027861,7.8446342108171905,5.861334226161228,-1.418439716312058,1.13
100863,32.0,Female,170.0,59.9,20.7,healthy,No Injury,,2.740827933,83.91608391608392,1.959691971758372,0.2825,91.13434840547563,41.34769669692225,6.877832574659374,22.894911815405663,5.852142287712557,1.125738823470917,7.35005906141723,4.623594708624313,-8.849557522123883,0.92
100865,46.0,Female,166.1,57.6,20.9,injured,Lower Leg,medial tibial stress syndrome,2.4896673,78.94736842105263,1.8921471480713417,0.32,93.00064053520912,44.947667067890926,19.65909705652249,24.518343257141467,10.270428565217149,-1.2706786953931966,5.973711061193129,10.383357407733929,3.1250000000000027,1.24
100866,43.0,Male,165.0,60.2,22.1,injured,Lower Leg,peroneal tendonitis,2.712831948,82.75862068965517,1.966803162467388,0.28,87.84523215909047,50.01987724981749,8.044738595003402,26.21991970779576,5.205316275166075,-0.3049095300251978,5.60783694570776,-4.268347579987179,3.5714285714285543,1.28
100867,39.0,Female,160.2,56.7,22.1,injured,Lower Leg,other,2.69850738,83.91608391608392,1.929432776642304,0.285,91.42098324568876,52.13765126633172,9.607188290120678,26.00599291377024,10.642505906643889,-0.6723828329580299,8.218316750416058,2.677748878047592,-3.5087719298245448,0.78
100872,51.0,Female,167.9,70.6,25.0,injured,Lumbar Spine,low back pain,2.2671115,80.0,1.7003336253318897,0.3325,82.12207735886486,52.047841780338345,4.881406565655953,24.02609887467352,12.642801349250163,-1.906392419269605,6.6143952884433865,4.831323949681316,-1.503759398496242,1.08
100873,48.0,Male,187.4,78.8,22.4,healthy,No Injury,,2.542577165,75.9493670886076,2.0086359606678514,0.35,84.99565221383688,53.57087981314836,1.1116554880678442,24.201667669576548,8.412069794741544,0.4882096585895423,7.979361606093672,4.100151615708886,0.0,1.0
100874,54.0,Male,182.0,93.5,28.2,healthy,No Injury,,2.725638153,77.41935483870968,2.11236956868011,0.3225,105.88463779801108,37.70494797934575,9.83171984570301,20.97589289872414,6.597471387654348,-1.098318533902349,15.025497541305814,22.328859666548585,-4.651162790697678,0.78
100876,44.0,Male,175.3,67.8,22.1,injured,Hip/Pelvis,groin muscle strain,2.92104907,85.1063829787234,2.059339594459368,0.255,86.37759890315147,45.84387477151768,10.97100177949894,20.49678506559557,8.970884219398824,-1.173809886622519,11.405861718340958,14.1054812883137,-3.921568627450984,1.02
100877,28.0,Female,165.5,73.5,26.8,healthy,No Injury,,2.325961744,83.33333333333333,1.6746924553368785,0.315,73.30007412769658,41.00794630204028,11.057243509352976,22.025667741476337,14.135470560975287,-1.055229867298466,3.481187067457808,21.027639030340627,0.0,1.09
100878,52.0,Male,185.6,81.6,23.7,injured,Lower Leg,calf muscle strain,2.794737818,73.61963190184049,2.277711321606405,0.3075,113.76018588253731,52.012352277420405,-3.810142340068993,27.59147712607554,4.668935544713301,-2.516196950811656,6.527348685945177,-2.4694292262692854,-4.878048780487809,0.94
100882,19.0,Male,172.0,62.2,21.0,injured,Lower Leg,shin splints,2.721076546,80.53691275167785,2.0272020268663216,0.2825,96.45732753838088,51.78650649249526,9.8802788620894,25.57891629424069,6.516229733074955,-1.3313215429880498,9.648014461021353,-1.9762561732031527,1.7699115044247609,0.99
100883,31.0,Female,164.2,65.4,24.3,injured,Knee,patellofemoral pain syndrome,2.706179141,88.23529411764706,1.840201815906436,0.3025,70.60091427977011,45.42074805111653,11.359266579028702,17.75368963324981,21.696303650487216,-1.3717357845825404,10.860485909418204,20.64494387005988,-1.652892561983473,1.08
100884,26.0,Female,156.3,50.9,20.8,injured,Foot,pain,2.396165941,89.55223880597015,1.6054311804485608,0.29,70.86839767386931,45.498775234318224,9.230984891192511,24.043788079025816,10.644918025768815,-0.8590744465166527,5.916305719999063,8.17065009926809,3.448275862068969,1.31
100886,54.0,Female,167.5,82.8,29.5,healthy,No Injury,,2.547600004,90.9090909090909,1.6814160028428844,0.2875,66.29584617877546,39.84808488422419,1.697341766048737,23.093653401399585,9.978751885077392,3.348865513252399,10.570289985037297,18.84406871282187,-1.7391304347826104,1.08
100894,62.0,Male,171.6,71.6,24.3,injured,Knee,pain,2.653105183,83.33333333333333,1.910235731544184,0.315,68.73451154654353,49.49799706655089,8.62960630210547,26.582028860002275,8.404587494165066,0.7878085489507091,6.279407512384642,-12.92262484262568,6.349206349206355,1.31
100895,30.0,Female,164.4,61.2,22.6,injured,No Injury,,2.48787475,80.53691275167785,1.853466688775551,0.3325,81.80633779894345,48.3631175373332,10.302420052317672,24.4658039206048,14.39803798549831,-0.6711304646824314,7.747071320983011,9.769386777648917,4.5112781954887256,1.07
100896,37.0,Female,164.6,67.4,24.9,injured,Ankle,achilles tendonitis,2.243120407,80.53691275167785,1.6711247033550254,0.3425,62.8213740099435,45.23651904574436,6.762352073083722,22.35574743111925,17.08035240311621,1.6287055103906036,5.977762698310441,11.348773425885067,-1.459854014598525,0.79
100898,30.0,Female,178.0,62.1,19.6,injured,Thigh,ITB syndrome,2.492339805,86.95652173913044,1.719714465353479,0.3075,66.30708541013377,43.39658293017087,14.325170682954187,21.7550056766013,5.543807094699843,-0.4096352308071463,4.384227532574398,-0.9121422651394414,-1.6260162601626031,1.34
100899,33.0,Female,159.0,47.72727273,18.9,healthy,No Injury,,2.618276616,88.88888888888889,1.767336715621136,0.3025,66.72123953741254,46.34305095241952,13.394868714806568,25.16355293751642,7.048758500697607,-1.466881702236569,3.8885540290470737,12.710558199282,-4.958677685950418,1.29
100900,44.0,Female,155.2,50.2,20.8,injured,Foot,other,2.708592805,95.23809523809524,1.7064134672908573,0.2925,,44.27889623620735,8.774941553770084,22.640812976324444,9.49811847670174,0.2529562316376799,5.582941547127989,12.586012633124234,1.709401709401711,0.98
100945,31.0,Female,171.0,87.4,29.9,injured,Knee,patellofemoral pain syndrome,2.552181925,86.33093525179856,1.7737664378558804,0.295,80.9186792288586,33.593985210913715,3.130243667635092,12.49097019715121,11.899420472405437,-0.6960843147189455,4.450092233223473,25.48632801302937,-3.38983050847458,0.58
100946,55.0,Female,159.0,58.2,23.0,injured,Lower Leg,fibula fracture,1.655980015,89.22056384742952,1.1136465599219365,0.28,61.174363685002334,39.8655804428201,-6.442359223651796,18.75419925592809,6.786346723964505,-3.7378236263735793,7.2479931158116,-16.00612346570263,-3.5714285714285543,1.46
100949,32.0,Female,165.1,59.5,21.8,injured,Thigh,ITB syndrome,2.456561617,83.91608391608392,1.756441555965197,0.3,82.22500883395227,50.90376779087839,0.2464691460678356,24.321712684171136,11.781183832381856,-0.1902825976117004,5.319079184582336,-5.639747877796911,0.0,0.78
100988,44.0,Female,169.3,67.2,23.4,injured,Ankle,achilles tendonitis,2.358658011,76.92307692307692,1.8397532485186363,0.3349999999999999,92.5491447102136,53.775935642325074,5.76699913488407,25.93213188055233,18.9768546576773,-2.7531366174230563,3.859437767901033,15.891082519272162,-5.970149253731333,1.01
100989,36.0,Male,176.2,71.8,23.1,injured,Lower Leg,calf muscle strain,2.937679024,78.94736842105263,2.232636058155057,0.2775,94.1207929252362,53.14096226057463,9.387300728560566,23.77563746730303,8.508086166727214,-0.0622519679112194,5.529849262488634,4.960321627836842,-1.8018018018018032,0.85
100990,44.0,Male,181.0,96.9,29.6,injured,Thigh,ITB syndrome,2.724234138,84.50704225352112,1.934206237959266,0.3075,77.20676165958321,47.930183011752085,8.502694907837821,23.1479287699104,6.757381719900527,-2.263924432103415,9.841819435188055,14.183801157349295,-1.6260162601626031,0.7
100991,27.0,Female,173.0,66.2,22.1,healthy,No Injury,,2.705963402,81.91221694157115,1.9821181922571,0.295,84.3969960190459,43.141307023049066,11.558967757793546,23.85615372070588,9.84137904276536,-3.052218742994092,4.065462719174678,-1.976059329868624,-3.38983050847458,0.73
100992,46.0,Male,164.3,66.2,24.5,injured,Other,fill in specifics below,2.768520466,90.22556390977444,1.8410303191394624,0.2575,79.68610264370372,51.29969528037818,-4.539973254004067,22.8993283947284,3.1938203905806275,0.0839826678660045,8.175800996996491,-1.6511801805941235,5.825242718446607,0.74
100993,52.0,Male,177.7,77.7,24.6,injured,Knee,pain,2.913046131,81.08108108108108,2.155654136586951,0.285,87.70457180162839,51.2753039331084,9.497972485094843,24.85062309686977,11.537158478947651,-2.5093629234534243,7.646563465568595,10.643245678015605,3.5087719298245448,1.1
100994,45.0,Female,161.0,49.4,19.1,injured,Thigh,ITB syndrome,2.540750674,92.3076923076923,1.6514879380245169,0.2425,70.65252046383083,39.84090163009021,13.642323260796672,17.557384320457246,6.5653077822883485,0.6916959202614326,4.0562759325014,-4.2953307435178445,2.061855670103095,0.96
100998,46.0,Male,180.0,108.9,33.6,healthy,No Injury,,2.672399033,82.1917808219178,1.9508512940692435,0.3175,85.7215405843084,38.85093631077928,12.35505641284573,21.451174923076152,1.3755863477289705,0.865591475651894,5.636362434600015,-6.459288775402105,1.5748031496063006,1.08
101013,28.0,Male,181.0,73.0,22.3,injured,Knee,Pain,3.117926833,80.53691275167785,2.3227474001899484,0.2675,110.9897173402698,47.79737857445072,14.824730907282998,14.868226109710086,2.403443925353712,3.2615816447414625,4.85093168389985,-13.232637965839851,5.607476635514024,0.86
101014,58.0,Male,172.0,63.7,21.5,injured,Knee,Pain,2.488002111,76.92307692307692,1.940641646873102,0.32,104.10919053245402,50.88110078705514,12.77540368775437,24.98718519826991,5.562347896263844,2.2402127912520298,9.589157644474549,-6.422391513529209,0.0,1.03
101015,29.0,Female,176.5,59.0,18.9,injured,Ankle,Achilles tendonitis,2.658241805,85.1063829787234,1.8740604726519643,0.3075,72.03922550859616,31.294993594619,15.059561097052349,11.17619396262369,10.923978964282476,-0.1182224946876298,5.393369267631048,0.6205509715416196,4.878048780487809,0.85
101017,26.0,Female,161.0,65.4,25.2,injured,Knee,Other,2.238397905,76.92307692307692,1.745950365959244,0.3475,81.49844747342291,41.92046755954944,12.138412320218112,17.022199208330715,8.1289404164824,-0.4074561978489903,7.172168808589429,6.178148559436055,-1.4388489208633106,0.82
101018,49.0,Female,182.0,80.2,24.2,injured,Lower Leg,Tibia fracture,2.234998654,80.26845637583892,1.6706614939242512,0.33,65.72731593835078,24.28718486552134,14.52532998066259,9.679440807008016,12.426753893438176,1.2404338169311209,8.280291855905883,-3.4412522500423,1.5151515151515165,1.0
101019,33.0,Female,170.0,58.0,20.1,injured,Hip/Pelvis,Bursitis,2.78187907,75.47169811320755,2.2099328362200024,0.33375,113.58230032916094,48.31718523709797,14.866821159370152,20.71451641435385,7.694618964257867,0.8226401930115483,6.407201746662027,-6.557578106509257,-26.21722846441948,1.44
101021,53.0,Male,180.0,71.5,22.1,injured,Foot,Plantar fasciitis,2.780606534,79.47019867549669,2.0993579335432413,0.3225,82.19550218874281,38.67415742852103,8.632710634537695,13.355238679044028,7.113258477005461,1.4439888566228107,8.102678563273312,-22.5812749872628,1.5503875968992262,1.56
101035,57.0,Female,165.5,77.8,28.4,injured,,No injury,2.047158655,88.23529411764706,1.3920678852558617,0.285,65.79615912926678,31.604661312818248,9.713730408674357,14.66619741248882,9.664036441048705,-2.101815376272077,6.150654094316736,18.745671526637736,0.0,1.34
101036,24.0,Male,183.0,80.2,23.9,injured,,No injury,2.727663894,85.1063829787234,1.9230030449181683,0.2925,91.6272102374977,43.34250832982789,9.270470137697476,23.053060456809497,5.094661356078451,-1.59011073754095,5.230619942752027,10.047004536603009,1.709401709401711,1.16
101037,48.0,Male,182.5,84.0,25.2,injured,,No injury,2.706931202,81.08108108108108,2.0031290892460625,0.335,71.67912287676131,39.157485482825166,16.03924092829951,22.89079358494791,3.102450423479652,2.49050817578208,7.006046691598408,0.8993024168115314,0.0,0.89
101038,57.0,Male,172.5,71.8,24.1,injured,,No injury,2.727504049,89.55223880597015,1.827427712701054,0.2625,78.40417545280607,33.25985738193948,13.398028771285457,16.661409349092956,6.692018800136031,-3.32131854470331,6.7934619897247215,-5.058970323395662,-1.9047619047619064,1.01
101039,30.0,Female,159.0,54.6,21.6,injured,,No injury,2.569528654,85.1063829787234,1.811517700939308,0.2875,88.17772208098125,41.49903329819328,8.132432230192062,19.95007634903193,8.580177515944452,-1.6138094338494184,8.268920686986888,2.73236597016679,1.7391304347826104,0.96
101040,56.0,Male,192.0,88.5,24.0,injured,,No injury,2.69334884,85.71428571428571,1.8853441876925083,0.29,81.54797302065106,42.2086103093652,3.273251603484048,23.43459086807992,5.396741192985919,-0.4078694846194888,5.440343154493655,-7.089459347209899,3.448275862068969,1.03
101041,47.0,Female,156.0,56.3,23.1,injured,,No injury,2.739319848,87.5912408759124,1.8764340962198505,0.2725,72.76459473723054,40.237937766571605,11.612213249517172,22.717430145019584,6.578604139577918,-1.334495157191212,8.25428122323951,2.059062774776237,-1.8348623853211024,1.15
101042,33.0,Male,186.4,86.1,24.8,injured,,No injury,2.771542923,78.17672523554876,2.127159193641485,0.295,117.18443241173486,40.90003393659768,10.714978158842086,17.883822113388312,1.6984332804450737,0.951566024335334,2.376276178846891,-4.681989770475476,3.38983050847458,1.24
101043,38.0,Male,173.0,77.8,26.0,injured,,No injury,2.711525035,79.47019867549669,2.047201401146855,0.3075,93.05177318294204,44.563934300537696,6.679586981145569,22.570829618833194,-2.3220804315984207,1.0120575654371735,10.515615172547117,-1.6113293533018898,-4.878048780487809,1.48
101044,27.0,Female,171.0,65.1,22.3,injured,,No injury,2.458042543,80.53691275167785,1.831241694655532,0.295,113.61230947644862,33.46088675967429,19.69349762498729,17.740387657337813,9.70325080593512,1.5982791647164605,6.495181498664916,-2.096721885563965,-3.38983050847458,0.81
101045,62.0,Male,184.0,84.2,24.9,injured,,No injury,2.707748621,84.50704225352112,1.9225015211468428,0.2925,94.67320379573118,34.27869331954263,16.453825651523687,21.61649319708229,11.482527293740226,0.0887894383406298,5.378841498621842,-2.261388135115575,-5.128205128205133,1.23
101046,41.0,Female,164.0,59.1,22.0,injured,,No injury,2.704734978,80.0,2.028551233201827,0.285,104.3374067089822,43.7795766187181,22.21729497989999,21.94289094825833,8.925769709380805,-0.8078099697192351,5.295015548950432,5.153134623265794,0.0,0.95
101047,49.0,Female,159.0,57.4,22.7,injured,Hip/Pelvis,Other,2.226852337,90.9090909090909,1.469722542205819,0.2775,58.097555617322485,28.85970744734712,8.887780057268934,11.832806861473236,10.251966933620563,0.3232127838193865,7.8674035073386595,1.5402814363422994,1.8018018018018032,1.13
101048,45.0,Female,174.0,65.7,21.7,injured,Knee,Patellofemoral pain syndrome,2.748408827,80.13422818791946,2.057871109213311,0.3275,87.1556230755034,46.63139203273751,10.254993010169178,20.53790580895799,7.269851170101958,-1.1468482930763169,4.6639537983187385,5.937710998972031,-13.74045801526717,0.7
101049,30.0,Female,167.0,62.9,22.6,injured,Thigh,ITB syndrome,2.742777366,83.91608391608392,1.9610858167898,0.2975,76.8073979156461,46.050660695127576,6.88624290369715,20.96765435171909,11.502749623763108,-1.3948703547379036,6.026944014129562,-9.864667192353442,1.6806722689075646,0.92
101050,49.0,Female,173.0,90.2,30.1,injured,Hip/Pelvis,Other,2.149632187,83.91608391608392,1.536987014029216,0.3025,78.23859524181341,38.17635064041484,-1.6930796110876698,14.816436815341692,11.120114580815777,3.773877506291455,5.351570220050222,10.023588849008132,-1.652892561983473,1.21
101051,50.0,Male,164.6,64.4,23.8,injured,Knee,Pain,2.453348792,80.0,1.8400115940051307,0.2774999999999999,95.1280800868768,42.32757170261273,6.564981488863618,16.587449442628543,2.427918868202735,2.4399800980196846,9.423627749909816,1.6557223365058515,5.405405405405391,0.75
101053,36.0,Male,167.0,56.5,20.3,injured,Knee,Other,2.60380861,85.71428571428571,1.8226660266927768,0.27,82.76225225876982,42.47921484544712,8.592514797457003,20.07420851784965,-0.1672081103445998,3.347203396933147,7.296531660749684,4.2176346083338,-3.703703703703707,0.91
101054,25.0,Male,174.0,59.0,19.5,healthy,,,2.978970575,82.90229885057471,2.156029953414784,0.2425,98.10643022485304,42.39592644452262,13.7014786600339,20.05085455444916,4.532521264254987,-1.5759965985343691,10.032775824595417,0.6607568554458292,-6.185567010309284,1.0
101055,48.0,Female,153.0,59.8,25.5,healthy,,,2.086515909,86.95652173913044,1.4396959772585347,0.2925,79.32821660268331,34.81927530773717,11.05006790778672,16.20803327822463,4.578045615310342,0.9284794799295322,0.8173101446549418,-12.66911278766776,1.709401709401711,1.44
101056,50.0,Male,180.3,79.0,24.3,injured,Lower Leg,Medial tibial stress syndrome,2.72660646,85.71428571428571,1.908624522328052,0.32,77.46941381179741,47.99740377102867,14.377742850391645,23.53586474968713,7.036518184304358,0.8310503288209052,6.211930041505345,-5.5734951014889065,0.0,0.73
101057,38.0,Female,158.0,54.9,22.0,injured,Lower Leg,Other,2.542162655,83.04597701149424,1.8367125180449289,0.32,89.44590498196129,38.87245333125791,16.84459204772147,19.123898782296607,15.50134788262802,-0.3334422658968115,6.489189606244604,-12.429472012853738,0.0,1.15
101058,36.0,Female,171.5,64.4,21.9,healthy,,,2.259529768,77.41935483870968,1.751135570179536,0.3462499999999999,94.16284188429626,41.19228564483944,5.810765466283646,16.945556158346346,8.65142229206035,1.109297387281142,6.271887558486264,-6.250669215857887,0.7220216606498202,0.82
101059,52.0,Male,188.0,64.9,18.4,injured,Ankle,Achilles tendonitis,2.740789453,83.91608391608392,1.9596644589743848,0.2625,90.70802695727588,37.07852286191985,11.485968634984982,18.85582405386208,7.157490386284555,1.914700856959404,7.831358328238672,4.087313700691023,1.9047619047619064,0.8
101060,52.0,Female,175.0,63.9,20.9,healthy,,,2.300378515,77.92207792207792,1.771291456574756,0.33,100.19397858660332,42.05332453058756,5.497147856788254,19.9323474086987,9.105732448954909,-1.156264014650497,5.908248583373066,-4.387863278704019,3.030303030303033,0.88
101061,51.0,Male,177.0,89.4,28.5,injured,Knee,Patellofemoral pain syndrome,2.322904725,76.92307692307692,1.811865685611404,0.3425,93.58059347705772,43.297742189436704,5.446684026939401,18.550985117030823,7.83327638700764,1.6273332000693312,7.201241700916392,10.240363641786317,1.459854014598525,0.73
101062,36.0,Male,183.0,114.0,34.0,injured,Foot,Plantar fasciitis,2.194775487,80.26845637583892,1.6405946768536075,0.3275,82.58907512995359,32.57731610555777,0.3748088074039978,11.700776254952418,8.155888603142783,1.2264836036544249,6.176716518185839,-4.229259058725012,1.5267175572519096,1.16
101064,27.0,Female,165.0,64.4,23.7,injured,Foot,Other,2.624841786,84.80671261612227,1.8570755638981788,0.315,93.16696944880246,34.73665832326532,12.09076664096019,13.575649846584692,6.683825481670047,0.1944427930496139,12.450107251540404,-5.363230099396502,3.174603174603177,1.01
101065,48.0,Female,156.0,58.0,23.8,injured,Ankle,Pain,2.304791525,82.47520075578649,1.676735834673229,0.3275,65.01725560388451,49.503687228286864,9.15557613615448,23.634487577459552,7.795399928941789,0.8720639310738914,7.462919924518689,4.108491853685195,1.5267175572519096,0.88
101072,32.0,Female,167.0,55.1,19.8,injured,Lower Leg,Compartment syndrome,2.861886661,91.6030534351145,1.874535762988699,0.2775,57.23268981442925,43.124531732407775,15.463032063780238,14.819188022282246,6.006801721200008,1.0822038045282134,6.957483943855678,3.122626193139694,1.8018018018018032,1.18
101073,42.0,Female,172.0,84.0,28.4,injured,Foot,Plantar fasciitis,2.02245784,82.1917808219178,1.4763942235415044,0.3325,79.13586480698592,31.97797378711452,8.722419280205575,13.031563882700466,7.834198226239978,1.5352814304989926,5.727414581830114,6.703801386266524,0.0,1.03
101074,28.0,Male,190.4,87.4,24.1,injured,Lumbar Spine,Pain,1.700852198,80.53691275167785,1.2671348877300388,0.3225,102.38432020022924,41.92433424844839,3.124419373004576,22.98650057780757,4.52891381402036,-0.5579957270231238,2.147627552849001,-7.184037149899112,1.5503875968992262,1.13
101075,40.0,Female,167.0,82.8,29.7,injured,Hip/Pelvis,Other,2.071164624,78.43137254901961,1.5844409373777546,0.3425,86.4519792801392,35.40240673150611,6.5104534527424285,17.434245218184017,13.687417574992097,-2.2726531800862606,8.252218907785991,7.167939210995304,1.459854014598525,1.2
101076,31.0,Male,180.0,59.7,18.4,injured,Hip/Pelvis,Hip flexor strain,2.783856563,86.95652173913044,1.920861028239387,0.28625,77.08799891737334,40.9107469552537,17.78026801759618,17.685093045647903,7.0356969028075245,-0.6830239538571424,8.295193668717124,3.2010232573052098,-2.620087336244544,0.7
101077,27.0,Female,150.0,51.1,22.7,injured,Other,,2.534555957,88.23529411764706,1.7234980506333692,0.295,73.64725705451235,40.2774035011326,9.412577239931403,17.301967795191622,6.522150701353574,0.4931982656523712,6.713962345880562,-0.1684748212381327,0.0,0.88
101078,43.0,Female,174.0,69.0,22.8,injured,Knee,Osteoarthritis,2.51218623,80.0,1.884139672840036,0.3,99.4047025430538,42.8151861686261,8.16598160202021,18.47752659858923,9.842935246928173,-0.4231823555045777,5.108699856527409,-7.223069430882624,6.666666666666673,0.87
101079,18.0,Male,173.0,84.6,28.3,injured,Knee,Patellar tendonitis,2.506341025,81.49476006618863,1.8452935794842305,0.3325,69.77397497928399,44.67283374478821,13.24405030124448,17.686477483221886,5.430190784855634,0.5052498302631485,7.730399345419436,-0.6846730512933512,1.503759398496242,1.77
101080,42.0,Male,180.0,79.1,24.4,injured,Sacroiliac Joint,Piriformis syndrome,2.861426732,91.6030534351145,1.874234509413404,0.27,62.42998999258543,36.488962208652,9.528776735839273,17.794010930191526,9.170520850980823,1.0052573324801897,12.110493793566553,-1.5789132581587555,-3.703703703703707,0.74
101081,50.0,Female,172.5,64.6,21.7,injured,Lumbar Spine,Other,2.218199575,80.0,1.6636496814477169,0.3125,91.6103246816674,44.48279515015372,5.165889544276498,19.618956075780787,5.782613114134518,-0.7693607179585853,5.202391037830472,7.392848176848759,-4.800000000000004,1.06
101082,46.0,Male,167.0,59.0,21.2,injured,Hip/Pelvis,Pain,1.89376203,81.63265306122449,1.3919150919474674,0.3025,77.8803624087227,39.4861007627489,9.422051854828345,19.114532309318427,4.977665123406778,2.600882243549773,5.620874641776346,4.601949398126561,-4.958677685950418,0.81
101083,41.0,Male,182.0,81.9,24.7,injured,Knee,Patellofemoral pain syndrome,2.717378293,80.0,2.038033719678387,0.275,100.67458133405792,41.44351761844276,7.790277899573875,18.662726267980208,8.074924637595064,0.4783630307667541,8.634476621063367,10.554689775303046,3.63636363636364,0.8
101084,41.0,Female,173.0,78.3,26.2,injured,Thigh,Hamstring muscle strain,3.176450673,83.91608391608392,2.271162231072534,0.27,68.62877956889761,51.00801455073872,12.455876373445005,16.74096196716657,7.141551724359996,-0.0841914515398138,5.6482206829554364,3.191904197805316,0.0,0.71
101085,40.0,Male,173.0,88.6,29.6,injured,Lower Leg,Calf muscle strain,2.751697086,81.63265306122449,2.0224973582766737,0.3037499999999999,112.29906397347304,37.51235400698593,6.1803285913709525,18.02687474767584,11.441962576823542,-1.7344459222350377,10.430232785062085,0.3289750802357657,-0.8230452674897127,0.69
101086,36.0,Male,177.0,79.3,25.3,healthy,,,2.495625025,75.11792452830188,1.9933804885364663,0.31,129.30202060903892,43.14648621547192,4.583097184489203,19.600194139327733,7.940823668284249,0.7285850699327963,8.654467456288018,11.097523362573025,3.225806451612906,0.74
101087,32.0,Female,167.0,58.1,20.8,healthy,,,2.713546232,86.33093525179856,1.885914631002196,0.31,86.3574383161511,38.69484372147977,22.641708297302458,19.70894854515484,9.462612157642834,-0.0051810784783983,9.666583788016055,-10.156282193048993,0.0,0.83
101088,30.0,Female,169.0,69.2,24.2,injured,Thigh,Hamstring muscle strain,2.835977844,81.63265306122449,2.0844437150400963,0.275,106.65945667074568,45.28057678176079,8.891340541152736,21.594032919649365,8.915212321861286,-0.3485881588608746,4.704930932522245,8.864161074677607,0.0,0.85
101089,18.0,Female,168.0,61.4,21.8,injured,Hip/Pelvis,Hip flexor strain,2.739447434,80.53691275167785,2.0408883379898994,0.265,114.51745334929666,43.315493652844026,11.060529510297933,20.43198796406764,15.779394664395763,0.9732259950075276,6.814631544189923,-3.4133395096446537,3.773584905660381,1.1
101090,49.0,Female,171.0,59.4,20.3,injured,Knee,Bursitis,2.56165689,84.80671261612227,1.8123722494265213,0.3,81.33558436767362,37.16301541913003,16.467592262164203,17.358566569756043,10.320415780386952,1.1603780703141209,6.101508752731025,-6.185757280038941,3.3333333333333366,0.84
101091,39.0,Male,174.0,87.5,28.9,injured,Lower Leg,Medial tibial stress syndrome,2.50891862,82.1917808219178,1.831510592748984,0.30625,97.37435089625984,36.5127839780404,10.645723405444675,15.402725976224072,8.547866277370613,1.4925148016439274,9.131220523192676,-8.406360390615923,-2.4489795918367365,1.09
101092,28.0,Male,170.0,71.5,24.7,injured,Ankle,Other,2.606051659,83.33333333333333,1.876357194622158,0.3075,93.768503761357,40.87610129532254,13.491295937942098,18.72071845207701,2.750584297491069,0.7537063968732134,9.025191963364918,5.45903922519247,-1.6260162601626031,0.97
101093,49.0,Male,171.2,78.4,26.7,injured,Hip/Pelvis,Pain,2.25885212,77.1712158808933,1.7562575230027615,0.31,102.2349061634327,42.58598137423451,5.804901077922173,17.87339596702826,5.636785976622792,-1.2823474230641916,10.96563875706178,10.505939913020496,-3.225806451612906,0.83
101095,57.0,Male,181.0,94.7,28.9,healthy,,,2.35272107,73.84685298795728,1.911585869043229,0.3475,94.92157286557014,45.33085844270171,-1.3211526687463273,20.36217930693344,5.070901200228472,-0.6540068213113731,13.781391542731892,6.2070799539227846,1.4388489208633106,0.59
101096,40.0,Male,176.5,88.4,28.4,injured,Knee,Other,2.631162098,80.53691275167785,1.96021576306952,0.2875,101.89048073299747,39.82982459269233,8.593017363329881,19.008889318298007,8.62700252345253,1.6350412585957457,9.386917429548088,15.249571388392662,-1.7391304347826104,1.03
101097,39.0,Female,165.0,73.3,26.9,injured,Hip/Pelvis,Other,2.256726739,82.75862068965517,1.6361268860966545,0.27,107.04670194684992,36.53511260655285,-0.9964094679519852,15.02179702990363,8.780294764776523,1.4072333699639534,6.208884072088876,7.015916709174937,0.0,0.78
101098,39.0,Female,170.0,65.0,22.5,healthy,,,2.806603284,88.72549019607843,1.8979654708583047,0.2575,87.77988278347371,27.360123620508222,18.633670656287403,10.992930569687232,12.354090136647276,0.4592338910550959,4.814217045959906,-5.831876653809962,13.59223300970875,1.28
101102,56.0,Female,160.0,53.3,20.8,injured,Sacroiliac Joint,Muscle strain,2.32268707,88.88888888888889,1.5678137721142535,0.295,67.67380908130446,35.713603149140404,8.951746004273607,17.798737998214854,8.308905651689855,2.232120204892051,5.934135854565498,-14.08260512331761,3.38983050847458,0.93
101103,18.0,Female,174.0,54.6,18.0,injured,Ankle,Other,2.751646387,85.1063829787234,1.9399107031188685,0.33,74.70412055309632,41.93145117015055,17.716618922700135,19.99193114020764,10.678669867170438,-1.158602585493407,8.655701896659966,-3.0967762840964506,0.0,0.85
101104,20.0,Male,176.0,77.1,24.9,injured,Thigh,Hamstring muscle strain,2.747228796,80.0,2.0604215971909867,0.32,101.64873609713428,49.64186741699455,2.4286507233633534,22.525514148748904,6.235437563815738,1.1607268354415416,10.89840203750009,7.184835580707492,-3.1250000000000027,0.78
101105,62.0,Male,183.0,84.8,25.3,injured,Lower Leg,Calf muscle strain,3.266066731,82.75862068965517,2.367898380199273,0.315,71.91696243465458,53.463523159612734,5.032303363200409,21.25755786422884,2.102765475862306,0.9675574029874896,6.757054319000902,9.03011791792128,0.0,1.72
101106,56.0,Female,166.0,105.5,38.3,injured,Lower Leg,Shin splints,1.82430949,74.07407407407408,1.4776906868197437,0.37,77.50003368220575,34.84696048290034,0.196963384282689,11.685831574027322,9.378112392333737,1.7242470782677102,13.390378893103222,23.673883430347235,0.0,0.99
101107,28.0,Female,177.0,68.9,22.0,injured,Thigh,ITB syndrome,2.534749924,78.94736842105263,1.926409942028172,0.335,83.44635353644406,41.9345947662241,8.936600519325594,18.314284411764287,10.697493949500895,-0.9329182785045682,4.989960023215361,2.7619232584153166,0.0,0.69
101108,47.0,Female,175.0,90.8,29.6,injured,Knee,Patellofemoral pain syndrome,2.280812057,80.80899691637947,1.6935029521701377,0.32125,66.66652490111147,34.42302644592022,5.723946064137547,11.774224095457528,10.820640647225757,-0.7548485558483486,5.807603878551054,-16.059780724980637,-0.7782101167315181,1.12
101109,58.0,Male,180.0,70.0,21.6,injured,Knee,Bursitis,2.722992194,80.53691275167785,2.0286291848926923,0.2925,94.8839901561916,41.39136280797488,13.892467590024394,20.221352075195497,8.157551482452586,-2.2694031875211564,11.14117758541581,17.55769040859393,-11.965811965811955,0.93
101110,21.0,Female,167.0,57.4,20.6,injured,Knee,Patellofemoral pain syndrome,2.514954025,81.63265306122449,1.8484912080775584,0.3399999999999999,94.69033064059136,43.51981795926659,14.09141142658238,22.426054867500145,9.290939410180805,1.5100760678844356,3.692551883270084,-0.7860601767899174,5.88235294117646,1.1
101111,47.0,Male,181.0,81.0,24.7,healthy,,,2.875072366,80.80899691637947,2.1347412315474177,0.2775,96.86093259095792,40.621574222619415,14.480861549315188,20.5859183755298,5.3022683719714365,0.3171684681510469,7.742096052419988,-2.114516881187012,-1.8018018018018032,0.69
101112,67.0,Male,165.0,61.7,22.7,injured,Foot,Plantar fasciitis,2.772750661,87.5912408759124,1.8993342025856137,0.26,84.36636262770884,41.45599627079601,15.33319545313628,20.5792141735636,3.436115372829536,0.0981558454625839,5.606648660348727,-1.3781792462967564,-7.692307692307699,0.8
101113,40.0,Female,167.0,76.2,27.3,injured,Knee,Other,2.366178213,84.50704225352112,1.6799865314131004,0.305,77.70254803560232,40.111623827283,8.614260271533592,16.07772966095298,6.813705327539555,0.0733039003279447,8.608954364047339,-0.825452748426855,0.0,0.88
101114,59.0,Female,167.0,84.5,30.3,injured,Foot,Plantar fasciitis,2.153187429,83.91608391608392,1.5395290120878156,0.3125,69.44196730493323,44.05374677408252,4.342814286913884,20.1613292707644,12.84964316776889,2.285447679050806,7.520743131385601,-6.565776092734171,-1.6000000000000014,0.92
101115,41.0,Male,183.0,92.9,27.7,healthy,,,2.761634928,86.33093525179856,1.9193362746686424,0.2575,91.33813983144536,33.3380464689442,11.585072144217738,14.872969756659264,7.313219991070461,-0.8713738861029596,6.381273667998579,1.8605600848766484,-1.941747572815536,0.7
101116,33.0,Male,178.5,84.4,26.5,injured,Knee,Other,2.876543226,78.94736842105263,2.1861728516394443,0.2925,98.7334365941698,44.36781150528919,8.547127868228628,19.290132676867174,6.360109244138819,3.801060786944032,9.446187687150095,-4.189873075052798,5.128205128205133,1.03
101117,31.0,Female,167.0,57.7,20.7,injured,Lower Leg,Other,2.720137631,84.50704225352112,1.9312977179178288,0.305,81.90922103909034,40.24095992999786,10.24487287369382,21.45471033743565,4.864770515341029,-0.2355031048655966,6.635769691976459,7.40674623317075,3.278688524590167,1.06
101119,26.0,Female,169.0,65.5,22.9,injured,Knee,Pain,2.531065898,77.92207792207792,1.94892074127958,0.3875,117.07200388363312,49.582674726936254,15.840872800816792,21.28518867904849,14.16481901773134,1.768479147183002,6.849458077694493,-4.571408407496436,-1.2903225806451624,0.83
101120,34.0,Female,180.0,74.8,23.1,healthy,,,2.817700306,86.33093525179856,1.9583017126445543,0.27,103.05224461442208,37.17207467327616,10.628567856332056,18.466759060485305,9.862325366742262,1.922587750299596,4.62140734591245,-0.5369571340241286,-7.407407407407414,1.03
101121,33.0,Female,162.0,54.9,20.9,injured,Knee,Ligament tear/rupture PCL,2.368373517,89.72057008192122,1.583849789770308,0.2825,62.34918804988857,40.558646897543,10.74073808659968,19.417970814427584,7.2702615919367535,-1.4152793958956662,6.170723563944354,-15.424823510897555,5.309734513274321,1.32
101122,49.0,Female,160.0,65.0,25.4,injured,Foot,Plantar fasciitis,1.990581988,73.61963190184049,1.6223243202867277,0.34875,101.38708450439918,45.19601287403648,5.536905598931369,21.344331050676097,6.940721015177004,0.664164687324093,9.638796532136064,-0.0456851659455647,0.7168458781362014,1.07
101123,22.0,Male,176.0,80.4,26.0,injured,Lower Leg,Medial tibial stress syndrome,2.707537997,79.73509933774835,2.0374223428833207,0.325,86.32178674664436,46.74533421780994,9.799245156380726,25.12796124655827,6.568032329222137,-0.9248175828822588,10.602487415697198,3.3573882768873107,-3.07692307692308,1.23
101124,56.0,Female,162.0,55.0,21.0,healthy,,,2.166723944,84.50704225352112,1.5383740004448376,0.305,74.59740988430428,36.866999698723205,14.13594476766348,17.187046562450966,5.515231794499552,1.421079751709924,6.990958899102745,1.754548476573763,3.278688524590167,1.31
101125,45.0,Male,176.0,74.3,24.0,injured,Knee,Meniscal tear medial,2.743063068,82.1917808219178,2.002436039750456,0.32125,70.7123789557055,48.87061334120061,10.429862539341512,27.199896952949068,6.383629174618596,1.1971503807527644,10.19203787050352,-1.4214323967660667,0.7782101167315181,0.89
101126,45.0,Female,161.0,57.8,22.3,healthy,,,2.845116868,77.41935483870968,2.2049655727294737,0.28,107.9231100405358,45.39979059823273,14.58224739153142,22.24591547120766,7.05799047029643,-1.200775133474911,11.36630330781869,-12.036551484534916,0.0,0.72
101127,32.0,Male,186.0,76.7,22.2,injured,Knee,Other,2.856492921,86.6437284954645,1.9781213479285464,0.305,80.29832743166037,38.12929203748295,12.29577101651622,21.630371617472697,6.002315627511588,-0.603344207775848,8.542078437844545,-7.167697623021438,0.0,0.87
101128,58.0,Male,175.0,80.0,26.1,injured,Hip/Pelvis,Other,2.507699709,86.95652173913044,1.7303127989674725,0.29625,76.59870499827389,39.969686637684966,3.27395546975674,15.692132592438302,11.23241585987223,-0.6531967339963005,6.168220843245617,8.905397470749932,-0.8438818565400851,1.06
101130,46.0,Female,165.0,66.9,24.6,injured,Sacroiliac Joint,Other,2.77752205,89.55223880597015,1.860939773445953,0.31,61.4944961880374,42.27674746634475,11.18805445859364,18.169953915889323,9.1160734340996,0.4131036317859333,6.546573354222128,3.7903990311629614,0.0,0.65
101132,53.0,Female,160.0,55.9,21.8,injured,Ankle,Achilles tendonitis,2.529294589,86.95652173913044,1.7452132665820472,0.295,71.54002861519751,41.495654800541246,14.253766982397067,20.14791756819524,4.214991005793587,3.0098515803433017,6.708183101741109,-4.002866924042504,0.0,1.07
101133,44.0,Male,169.0,78.2,27.4,injured,Knee,Patellofemoral pain syndrome,2.493182361,83.91608391608392,1.7826253882507015,0.31,97.17939078475683,42.72739278264248,8.462601260436799,20.940384942125306,12.027415451914678,2.362586047977828,9.122387235972669,-13.056672202556106,3.225806451612906,0.95
101134,55.0,Male,174.0,68.0,22.5,injured,Thigh,Other,2.768835069,83.47902097902099,1.9901002060124284,0.255,97.68229378154376,39.79349258378147,5.3577462336917065,15.737987854929337,3.396145079101281,-1.337217430611334,9.743625354803951,-1.5360542820814178,-7.843137254901968,0.9
101135,36.0,Female,157.5,59.8,24.1,injured,Thigh,ITB syndrome,2.503153753,90.22556390977444,1.6645972459627958,0.295,86.41380941823743,33.95327689720644,12.631722313152778,16.95172136310851,9.289038494329152,-0.4169344500633647,6.971141284693202,-2.5937281982184603,0.0,1.28
101136,52.0,Female,166.0,62.8,22.8,injured,Lower Leg,Tibia stress fracture,2.597572431,85.71428571428571,1.8183007013758776,0.305,77.51061477311055,48.74662773151126,12.8421357546435,21.195798028649257,7.881054657348851,0.3601268987319124,7.514786776067775,4.451965880521642,0.0,0.6
101137,63.0,Male,168.0,62.4,22.1,healthy,,,2.501970565,80.0,1.8764779237389104,0.3275,87.28172972363296,49.91283628040691,3.641062038461824,20.7150768442032,5.444428780628094,-0.659094929558703,4.683839208410896,-2.16272739511946,1.5267175572519096,1.02
101138,48.0,Female,164.0,70.8,26.3,injured,Knee,Other,2.645923365,93.75,1.6933909538151566,0.2875,66.95680021671362,38.49862649546687,9.59805246864508,19.23556150324089,6.641599518674408,-0.7142825127596761,6.230363624479434,-26.264386909726365,1.7391304347826104,1.74
101141,40.0,Male,179.8,100.4,31.1,healthy,,,2.440051882,87.91326749677972,1.665335409796369,0.2775,76.28397880715033,38.6903998408969,4.062165842189798,16.678872784986964,10.665902938854774,1.2430990026060775,5.402464445956282,9.052799121353114,1.8018018018018032,1.2
101142,46.0,Male,185.0,94.3,27.6,healthy,,,2.895195606,82.1917808219178,2.113492792119186,0.3075,86.10537904868067,41.25733473320524,8.096261621580183,19.171748027644128,9.2336363638846,0.7881320727725023,11.59951258632185,-7.127559867104176,4.878048780487809,1.3
101143,45.0,Female,180.5,70.8,21.7,injured,Thigh,ITB syndrome,2.336829719,80.53691275167785,1.7409381409182645,0.3325,75.55277205358976,33.87894839040148,8.03091962426754,15.971872421863075,8.247116592437054,1.9450925463552329,8.8712650648872,-12.0919400320545,-1.503759398496242,0.9
101144,28.0,Female,163.5,61.8,23.1,injured,Knee,Pain,2.119345564,85.41033434650456,1.4888402590395406,0.3125,54.69565790497438,38.09991687782676,3.936864819995839,16.00498266020025,6.307423808923746,0.5567477900267743,3.8397310955647135,6.887824466321138,-1.6000000000000014,1.15
101146,44.0,Female,158.0,57.3,23.0,injured,Sacroiliac Joint,Pain,1.885086762,80.54794520547945,1.404389637980334,0.3625,80.23784658609378,44.83851149723319,1.3315996800761616,20.94255142504842,7.692283673425424,2.4422870883405627,1.304079530438742,8.433176111726333,-6.896551724137938,1.34
101147,52.0,Female,159.5,60.4,23.7,injured,Foot,Pain,1.861505695,82.1917808219178,1.3588991575625946,0.32,57.234380980015885,52.566918320502566,0.7014082588971022,23.79050860814704,9.63382931133174,0.3630593806173448,8.54351934529241,2.346592606342732,3.1250000000000027,0.96
101148,49.0,Female,165.0,80.1,29.4,injured,Lower Leg,Calf muscle strain,1.997221195,75.23584905660377,1.592783902761219,0.3725,64.21148243677465,40.608444893739446,6.359962373211241,17.193619301155664,17.570427787239772,0.8827719924996904,13.144028695106195,17.417982499959376,1.342281879194632,1.24
101149,40.0,Female,160.0,51.0,19.9,injured,Thigh,ITB syndrome,1.754274372,82.75862068965517,1.2718489196761038,0.3125,69.4941331971724,35.76461477859979,9.757744586986032,18.36544735298766,7.960448888789982,0.3968948764351689,8.246437649830684,-11.941410783860103,-1.6000000000000014,0.82
101150,25.0,Female,160.0,62.0,24.2,injured,Knee,Other,2.413351581,84.21156308480252,1.7195130013016189,0.3175,83.5028512244927,42.06578287115477,6.855922392999292,18.523877104722843,5.488573465227665,1.3541645338150374,7.346787576645947,-6.851028653034084,-1.5748031496063006,1.14
101151,51.0,Male,170.0,85.0,29.4,injured,Thigh,Other,2.275058013,81.08108108108108,1.6835429298883526,0.315,68.52681857400108,43.43368652988861,12.213357747708605,17.518223635172937,2.554632100773568,1.416845257856466,4.899536762255661,10.340303733643584,0.0,1.19
101153,35.0,Male,178.0,78.1,24.6,injured,Lower Leg,Calf muscle strain,3.179002752,90.9090909090909,2.0981418165245573,0.295,69.6274548083299,43.96870875008016,6.850310399560408,18.7462828669204,4.439753235728509,0.2771187838023641,8.832419438849499,21.514212127001525,0.0,1.22
101156,59.0,Female,174.5,75.0,24.6,injured,Lower Leg,Calf muscle strain,2.321691731,74.53416149068323,1.8689618431218824,0.3625,102.49595347535433,45.10051289407636,17.987031939086005,21.79695225905624,5.79818340029443,0.7506726542921558,13.680546214479024,-14.394443566341414,-1.3793103448275874,0.83
101159,55.0,Female,150.0,60.4,26.8,injured,Thigh,Hamstring muscle strain,2.170321582,88.88888888888889,1.464967068107901,0.2725,70.22304440905262,43.75383813605892,-5.0655936875001775,22.45088559482681,5.173599278050102,0.925761133827451,6.134443127238142,-0.3478172437856171,1.8348623853211024,1.62
101160,47.0,Female,174.0,72.7,24.0,injured,Hip/Pelvis,Other,2.446460965,81.08108108108108,1.810381113783876,0.315,81.38350538147051,30.07603867515112,8.241506441715103,16.852453567615818,6.408834251048206,-2.662157832820443,7.981237888782665,-2.911658319431391,-6.349206349206355,1.02
101161,56.0,Male,170.0,77.1,26.7,injured,Thigh,Hamstring muscle strain,2.762465016,77.41935483870968,2.140910387744772,0.325,103.66151615993276,53.34182439581449,12.771478197718986,22.65443779667364,5.041852790143157,0.2932292156944427,10.635622289782882,4.433977845339276,-3.07692307692308,0.73
101162,34.0,Female,152.5,52.2,22.4,injured,Hip/Pelvis,Other,2.689738943,82.75862068965517,1.9500607337519649,0.2675,111.14734721390332,40.02342656429381,10.902583654104962,15.184149283449049,9.179398213872776,-1.1427771565825953,7.596181245574698,0.6920234702554084,-5.607476635514024,1.26
101163,50.0,Female,153.0,68.0,29.0,injured,Foot,Metarsalgia,2.356896204,84.50704225352112,1.6733963045175877,0.3025,76.9757906875127,32.192254857101204,18.87042041206801,15.379365305646024,9.815937730290385,3.916536711408099,7.366013268578927,15.72050807452612,-1.652892561983473,1.03
101164,27.0,Female,170.0,62.6,21.7,injured,Lower Leg,Peroneal tendonitis,2.375675188,77.1712158808933,1.847087458590476,0.37375,96.28633850554382,46.79694290146152,15.272471348008654,21.976433171062485,11.480686422760629,-1.5545694260925629,5.835061830944606,11.937021794873075,16.72240802675585,0.93
101165,22.0,Male,190.0,68.7,19.0,injured,Knee,Patellofemoral pain syndrome,3.076083079,82.75862068965517,2.2301602325560954,0.28125,91.10305601208546,42.338722539476784,11.469609677788627,20.00099233204268,6.798351795835276,2.397389706238456,6.555571014541358,-3.468997233834552,0.88888888888887,0.81
101166,37.0,Female,164.0,55.5,20.6,injured,Lower Leg,Shin splints,2.796162466,84.50704225352112,1.9852753510847083,0.2875,88.36421734058302,45.38546504405839,18.22484017466844,24.27939727788172,7.144939241612931,-0.3432375178613798,10.096707467283055,-6.203636978784571,-1.7391304347826104,0.99
101176,26.0,Female,165.0,59.6,21.9,injured,,No injury,2.184542144,88.23529411764706,1.485488658155388,0.29625,61.16209513824418,30.407920447786253,13.848962706822412,17.22799943584168,7.295494278540223,1.964009581223619,3.839957971623006,-14.06256047267178,2.531645569620255,1.2
101177,35.0,Male,180.5,85.5,26.2,injured,,No injury,3.150188296,76.43312101910828,2.472897812510583,0.295,109.19692621055822,43.25901583999257,12.195496292445728,22.60487967351981,6.356645464250811,-0.8760273858659038,9.901831207931863,-7.6804961742996785,3.38983050847458,1.14
101178,30.0,Female,158.5,55.3,22.0,injured,,No injury,2.525691545,90.22556390977444,1.679584877752371,0.2875,79.24981172067498,41.56865538390309,9.684401852970534,18.273109084284155,11.032161496671035,0.3645050651054506,12.81180891648971,13.830456669140412,-1.7391304347826104,1.22
101179,29.0,Female,174.0,72.1,23.8,injured,,No injury,2.704919247,83.33333333333333,1.9475418574834944,0.3225,93.33599841402022,38.87148232745268,10.2616551848975,21.156288787168336,9.701946509522603,1.6603994474316752,6.006303890748683,8.416039611873577,1.5503875968992262,1.04
101180,33.0,Female,174.5,61.0,20.0,injured,,No injury,2.706558875,90.22556390977444,1.7998616517517487,0.2975,77.22478579647844,34.113711039175286,12.89292518494126,17.85294846175352,8.649704830102161,0.3649106129532744,6.692678124939794,15.423790476753013,-1.6806722689075646,0.81
101181,30.0,Male,173.5,63.4,21.1,injured,,No injury,3.127280058,85.41033434650456,2.1969142407769544,0.24,78.82688829690701,37.47154330286432,13.19220907607522,16.492420117505063,3.667828295317154,0.1858774772333711,13.111130128673656,6.942986360229677,0.0,0.71
101182,35.0,Male,181.5,76.8,23.3,injured,,No injury,2.936093446,83.04597701149424,2.121327515082725,0.305,93.53109576844804,42.64172940398835,24.87044302934785,25.31793226238413,3.664641450923624,0.2703310249463315,4.222295163719106,-0.7832703863510256,-6.557377049180334,1.14
101183,47.0,Female,171.5,59.4,20.2,injured,,No injury,2.841793384,79.47019867549669,2.145554004639311,0.26,112.76446504103862,44.69522317632861,8.272170623184184,16.458948309047173,4.3828929830205166,0.8081339313859779,2.248527369739468,-6.063184295272626,3.84615384615385,0.92
101184,28.0,Male,184.0,76.4,22.6,injured,,No injury,2.697955137,86.95652173913044,1.8615890444545464,0.2774999999999999,81.720998802287,32.78746733350859,17.97192520141134,18.109986593197057,4.499748283288755,-1.948379377193839,2.6695653452020247,10.737313041823,-5.405405405405391,1.0
101230,38.0,Male,170.0,69.1,23.9,injured,Knee,Pain,1.851199023,73.17073170731707,1.5179831988789088,0.3425,107.96376860228465,49.73435489444027,4.501293455719127,23.34724639593938,4.97575756667406,-2.335049137454905,10.913790865573812,-0.0831151273159508,-1.459854014598525,1.32
101232,55.0,Female,158.0,64.7,25.9,injured,Lower Leg,Medial tibial stress syndrome,2.204162998,87.5912408759124,1.509851653421927,0.30125,67.78482884489989,40.97558284107522,2.2731542389979875,17.82616366665878,8.70304121807041,-1.320967199593852,3.587626058868346,-1.641898990252412,0.8298755186721999,1.08
101233,41.0,Male,169.0,84.4,29.6,injured,Lower Leg,Calf muscle strain,2.032691222,74.30411778237865,1.641398162161305,0.3399999999999999,93.32483767776635,43.64822083547436,3.713511808793173,17.317803750365588,4.347418986560701,-1.025475357409155,6.197326352845078,-15.092168373265396,-5.88235294117646,
101234,37.0,Female,167.0,73.6,26.4,injured,Knee,Other,2.349217641,79.73509933774835,1.7677862751315587,0.33,99.93650716790285,47.809573139798246,6.780443673261066,21.291045302262496,10.065042033013713,1.0339039818619362,7.82183409648159,2.148360276364539,0.0,0.7
101235,37.0,Male,172.0,65.8,22.2,injured,Knee,Other,3.195550319,83.33333333333333,2.300796229456263,0.31,67.44995324130554,55.09007396946929,10.394134619756173,25.07694228715424,-0.264877008424619,2.6781897551217155,14.08287613470528,-1.3848750138202088,-3.225806451612906,1.14
101236,32.0,Female,177.0,63.8,20.4,injured,Ankle,Achilles tendonitis,2.808199264,80.53691275167785,2.092108451633464,0.315,118.5038393761447,36.382549955275984,17.055968368950055,17.48765488756186,11.039746770158096,1.93700830843922,8.690678877273585,-21.30536137285754,0.0,1.14
101237,31.0,Female,158.0,58.5,23.4,injured,Hip/Pelvis,Hip flexor strain,2.554118086,84.6568774348217,1.810231193519084,0.31,81.9549874502282,35.46802076821086,9.53497092208331,18.43924656858205,6.43674056384607,0.5984290237003511,8.736655768315652,-6.546506657312035,0.0,1.19
101238,26.0,Male,190.0,81.0,22.4,healthy,,,3.073563304,95.23809523809524,1.93634488150918,0.275,83.31035656476291,35.03046603818726,7.648353675450539,19.34030265751664,12.877750089277688,1.33248824066222,6.226918671016083,14.09731499214204,0.0,0.89
101239,52.0,Female,151.0,64.6,28.3,injured,Ankle,Other,2.240217395,83.33333333333333,1.6129565244163475,0.31,79.36168278718316,43.493178057437966,11.851246808178754,19.98485132583913,8.594122078515914,0.6936981364402173,7.287005450434614,1.1930114889268544,3.225806451612906,1.19
101242,40.0,Female,168.0,68.9,24.4,injured,Thigh,Hamstring muscle strain,2.499053164,75.9493670886076,1.9742519993914915,0.31375,113.5074373118424,44.14409251379735,12.911888287943018,19.22953722807868,11.324664211515309,2.3468668676218,12.314705474292388,-8.453417310493197,0.7968127490039848,0.74
101248,27.0,Female,162.5,57.7,21.9,injured,Thigh,ITB syndrome,2.346365636,84.50704225352112,1.6659196014811843,0.3175,58.77960341131086,51.74568797117318,6.7752679522850086,25.2605924279459,9.393082359823303,-0.1794441671348461,6.921073751914015,7.457217039863559,-1.5748031496063006,1.04
101249,24.0,Female,163.0,62.7,23.6,injured,Thigh,ITB syndrome,2.521761152,82.47520075578649,1.834581238378837,0.32125,73.94744216505404,47.276430485901386,6.5355439705080185,20.81126153226208,7.070314720743541,-0.823396113016884,9.141233779938013,-1.9423440523066424,5.447470817120627,1.16
101250,28.0,Male,179.0,75.8,23.7,injured,Knee,Patellofemoral pain syndrome,2.532706704,86.33093525179856,1.7602311594890296,0.2774999999999999,77.07361916643555,34.393006878103705,8.28200403967178,17.704028666699045,6.038126597119229,1.2929748620045336,6.694255571423855,-5.242717501994957,-5.405405405405391,0.97
101251,45.0,Female,169.5,79.0,27.5,injured,Knee,Pain,1.750759759,80.40268456375838,1.3065044700815769,0.33,62.47925268658702,34.73366069503294,5.932455653458451,16.618279057685104,13.565438656925952,2.107582199945111,4.646626553052553,8.60106959066676,0.0,1.28
101252,22.0,Male,175.3,83.8,27.3,injured,Knee,Ligament tear/rupture ACL,2.75489233,78.94736842105263,2.093718170813017,0.2875,106.63387349347298,42.7004469235587,4.6297048487734855,16.59061511734039,13.123048449314007,-2.3757404288831188,6.596246727240112,30.82690984958084,-1.7391304347826104,1.0
101253,43.0,Female,168.0,53.7,19.0,injured,Knee,Other,2.231196081,77.92207792207792,1.7180209822359835,0.355,78.4091854069485,47.250099438574935,8.676303724496226,21.20070946056657,10.00662554968626,0.8103361093982535,6.718748589515435,8.495544971351304,-2.8169014084507067,1.01
101254,42.0,Female,160.0,53.3,20.8,injured,Other,,2.426404727,86.95652173913044,1.6742192615108746,0.315,91.70017868684172,33.89884073576363,10.047659781002135,17.81373420754411,6.576511312043854,0.2019252533188842,6.932478278071343,6.000338508130106,-3.174603174603177,1.35
101255,28.0,Female,168.0,52.9,18.7,injured,Knee,Patellofemoral pain syndrome,2.57589705,87.91326749677972,1.758049736659096,0.31,57.41505417104133,37.66730154253398,20.97431478092774,19.85816986190452,7.057808396006914,-4.044073232527481,5.370974821498533,16.456989377436475,3.225806451612906,1.24
101257,28.0,Male,175.0,68.0,22.2,injured,Knee,Other,2.771265953,89.8889013578723,1.849820023534714,0.27125,74.99705245184978,34.335443905613644,13.236550520604256,16.109529355328554,4.647723715650292,0.9879198017033036,10.757672956566182,15.248295780488132,-0.921658986175116,1.48
101258,44.0,Female,169.5,60.9,21.2,injured,Foot,Plantar fasciitis,2.780651115,85.41033434650456,1.953407408546702,0.285,79.201588768264,49.17746015559319,4.780541155647251,18.53749822765421,7.695443621018812,0.5544560509625505,10.062929147353856,5.423195091987258,10.526315789473674,0.67
101259,48.0,Female,166.0,66.7,24.2,injured,Lower Leg,Calf muscle strain,2.290253585,77.41935483870968,1.774946528239072,0.295,109.04816790017064,48.85352097774762,5.435459416466308,22.399282001017472,1.6193358120931216,1.4342663208560256,6.748368207813243,9.209506726859887,0.0,1.16
101260,35.0,Female,181.0,66.9,20.4,injured,Sacroiliac Joint,Other,2.531144017,76.43312101910828,1.986948053377608,0.3275,115.49545386481154,43.25188551702973,8.418390436541682,17.842908423645603,6.842844523426815,0.901763379375303,5.960551441656296,5.728358708502864,1.5267175572519096,0.73
101261,26.0,Female,180.0,68.0,21.0,injured,Knee,Patellofemoral pain syndrome,2.66951277,74.53416149068323,2.148957779863897,0.41625,123.74657728979696,40.73918830355734,18.87084984016248,17.909266348633267,12.240499187223968,-1.3735370249598504,8.80512992760091,4.634508456562506,-0.6006006006006012,0.75
101262,27.0,Male,178.0,92.0,29.0,healthy,,,2.684359235,74.53416149068323,2.1609091838459378,0.3,131.42315931806027,49.928151454869976,15.765582471929548,23.30927777479092,7.345112371434879,1.7351153792311016,6.632743531993784,-7.3239750075680385,0.0,1.52
101263,22.0,Female,170.0,59.0,20.4,healthy,,,2.877807258,86.95652173913044,1.9856870078223696,0.23875,92.44726374614072,38.52347094735309,14.510900506777997,19.232096682312925,8.209695657495864,3.203573421305485,9.2717653080528,-9.248681708599502,-7.329842931937167,1.05
101264,25.0,Female,158.0,50.0,20.0,healthy,,,3.003385017,88.23529411764706,2.0423018112977083,0.27,77.47703328910984,42.695369768609474,12.440627993285238,21.65972271313387,3.5179287145469287,-0.012875706907149,8.97259235759389,-3.9291306655363134,7.407407407407414,2.23
101265,57.0,Male,177.0,85.0,27.1,injured,Knee,Patellofemoral pain syndrome,2.800019913,82.75862068965517,2.0300144369636275,0.315,81.67584326392193,47.72345851702752,7.369920684192648,22.51316722019896,1.0583900450022492,-0.118868284538756,7.659199158507004,-10.344139228825515,3.174603174603177,0.9
101266,24.0,Female,169.0,57.0,20.0,injured,Hip/Pelvis,Nerve impingement,3.096718679,84.50704225352112,2.198670262061872,0.24,97.64110998154256,39.45923170756933,7.646418775336619,12.992960392854798,2.2644768593232896,0.4626603277441052,7.484969928853578,1.9571544996215824,8.33333333333333,1.21
101267,60.0,Male,163.0,79.9,30.1,injured,Thigh,Other,2.552999104,93.75,1.6339194263138126,0.2825,54.72220992681824,39.41877011786225,8.540565159028485,19.479385267541616,13.368444618652136,1.5052464646511186,5.966143792525795,25.54425629415608,1.7699115044247609,1.13
101268,34.0,Female,163.0,62.0,23.3,injured,Hip/Pelvis,Other,2.463500939,87.5912408759124,1.6874981430928324,0.3075,65.22031484043794,41.17568468369383,8.293461709149753,20.922181489642924,5.515187944621076,2.067855280510411,5.622296968517065,-1.6028628404847427,1.6260162601626031,1.1
101269,38.0,Female,177.7,79.5,25.2,injured,Lower Leg,Medial tibial stress syndrome,2.088461785,80.53691275167785,1.55590402976259,0.315,71.75052719079736,35.06438000587572,4.135694699833908,14.87943671998906,5.521202347515282,-0.2830154724549485,7.039902244222398,-2.890479690401744,0.0,1.28
101270,22.0,Female,163.0,58.0,21.8,healthy,,,2.9591305,89.38640132669983,1.986316348062677,0.2825,82.88206013497953,37.43632477937805,14.963356712116868,19.07229982474434,8.722281187662015,0.2397680593192235,3.9162310910305664,-5.02171130872812,-1.7699115044247609,0.95
101271,50.0,Female,157.0,53.8,21.8,healthy,,,2.48266954,85.1063829787234,1.7502820258660734,0.3,79.39195242805408,48.12858187768684,10.771766853185,25.212189372793155,6.524406411298109,-0.2801952545376742,6.613930810409752,4.055029562587062,-3.3333333333333366,1.25
101272,44.0,Female,158.0,62.6,25.1,healthy,,,2.234771963,75.71053260090758,1.771056780754562,0.33,112.81101843337558,51.08401858731355,6.256655292200962,18.601360920049537,11.552030006824108,2.2554397965697737,3.4028615959123134,-4.401881796599521,3.030303030303033,1.77
101273,19.0,Female,163.0,65.0,24.5,injured,Lumbar Spine,Low back pain,2.355684604,76.55560999510044,1.846267808100068,0.355,86.83350182901617,48.0688578079096,15.125851856875848,20.330856406019706,6.479380115886215,-0.4345719938462449,9.223417241960105,7.330847434003914,2.8169014084507067,1.4
101274,66.0,Female,161.0,69.0,26.6,injured,Knee,Meniscal tear medial,1.840448279,80.53691275167785,1.3711339677592316,0.315,66.19724785810223,41.664168721554674,-3.3017656198343937,21.27080239732033,7.657586320933395,0.2591672955799047,6.084701585169133,13.451887307655223,3.174603174603177,1.14
101292,57.0,Female,161.0,63.2,24.4,injured,Hip/Pelvis,Other,2.328727351,83.33333333333333,1.6766836927898694,0.305,78.70154146867625,40.64538921477112,6.694861528602616,17.69457703897255,3.0078162026745106,-2.3264070706874067,8.825980378906188,-5.998182545595965,-3.278688524590167,1.32
101293,32.0,Female,179.0,96.6,30.1,injured,Knee,Bursitis,2.708048993,81.35686707115278,1.997186132611452,0.34,84.00691051146254,33.95822637982286,21.74299925803481,16.571083496407883,11.609167381235084,-0.9507561786559316,9.20869952719959,17.52311381400061,0.0,0.49
101334,40.0,Male,186.5,99.7,28.7,injured,Thigh,ITB syndrome,2.436234435,81.08108108108108,1.802813482085549,0.3175,84.95424290078552,38.45052242325769,6.236089975501665,17.608309515101958,6.7589147923299455,0.2285873728261859,6.893419991861013,16.230021318583894,1.5748031496063006,0.9
101335,64.0,Male,176.0,89.1,28.8,injured,Ankle,Achilles tendonitis,2.329262171,80.0,1.7469466281431238,0.295,93.24342252671602,46.57553260703497,7.837424009381509,16.816205015990057,12.00380695138898,3.4921863511057527,6.762401106478743,-2.647342999057261,10.169491525423718,1.39
101337,26.0,Male,183.0,73.2,21.9,healthy,,,2.964056776,80.53691275167785,2.208222297883032,0.27,100.7457796397046,47.30147722062236,9.63844404640085,22.66649273570649,1.7441715676787324,0.1956581102578665,11.210458070852308,-2.9139258791089464,3.703703703703707,0.94
101338,63.0,Female,168.0,66.1,23.4,injured,Foot,Pain,1.588733538,78.81836945304437,1.2094234055737094,0.4225,82.94069618794356,35.82620894225472,2.4036138485691287,18.15804910927072,7.961213536177448,-0.687493386324642,4.642497292997525,-9.660652726775597,1.183431952662723,0.98
101339,37.0,Female,175.0,60.5,19.8,healthy,,,2.824458868,82.75862068965517,2.0477326796492665,0.26125,97.98498774272878,35.317852796726946,16.943149103463753,18.937841496140283,10.358500151894535,0.3983979082782323,8.200432300917788,7.4383773708147105,6.698564593301442,1.06
101340,61.0,Male,181.0,88.4,27.0,injured,Knee,Other,2.145173789,81.08108108108108,1.587428603912202,0.3175,85.75094438677684,36.60529103960633,3.2764515907441734,16.430725714611874,7.693590067468685,1.2627380388155387,7.365736408280392,-14.854609289667348,1.5748031496063006,0.93
101341,49.0,Male,180.0,85.8,26.5,healthy,,,2.702156322,83.33333333333333,1.945552551521796,0.31,90.95200148901296,38.962210303719445,7.227759820528113,18.05542114099658,8.826564240539645,1.4845272202142827,12.421852188107811,-3.916253433020512,3.225806451612906,0.85
101342,34.0,Male,189.0,86.0,24.1,healthy,,,2.961859263,86.33093525179856,2.058492187881045,0.3025,77.82660590342084,40.03303318022206,13.310130607150136,19.714817695308227,10.731521999922135,0.388364474515299,10.088253797772133,-7.22657883571213,4.958677685950418,0.86
101343,22.0,Female,168.0,53.6,19.0,healthy,,,3.012124661,83.33333333333333,2.168729756059763,0.2425,101.78052381136357,38.7217799376804,18.97649615662498,20.28035908929352,7.73352911491091,1.1258840341549807,5.1393294050106455,11.601958320812052,-2.061855670103095,0.73
101344,56.0,Male,180.0,82.2,25.4,healthy,,,2.345033131,78.43137254901961,1.793950345204835,0.3325,84.98457623603201,45.878422351987965,5.901431819922497,20.22135630851664,5.154076686117152,-0.8562661089298984,8.044633327309526,1.0581205698334588,1.503759398496242,1.34
101345,36.0,Male,190.0,76.7,21.2,healthy,,,2.955484297,81.91221694157115,2.164892247382433,0.2975,91.7182831218396,44.56735003549318,9.020098340977029,22.54541185314288,1.6097130918542883,0.5451586799765401,8.758835078127952,3.952860588980138,-1.6806722689075646,0.71
101346,60.0,Male,183.0,78.0,23.3,injured,Ankle,Achilles tendonitis,2.900066443,85.71428571428571,2.03004650980167,0.3175,82.67914714102562,43.75418257761804,4.0919781615315145,18.3156107050581,12.001464123162588,0.1275381241303121,10.761712043147751,3.7270524409556174,-1.5748031496063006,0.71
101352,40.0,Male,181.5,96.2,29.2,healthy,,,2.728495649,79.47019867549669,2.060014215318456,0.2825,114.01300752133528,35.850644731870176,10.875684856135116,13.731442005801906,5.283575820267009,1.280715158809368,7.294108043894047,11.553390300240553,1.7699115044247609,0.71
101353,30.0,Male,173.0,87.2,29.1,healthy,,,2.552042348,82.1917808219178,1.862990914266241,0.295,93.7352544513974,39.50038702322024,13.01305896835536,14.695381260314074,10.714264665438492,-0.5121741966865865,9.221791759603,10.230933249047451,-3.38983050847458,0.96
101354,43.0,Male,173.0,54.7,18.3,injured,Hip/Pelvis,Other,3.760816133,89.55223880597015,2.519746808826603,0.24,84.24218211986712,51.3481308239181,12.250865552184948,22.321537341131272,5.789022482415616,-0.3651653711412944,12.708251512252865,5.4984687632719815,0.0,0.7
101358,48.0,Female,173.0,58.8,19.6,injured,Foot,Plantar fasciitis,2.296704708,80.0,1.7225285306496574,0.2975,96.8416170741042,44.08455661510095,11.460870078956948,21.19822720353361,6.908581651089671,-0.4536636936099789,4.253217498961234,-2.0638780830511814,1.6806722689075646,1.01
101359,35.0,Male,177.0,83.3,26.6,injured,Knee,Pain,2.111571195,80.0,1.583678396426268,0.3325,85.4336520284244,45.11010797328064,-2.9493995475034254,19.718492332432938,13.417585624874835,0.3981099708436164,10.174997257024453,16.579016664787904,1.503759398496242,0.85
101360,43.0,Male,183.0,85.0,25.4,healthy,,,2.316248009,85.71428571428571,1.621373606636756,0.2975,61.85449655125717,38.20449284787711,4.069849653885173,17.605465148116416,8.812394546588568,0.0074149401313244,4.845682306488371,11.206947228787964,1.6806722689075646,1.03
101361,32.0,Male,180.0,73.5,22.7,healthy,,,3.117937612,86.33093525179856,2.1669666400842944,0.24,77.77412934714505,36.32881696728623,12.528146415731957,14.425656192669171,3.889332383789907,0.7312822561725245,5.654890840084619,-11.143083894207704,4.166666666666671,0.87
101362,45.0,Male,172.0,61.5,20.8,healthy,,,3.006463807,85.1063829787234,2.1195569836884447,0.2775,87.99685307810614,47.34086454118505,12.7917759823059,22.304098921084258,-0.0473077099262116,-1.0145484423078317,6.59118562551244,-2.9945542975226545,1.8018018018018032,0.82
101363,35.0,Female,190.0,94.0,26.0,injured,Hip/Pelvis,Bursitis,2.158230903,74.07407407407408,1.7481670314775928,0.345,101.09808810160018,39.54733792911746,13.325995635495577,15.38910369448621,14.37764339070586,1.384747274803979,7.777740999721128,-6.90937593784913,0.0,1.01
101364,39.0,Male,188.0,88.5,25.0,injured,Knee,Patellofemoral pain syndrome,2.268186116,75.0,1.81454889310382,0.325,112.9917520815746,49.914557048971176,0.2881874312587221,22.129432746219315,11.553691500292809,1.317207454287738,7.729420417808926,14.206259632101007,3.07692307692308,1.32
101365,34.0,Female,171.5,58.0,19.7,healthy,,,2.552666323,82.75862068965517,1.8506830839985449,0.315,76.25007711976554,49.40928001866902,8.95199152217724,21.67996338822856,9.795981933466768,0.6515644923983931,6.674371169336583,8.176864031115736,3.174603174603177,0.59
101366,46.0,Female,180.5,71.0,21.8,healthy,,,2.919048642,76.92307692307692,2.2768579408919725,0.31375,94.5667973273258,52.726722046269,10.205425201955103,21.611503151707417,14.370369875052432,1.411796295996092,8.7174850195287,-2.64639127069194,7.171314741035863,0.84
101367,59.0,Male,183.0,82.7,24.7,injured,Foot,Plantar fasciitis,2.581428631,82.47520075578649,1.8779893293988896,0.32375,79.47173472820009,45.89611757626627,-5.039505913671821,20.41882393622867,6.835312138428446,0.075373704975047,8.141263571271192,18.451740558599063,3.861003861003865,1.4
101408,23.0,Female,172.0,70.6,23.9,healthy,"No injury,No injury",,2.676218292,81.63265306122449,1.96702044441374,0.27625,101.09969423696975,38.91020870365558,18.33142872660526,19.14473836463737,8.089884200724814,-0.762481936348921,6.923483581693695,-5.698992912887092,-0.9049773755656116,1.77
101409,55.0,Female,168.0,64.2,22.7,healthy,,,1.904659283,82.75862068965517,1.380877980169536,0.3175,75.1365526106618,42.99043690247057,3.0132630628626265,20.934707028709752,10.409681921729192,0.6827559534247458,1.809457282340765,5.6883901088960975,4.724409448818902,1.15
101410,36.0,Male,188.5,83.7,23.6,injured,Knee,Patellofemoral pain syndrome,2.765599103,84.50704225352112,1.9635753634590447,0.3075,83.96847614615996,37.79356028902838,12.428826714024035,19.59381502447669,15.274947268850193,-0.4858595900430704,10.011532418728024,4.711163729462315,1.6260162601626031,0.88
101411,44.0,Female,175.0,77.0,25.1,injured,Lumbar Spine,Low back pain,2.117409431,82.75862068965517,1.5351218378128757,0.32,66.69938250384098,38.409711067254094,3.0617829582340503,18.22515496680742,11.931448567462487,1.2783036120986808,8.235786983229929,-0.0021498073528916,3.1250000000000027,1.0
101412,18.0,Female,165.0,59.4,21.8,injured,Lower Leg,Tibia stress fracture,2.549455185,74.30411778237865,2.058685061755717,0.315,105.88289032899372,51.85570527034828,18.34530394930775,22.446910313054737,10.555362393661936,0.3197522739552427,8.559823772216351,-11.314769974985513,-3.174603174603177,1.14
101413,22.0,Female,164.0,59.8,22.2,unclear,Knee,Patellofemoral pain syndrome,2.753896093,85.1085234813134,1.941496745418241,0.295,80.66145560769641,53.59998934117063,8.095899774944904,20.24103280681105,3.209016086591722,-1.0551879919651426,8.275683868995067,-1.645691186867996,6.779661016949159,1.47
101414,28.0,Female,155.0,63.2,26.3,injured,Foot,Other,2.762123972,89.55223880597015,1.850623061559272,0.3025,86.7103131048635,48.97882983098226,6.84613028102638,19.659423813632586,9.048132392744527,0.3594855716893554,4.268880428614678,-6.478210657497033,1.652892561983473,1.24
101415,56.0,Male,180.0,69.9,21.6,injured,Knee,Pain,3.12312965,84.50704225352112,2.217422051821748,0.275,82.365596398133,47.13780080533278,9.720862959114667,22.977896828771662,1.4631180339055558,3.3527253037718614,9.777936464325588,1.176904642793761,0.0,0.66
101416,34.0,Female,155.0,51.1,21.3,injured,Knee,Patellofemoral pain syndrome,2.187539007,82.75862068965517,1.585965780186113,0.31375,72.38624516701987,48.11513720405026,10.358522348485018,21.27657199931549,9.27029015272749,0.2311127564482475,7.077440979255684,-12.520439590831616,0.7968127490039848,0.82
101417,25.0,Female,175.0,107.6,35.1,injured,Lower Leg,Medial tibial stress syndrome,1.731469106,74.65062111801242,1.3916682943255836,0.38,69.61078252007826,30.344828819033125,16.824612781990485,12.550435070836986,21.436376391192493,0.3245939259238484,11.270841661807896,13.791901155195314,2.6315789473684235,1.22
101418,38.0,Female,165.0,52.8,19.4,healthy,,,3.263575753,82.1917808219178,2.3824102998401213,0.24,107.27469053400858,46.58260489695892,11.314107381820548,23.287324325228152,11.485165010287435,1.35657178264948,7.096792693412964,0.2958104247654664,4.166666666666671,1.05
101419,30.0,Female,176.0,57.3,18.5,healthy,,,3.427277325,93.02325581395348,2.2105938743937235,0.28125,70.03703884599076,37.150798429718414,19.81780163335916,20.001576738445003,7.107233675470621,1.934116546561224,6.97066662315644,3.925621516285755,-0.88888888888887,0.83
101420,31.0,Female,165.0,58.1,21.3,healthy,,,3.385302068,86.33093525179856,2.352784937436584,0.28875,90.83911073623966,52.32553426024408,22.14436514935224,22.645080718590805,5.90290474257444,1.728601996267995,4.694734570576216,-3.3096812634471986,-19.91341991341991,0.85
101425,30.0,Male,167.0,58.6,21.0,injured,Lower Leg,Medial tibial stress syndrome,3.094154886,86.17677286742035,2.154305339355464,0.235,84.95965503898174,42.65697356956812,14.02569621643958,19.74311808901893,2.53642386512276,5.075196462867474,7.281244279958759,-8.476874466170308,4.255319148936162,0.54
101426,37.0,Female,175.0,64.2,21.0,injured,Hip/Pelvis,Pain,2.64381644,84.21156308480252,1.8837192131501688,0.285,108.38729835963537,30.05215157921186,21.79013684168961,13.372837574568386,14.142773082531612,-0.3270728832615699,7.401109520591055,17.8466157429331,7.017543859649109,0.91
101427,28.0,Female,170.0,65.9,22.8,injured,Knee,Patellofemoral pain syndrome,2.596990886,83.33333333333333,1.869833437989898,0.30625,94.05936413524051,41.98965648624139,20.004483457966625,17.794166613329995,15.988513406351274,2.195256674701481,8.71229722070833,-9.911590363138748,0.8163265306122456,0.75
101428,27.0,Female,169.0,62.3,21.8,injured,Thigh,ITB syndrome,2.315976646,81.63265306122449,1.7022428344934264,0.32875,82.05362635991594,49.85777107209296,7.916463353535933,22.76292777272809,9.5834302227963,0.7378937696013752,7.710760843932858,3.2003760162734545,3.802281368821296,1.02
101429,36.0,Female,160.0,51.5,20.1,healthy,,,3.420671986,95.23809523809524,2.1550233514643,0.27375,62.66221979525915,41.70355878061991,12.469604304606753,19.57629373797051,7.567114734488767,0.0068250252170705,8.483939734983124,-2.9988129678747057,0.9132420091324208,0.98
101430,57.0,Female,165.0,53.9,19.8,injured,Ankle,Pain,2.336206714,87.5912408759124,1.6003015991273273,0.35,70.57681206256316,39.72527432776632,9.361506837254575,19.23149762259652,11.4297397590095,0.5589276861863732,2.9875811676058324,8.410591996830933,-2.85714285714286,1.14
101431,39.0,Female,177.5,94.2,29.9,injured,Knee,Pain,2.242134448,70.17543859649123,1.917024952836713,0.4,123.0216009073905,46.72167070331632,17.489664836668226,17.58978534839698,8.904345584274836,2.030075206634752,9.320145756204331,-23.937074214236592,-2.500000000000002,0.73
101432,42.0,Female,168.0,65.2,23.1,injured,Thigh,ITB syndrome,2.121134522,80.53691275167785,1.5802452187702218,0.325,78.53871037559091,44.97341027299228,11.851213428841504,20.343061685976707,6.9004251738132485,-0.9030413901338756,6.38621436624727,4.7178394438884,-3.07692307692308,0.74
101433,40.0,Female,164.0,99.6,37.0,injured,Lower Leg,Shin splints,2.081275152,77.92207792207792,1.6025818671822074,0.3475,78.17687852539922,43.38795744201092,1.481524878591624,15.546712522937549,6.0829222980499456,2.9328184839866576,7.013571486562507,-17.439956700573884,-4.316546762589915,0.71
101434,33.0,Male,174.0,88.0,29.1,injured,Lower Leg,Medial tibial stress syndrome,1.925003875,71.42857142857143,1.6170032550712634,0.3562499999999999,96.17665775124078,38.07899598764212,2.3247883664107523,13.322717922393796,10.887460608810631,4.168828186367217,11.34349487866465,-19.305481463042764,0.701754385964913,1.64
101435,56.0,Female,167.5,67.8,24.2,injured,Foot,Pain,1.901048689,85.41033434650456,1.3354867037669744,0.29125,69.66319968648645,38.0078643394135,2.365186678489852,19.978891512853643,6.924187082949693,2.91555366876024,6.924107354116816,-6.203704338097475,-6.0085836909871295,1.34
101436,23.0,Female,164.0,56.2,20.9,healthy,,,2.794360259,83.33333333333333,2.011939386783137,0.285,88.01522916963313,47.56589152973813,9.58299129156907,19.909759797471686,1.4696669234948825,-0.1126933867238844,5.088044899221195,1.074047921203178,3.5087719298245448,0.63
101437,31.0,Female,169.5,67.3,23.4,healthy,,,3.213706717,85.1063829787234,2.2656632355954955,0.2725,85.14609955963192,43.49821496953426,21.1138368499147,19.422102283862145,9.69943493490615,-1.6188386210821442,10.393250410725804,-1.0413679290730815,-5.504587155963307,0.84
101438,51.0,Female,165.0,55.4,20.3,injured,Foot,Plantar fasciitis,1.753304218,95.23809523809524,1.1045816571379845,0.2625,49.72107539975008,31.323693343928102,-8.674774940651162,13.085088737874544,5.735585411914869,-0.1723234946304256,2.8864808780812443,-3.0337413674422056,1.9047619047619064,0.97
101439,59.0,Female,164.0,55.8,20.7,injured,Lower Leg,Pain,2.183910147,82.47716894977168,1.5887946317917456,0.32,87.97511440059827,43.77933910860018,5.25780560546446,19.69821020781132,8.12969658819161,1.380274561383198,5.241413729439606,-22.46709868463189,6.250000000000005,0.93
101440,46.0,Male,177.0,76.1,24.3,healthy,,,2.707959157,72.07272202582786,2.2543759983646483,0.3275,125.603745577831,51.34877620510311,7.253370833833237,22.768165124318667,17.022863899504667,-1.1342296616133365,10.55695092596468,-11.540748580060487,-1.5267175572519096,1.0
101441,49.0,Male,182.0,92.6,28.0,injured,Thigh,Hamstring muscle strain,2.700450945,80.0,2.0253382090384133,0.3075,93.70463618321156,48.69987519647144,-1.6549764738164012,18.309323734666904,8.862077336544829,0.2666117063195314,11.130091048130604,-5.531838695018102,1.6260162601626031,0.73
101442,57.0,Female,161.0,56.4,21.8,injured,Ankle,Other,2.0138044,76.43312101910828,1.5808364543374438,0.2937499999999999,112.96525704843714,47.11868507861342,6.689319586657868,19.898812950254392,11.419956133728835,0.3991518012948054,7.721326845861517,-14.070472919534264,-2.553191489361705,1.78
101444,29.0,Male,184.0,101.5,30.0,injured,Ankle,Achilles tendonitis,2.520798101,77.41935483870968,1.9536185286415724,0.335,90.93879474582457,41.76627358909538,12.806152785310596,16.071011166394868,12.337283538045297,0.6286334559711881,9.66250759474373,-10.874038068566264,0.0,0.77
101445,45.0,Female,156.0,60.9,25.0,injured,Lower Leg,Other,2.071427928,86.95652173913044,1.429285270484687,0.3,60.39766517176878,35.744664381458925,6.81975942027751,16.815480163629115,15.905448921579584,0.1428792935246843,9.052359028202064,-19.769424119392774,0.0,0.86
101446,36.0,Male,194.0,86.9,23.1,injured,Lower Leg,Medial tibial stress syndrome,3.092622085,81.08108108108108,2.2885403430878792,0.3025,91.6891275798099,41.51178003707686,15.835109310834468,18.036226337556712,9.935038187073784,0.3528661250600837,10.97797760535068,-5.214333876105644,-1.652892561983473,2.54
101447,30.0,Female,166.0,62.2,22.6,injured,Knee,Pain,2.678328082,82.75862068965517,1.941787859432169,0.3025,79.19770917284865,48.63694432935878,17.098600358024303,20.10296741479753,9.617285576014112,-1.09422714398504,10.938652586728,2.5259110216046485,1.652892561983473,0.72
101448,45.0,Male,187.5,98.7,28.1,injured,Knee,Pain,3.199494883,83.33333333333333,2.3036363157226827,0.31875,98.87231449104264,37.25290510163255,18.322404289483828,17.80479286556937,9.960588995940224,-0.3508081219239274,10.357517854503964,2.091007128309717,-3.921568627450984,0.79
101449,37.0,Female,158.0,56.6,22.7,injured,Hip/Pelvis,Pain,3.346512307,94.11909448818898,2.133401595890464,0.2575,65.07831370937578,45.86023623772209,13.062326610187664,17.110588719572878,-1.2023979894034604,2.891854963771328,1.7618774208518464,4.504631023843716,1.941747572815536,1.0
101450,41.0,Male,185.0,66.9,19.5,injured,Knee,Pain,2.930143699,82.1917808219178,2.139004900325734,0.3075,84.02409633741263,41.39854681285014,1.544186264638657,18.98017494064058,5.493308872092053,1.2312132967539626,7.7407252792148125,-12.885429002368102,1.6260162601626031,1.52
101451,43.0,Female,170.0,61.9,21.4,injured,Ankle,Other,2.803681793,77.92207792207792,2.158834980904873,0.2925,109.0658659328339,48.61311483553133,14.568218318099234,21.21467225762445,9.529115066624971,-0.4739338135388151,7.600830212169072,-16.248482197656763,1.709401709401711,1.53
101452,54.0,Female,178.0,66.2,20.9,injured,Hip/Pelvis,Other,2.571291921,77.92207792207792,1.979894779338924,0.3375,75.60089089099279,49.63430725649718,1.7315325271273834,21.680667681567787,7.114580648051765,1.8961124591212064,3.223972431681033,-0.5712621378517184,1.4814814814814827,1.16
101480,39.0,Female,159.8,51.4,20.1,injured,Hip/Pelvis,Pain,1.915334369,75.47169811320755,1.5226908232003795,0.3425,98.50409946455804,56.30251325651435,9.799028613544955,25.01400488429761,8.742916596922708,1.70178221731289,9.08883349692825,5.298695076900994,-1.459854014598525,0.83
101481,32.0,Female,176.3,58.6,18.9,healthy,"No injury,No injury",,2.625088334,79.47019867549669,1.9819416917931456,0.325,95.32050968909756,54.33606675267527,0.6221826319761241,25.320559356005408,5.148067208638142,-3.484676997636168,3.3418843109080933,12.745930976508188,-3.07692307692308,1.22
101495,39.0,Male,185.0,93.0,27.2,injured,Knee,Pain,2.982216839,80.0,2.236662629180586,0.3325,83.54696542772848,45.44868082599911,14.368152592531704,20.76276804070492,9.021889520070154,1.135422576159073,11.343224070871152,7.693931810757635,-4.5112781954887256,0.94
101497,21.0,Male,176.0,74.0,23.9,healthy,"No injury,No injury",,2.774928618,78.43137254901961,2.122820392938639,0.285,98.6804706383615,45.50182605709402,13.822546971483495,22.32605754723,7.657291736452349,0.3134825839510471,7.548025507842823,3.575088882916679,0.0,1.55
101498,26.0,Female,163.0,59.0,22.2,healthy,"No injury,No injury",,2.787030423,78.68937048503612,2.125110697189782,0.28,105.21418645629716,39.00289226477133,21.322012801363943,21.04397998614641,9.002357002302258,0.3839609289975865,6.497870755193431,7.831461080370441,0.0,0.9
101499,25.0,Female,165.0,70.0,25.7,healthy,"No injury,No injury",,2.785732915,77.92207792207792,2.145014344606964,0.275,107.65861055991058,41.6534233329989,15.69138243186122,22.22761923989462,4.137470041997026,0.8172063817972064,6.3078298999145055,-1.5098778660082526,0.0,1.01
101500,21.0,Male,190.0,77.0,21.3,healthy,"No injury,No injury",,2.789056507,79.47019867549669,2.105737663028949,0.27,108.65923242499764,40.54921723030404,14.50648827178892,22.89220690337983,5.641105851127653,1.3437918555451902,4.687251226299727,1.529048743636028,0.0,0.95
101501,22.0,Female,164.0,57.0,21.2,healthy,"No injury,No injury",,2.802391166,78.94736842105263,2.1298172859644264,0.275,104.01781439979032,41.1562221499926,17.42905457140134,24.13635801781217,6.133564223817527,1.4356836555392207,4.08514617503428,-4.997978551545371,0.0,1.02
101502,20.0,Female,163.0,67.0,25.2,healthy,"No injury,No injury",,2.796978319,78.56037151702787,2.136192191154466,0.275,103.4463636174043,48.04912111205684,15.37262018334259,27.29910586251065,4.922907084522386,1.1768882951131876,2.94070115325471,-0.9472977074059368,0.0,0.93
101503,26.0,Male,173.0,77.0,25.7,healthy,"No injury,No injury",,2.807355393,79.20878354827465,2.126571710144656,0.2675,108.49802823482356,39.663279256738285,13.751414318355913,23.15407435543997,5.941153267465526,1.2922679630102911,3.480137880155384,-1.5909285557484991,-1.8691588785046744,1.11
101504,23.0,Male,192.0,75.0,20.3,healthy,"No injury,No injury",,2.803072342,81.08108108108108,2.074273532793659,0.265,98.31550915876984,44.74009606341139,10.585143619500409,21.77382219504349,4.778741706890952,0.5070203376202674,4.035721940712305,-1.2696477225770737,0.0,1.15
101505,23.0,Male,190.0,75.0,20.8,healthy,"No injury,No injury",,2.813379104,82.1917808219178,2.0537667456660413,0.2575,97.32440221028764,41.20819126464401,12.092680307512364,22.06433738953708,7.13197395512025,-0.3931716818679809,6.353960201095057,9.156514632713048,-1.941747572815536,1.03
101506,21.0,Female,166.0,64.0,23.2,healthy,"No injury,No injury",,2.787019823,80.80899691637947,2.069362218877485,0.2625,102.02988586948824,39.84612112203765,13.001064930084969,21.122097145633568,7.970075065251556,0.3361685888690664,4.9030808347153645,-1.823719142949916,1.9047619047619064,0.87
101507,19.0,Male,178.0,68.5,21.6,healthy,"No injury,No injury",,2.805505567,81.63265306122449,2.0620465914197736,0.26,96.7140082893743,47.45577169118005,6.45135286033333,26.146875816946903,5.654878129828465,2.577653416845452,4.511264875664637,10.656535541034698,0.0,0.75
101508,23.0,Female,165.0,64.4,23.7,healthy,"No injury,No injury",,2.79318237,82.1917808219178,2.0390231301465733,0.2575,93.60162742591535,40.78476291898132,12.743363092701344,23.851692647562984,8.327234891726224,0.4818944187909422,4.848716103573681,7.630679060273123,-1.941747572815536,0.88
101509,33.0,Male,176.0,64.0,20.7,healthy,,,2.738043519,76.92307692307692,2.135673945122558,0.305,106.33626640702354,49.51210565214736,12.665880140653934,23.615649474642765,1.1412437563715552,1.3466103798727769,5.974023311491767,-7.182209130601222,6.557377049180334,1.21
101510,45.0,Male,184.0,98.5,29.1,injured,Lower Leg,Shin splints,1.690684065,77.6707163803938,1.3060534401025667,0.3425,82.1596557816589,39.72418477014581,-8.641380339708917,16.43472231680272,6.796271703466303,1.3284688765317965,11.088666835386125,-10.951687716000276,-1.459854014598525,0.96
101511,28.0,Male,182.5,102.3,30.7,healthy,,,3.011469247,76.6780989710926,2.3564746855582603,0.3175,103.21222252095475,37.189843767584776,22.344827390949,17.20682973535463,6.508420205905319,2.989415965073948,4.666200707212804,12.977791723671077,-7.8740157480315025,1.09
101512,37.0,Male,185.0,98.0,28.6,injured,Lumbar Spine,Disc degeneration,2.230886022,72.72727272727273,1.8404809678537344,0.3625,101.19108454340972,39.69655582959152,9.536686963067512,20.089859493202177,8.064558374451925,0.743054502621004,7.889919864444908,13.163990385056442,-1.3793103448275874,1.6
101513,29.0,Male,177.5,69.0,21.9,injured,Knee,Pain,2.473528468,69.76744186046511,2.127234482620316,0.345,122.24853564646116,49.55270279611855,14.407347421131885,22.114120532626472,6.579321958891318,0.6050336190534713,6.505460441764771,-3.9989430836547752,2.898550724637668,1.06
101514,48.0,Female,170.0,66.0,22.8,healthy,,,2.692833812,73.17073170731707,2.208123725889896,0.3275,112.16598473351212,50.21812760461235,11.22749188085018,21.47283094762415,15.425401688088488,1.2485623585919663,12.316233477728378,9.197696630756116,6.106870229007638,0.77
101517,31.0,Female,184.0,75.3,22.2,injured,Knee,Patellofemoral pain syndrome,2.948796436,78.94736842105263,2.2410852911790724,0.285,103.98893629558496,45.60589791742727,9.673179552553105,16.9450575858104,7.952405285983744,2.8360085953956364,5.807529466242714,-6.637750907394724,0.0,0.68
101518,39.0,Female,175.0,71.8,23.4,injured,Other,,2.645015953,85.86844809866392,1.848204897047032,0.315,88.20722858621349,44.46805907698575,20.089733408226444,21.837698479663345,15.150271472167592,2.7875118082242376,8.52637392413814,-9.011986768589964,-3.174603174603177,1.78
101519,51.0,Female,160.0,58.6,22.9,injured,Foot,Plantar fasciitis,2.090276942,81.63265306122449,1.5363535526450476,0.3275,64.6564940185549,48.75723832812013,-1.8428660506746493,21.57567265569527,14.805747883981423,-0.065515866477134,7.893354569513972,-5.710785776644309,-1.5267175572519096,1.0
101520,28.0,Female,169.0,64.0,22.4,injured,Knee,Pain,2.214400132,79.47019867549669,1.6718721000318677,0.3325,80.55742098898418,43.19955325553456,4.938249729843011,19.271472983742207,11.622693448379984,-0.7305172902884021,6.144271624632086,-32.1155232700794,1.503759398496242,1.22
101522,57.0,Male,170.0,74.2,25.7,injured,Lower Leg,Medial tibial stress syndrome,1.699381387,74.65062111801242,1.3658777901351962,0.3475,85.56914028474571,43.95016006364124,1.515365125819622,19.551897274090937,0.3960587544964579,2.03303932910616,10.315103638738494,2.253846131934582,-1.4388489208633106,0.89
101523,23.0,Female,172.0,72.8,24.6,injured,Foot,Plantar fasciitis,2.809871917,77.41935483870968,2.1776507356070853,0.3,114.6040391138128,40.33326728409733,12.014223187227651,17.28163084452838,11.863266807032506,-0.0291941216758875,7.652521427689169,0.2602718026394227,0.0,1.16
101524,31.0,Female,169.0,56.7,19.9,injured,Knee,Pain,2.596677564,83.33333333333333,1.8696078461052057,0.30625,86.41169404011254,42.27367116406364,14.803989681824666,20.318492281500625,10.604287970435385,-0.8563257641694735,8.580124904952472,8.839516133530598,4.081632653061228,0.85
101525,39.0,Female,158.0,55.5,22.2,injured,Hip/Pelvis,Pain,2.505801784,93.02325581395348,1.6162421503781852,0.265,64.75494964215204,43.23541146810865,11.154508102405678,17.912243321051818,10.718577588233712,0.4240538605833248,3.380219253473899,11.977410092079175,-7.547169811320761,0.75
101526,43.0,Male,183.0,71.4,21.3,injured,Lumbar Spine,Pain,3.208191541,83.91608391608392,2.2938569514934986,0.2975,81.69092720624803,45.0303776167229,25.166250285615348,23.92662999227537,8.203773347544036,0.236111803357542,10.88110054778343,-4.620172432115948,-5.042016806722693,0.6
101527,40.0,Male,173.0,67.1,22.4,healthy,,,2.977271961,83.33333333333333,2.14363581167964,0.26375,89.62873879725004,49.69941642187883,3.892202881570901,21.54695111565532,11.235218580228452,-0.3669446547856454,6.753106235983589,14.530993565987613,-2.8436018957345994,0.94
101528,41.0,Male,170.0,69.2,23.9,injured,Lower Leg,Other,2.88402243,71.8562874251497,2.408158729403973,0.295,128.61345878941768,49.98202790056536,29.800700365508607,20.952605944467606,9.20848859627265,2.055183584535032,11.41181130654067,-5.059426369625384,-3.38983050847458,0.75
101529,31.0,Female,163.0,70.5,26.5,injured,Knee,Pain,2.369027961,80.13422818791946,1.773809685675956,0.3325,88.13165766465718,48.72986536334226,13.14356885708626,17.841439040214762,18.15296323424337,4.5551827685993285,10.43581119097255,-5.890654671669103,1.503759398496242,0.76
101531,46.0,Female,157.0,60.0,24.3,injured,Lower Leg,Calf muscle strain,2.054428509,82.1917808219178,1.4997328114265671,0.3125,70.3909098297969,49.82512087567782,8.542634280106798,23.26043853503616,9.062929609486384,-0.1601538837912851,4.657971066181129,-11.22209033274115,-1.6000000000000014,0.86
101532,44.0,Male,179.0,67.8,21.2,injured,Hip/Pelvis,Pain,2.48693296,82.1917808219178,1.815461060765177,0.3325,81.56602441622897,50.17105749661364,11.19264007920072,22.46057386343326,6.463962197242017,3.60688484170168,5.555280400918911,4.829302451312254,1.503759398496242,2.59
101533,30.0,Male,175.0,84.5,27.6,injured,Knee,Ligament tear/rupture ACL,2.279683097,78.94736842105263,1.7325591534984803,0.34,76.77946877571168,45.53494807862833,3.697248112277811,22.15893236199271,7.143136435614797,2.4868132016350826,7.534402310703639,-1.5014821430357403,0.0,1.08
101534,59.0,Male,185.0,95.0,27.8,healthy,,,2.263917457,80.53691275167785,1.686618505170105,0.325,70.3947478174075,39.81301724259856,3.377678764378084,17.080281844361053,9.69312774995116,0.425729716721002,8.120229660597516,-5.067672898891791,0.0,1.18
101535,50.0,Male,175.0,88.6,28.9,injured,Hip/Pelvis,Pain,2.63237494,84.50704225352112,1.868986207087332,0.3025,82.74774058530119,45.47670034557193,6.595022072137555,17.863986898693636,12.9102428285639,2.723418625801622,10.288383548259365,-18.609098244325576,11.570247933884309,0.58
101536,28.0,Female,173.0,57.0,19.0,injured,Knee,Other,2.119543226,79.47019867549669,1.600255135655069,0.3275,76.36649921767292,45.08849833409318,5.918609310838749,15.227454351003791,5.226052113428246,-0.9444288293879936,5.462130946845322,-10.143140945497423,1.5267175572519096,1.12
101537,33.0,Female,170.0,79.7,27.6,injured,Lower Leg,Pain,2.161088809,77.92207792207792,1.66403838319681,0.3325,106.29586803620884,35.07031498213864,15.865709012648727,16.54865054135552,7.36389417983699,1.4677834269329493,7.417393929799976,7.980895134539767,1.503759398496242,0.9
101538,29.0,Male,184.0,83.4,24.6,injured,Thigh,ITB syndrome,2.571121472,79.73509933774835,1.934768907538924,0.3325,85.16488013600667,44.09498881825043,-2.398378976871569,18.228503277068384,8.40400851887955,-0.7731920902415587,4.884619210656124,-20.08971316792219,-1.503759398496242,1.23
101539,37.0,Male,179.0,81.4,25.4,injured,Knee,Pain,2.856232682,85.1063829787234,2.0136440405170712,0.285,89.32145331071553,44.26544930626652,6.599766804393655,16.312152046677607,6.708353025643788,1.146420834704666,7.039216613364333,3.7394483278523007,0.0,0.92
101543,38.0,Female,169.0,73.5,25.7,injured,Thigh,ITB syndrome,2.602993864,83.33333333333333,1.874155581829109,0.34,75.73704740648236,48.23124545517133,12.935621455272912,20.54591185338781,12.279796390236069,1.080855630811773,9.255457484920012,6.766262084068401,0.0,0.81
101544,33.0,Male,173.0,65.1,21.8,injured,Knee,Other,2.183672693,77.92207792207792,1.6814279736356266,0.3175,100.90267385075754,47.068756655901495,10.171969633541108,22.288609628307043,4.210406478131477,-0.4919603007619355,6.308788346351159,3.6967720646866535,-1.5748031496063006,0.75
101545,41.0,Female,172.5,65.8,22.1,injured,Lower Leg,Shin splints,2.704911269,83.91608391608392,1.93401155715127,0.325,108.22996612622536,40.53303883745248,20.08946720872243,19.396469053289778,14.841363506034575,0.394207951730853,5.542873224863865,0.6377725648920906,0.0,0.9
101546,53.0,Female,160.0,66.0,25.8,injured,Knee,Pain,2.330117215,90.9090909090909,1.5378773620384785,0.285,51.16478181048183,35.014621141561804,13.349247384560162,17.824598748391132,9.96537584943759,-2.249049595157084,6.549229578061059,5.0528940957311566,3.5087719298245448,1.12
101547,23.0,Female,175.0,77.1,25.2,injured,Lower Leg,Compartment syndrome,2.396106393,71.42857142857143,2.012729369958249,0.37,115.79011202880396,53.09512151863612,14.526015573415185,19.94665232526988,14.618014290439268,-6.699898336973175,10.459147832036098,5.8197269551327855,2.7027027027027053,0.91
101548,52.0,Male,182.0,85.2,25.7,injured,Foot,Pain,2.34288737,73.17073170731707,1.9211676436338363,0.3525,90.5804997362865,44.26884868525418,13.002177592721845,16.82556877941527,7.737758563198495,4.244606862796249,10.898630372794193,-9.309643392525306,4.255319148936175,1.5
101549,51.0,Female,166.0,77.3,28.1,injured,Knee,Pain,1.921664687,79.47019867549669,1.4508568389694505,0.345,67.50302444287732,37.89681059067532,8.325613611002607,16.818927335566073,8.129560451264261,-1.100340638290734,5.51021607857656,-1.2177113968828366,2.898550724637668,0.91
101550,33.0,Male,178.5,67.9,21.3,injured,Ankle,Peroneal tendonitis,3.271644905,82.75862068965517,2.3719425560406933,0.3125,102.9240069566058,46.07652730975098,15.77298818864903,22.74770992635664,13.31951384809797,-0.4475142217851453,5.242598096897231,-0.5475137592220655,3.200000000000003,0.91
101551,32.0,Female,163.0,53.3,20.1,injured,Knee,Pain,2.724909121,86.02261048304214,1.9006241121448708,0.2875,78.9813560115009,44.9544639316314,14.654935852239444,19.15482009862452,7.762170107354198,3.01170064865278,8.642366494494775,-15.1331615691634,-1.7391304347826104,0.78
101552,39.0,Female,174.0,71.9,23.7,injured,Knee,Pain,2.001004462,78.43137254901961,1.5307684131549368,0.33875,68.50453907417636,41.61446194434113,12.859911016319336,19.41951990177867,11.549508845193705,2.9519429310474425,5.124843990369076,-2.4151014214120927,-0.7380073800738014,0.94
101553,43.0,Female,163.0,64.0,24.1,injured,Knee,Pain,2.001740701,86.95652173913044,1.3812010834065938,0.2925,59.72437636366317,41.712128682208686,9.405855598836098,19.35460979060062,7.941895140847048,0.9420577797320696,7.351053105039964,6.620541692146428,-1.709401709401711,1.44
101554,22.0,Male,175.0,59.6,19.5,injured,Ankle,Achilles tendonitis,2.686624372,78.17672523554876,2.061984205468052,0.3025,91.64226244442948,46.32503178120309,30.83859717197049,19.470835041850467,3.917062757043325,1.6135281400036776,10.531691477951572,-4.3877647476776085,-1.652892561983473,1.51
101562,20.0,Female,166.0,69.4,25.2,injured,Thigh,ITB syndrome,2.159541663,76.92307692307692,1.684442497082178,0.345,98.26777050927832,36.50745936961749,14.58098280959922,13.207877828038704,21.24203738929606,2.269942055864634,4.722937143153035,-47.10193004184157,2.898550724637668,1.2
101564,44.0,Male,174.0,72.3,23.9,injured,Knee,Patellofemoral pain syndrome,3.193953301,86.95652173913044,2.203827777898589,0.28375,82.67661084446218,42.490382788356,18.14792373918701,19.644741490225613,9.72102509497131,0.9627964470832832,11.255620640182908,-17.327057497138043,-2.643171806167384,1.03
101565,29.0,Female,166.0,54.1,19.6,injured,Sacroiliac Joint,SI joint pain,2.316150044,83.04597701149424,1.6734184066279276,0.295,86.69162652888764,46.972742310363,7.061529465631674,17.40483690285467,5.587569426706873,-0.3983017544898777,9.341668141476468,-9.104302121709758,3.38983050847458,0.79
101566,28.0,Male,184.0,77.6,22.9,injured,Knee,Pain,3.165189995,81.08108108108108,2.342240596277069,0.28,92.4752722371131,48.94372258286003,8.646937443517665,19.28139174169798,10.52873796608659,-3.5104156414316776,13.51003149439499,8.44562542801011,-7.142857142857129,0.82
101567,19.0,Female,168.0,54.4,19.3,injured,Lower Leg,Medial tibial stress syndrome,2.937986496,81.08108108108108,2.174110006954422,0.2925,86.19476730563036,49.11396743059328,13.455294417687613,23.81016962959244,7.146317439895319,0.1992090125056458,8.81284681044247,2.592921517828992,1.709401709401711,0.91
101568,49.0,Female,163.0,62.7,23.6,injured,Thigh,Hamstring muscle strain,2.454415403,80.53691275167785,1.8285394755727424,0.295,90.46092856810998,49.41476502805536,13.78063576238949,23.258440280901247,7.933830913330852,1.886235518461876,7.655804004164154,13.678285667654157,0.0,0.81
101569,39.0,Female,166.0,70.7,25.7,injured,Knee,Chondromalacia,2.064227922,80.53691275167785,1.5378498017873208,0.3087499999999999,96.56721533684151,43.51788964448832,5.685503429029307,19.269164879471496,9.895564472837933,3.4605731889309017,8.718576579778905,-3.948771150974504,2.4291497975708527,1.04
101570,48.0,Female,161.0,53.5,20.6,injured,Ankle,Pain,2.611021892,92.3076923076923,1.6971642300630914,0.285,66.16963514749392,37.5515592422656,11.56718294033927,13.810441829277558,11.553285866998497,-0.1378236669426953,7.089505751926191,16.088977931850298,3.5087719298245448,0.85
101571,64.0,Male,178.0,90.0,28.4,injured,Knee,Pain,2.261846096,77.41935483870968,1.7529307244250485,0.3575,71.20185354179739,46.21544838455601,4.935725109829729,19.376791947166502,9.70596468911832,0.8811198113824421,12.715476791198505,4.856194736119167,1.3986013986014,0.79
101572,45.0,Male,179.0,72.9,22.8,injured,Lower Leg,Medial tibial stress syndrome,2.461544033,74.88354037267081,1.9723121561679624,0.335,104.80695303920714,52.60532535392526,8.537935439952435,22.949595403659384,12.068085829413764,0.9065592717567272,9.46604303280048,-5.775346798540584,2.985074626865674,1.0
101573,26.0,Female,163.0,49.4,18.6,injured,Knee,Pain,2.555029067,80.0,1.916271800408174,0.315,86.61574409609747,48.95349797698553,19.48083301067023,20.83023940955071,14.523275005441771,0.3690464720942472,13.96802337848822,7.642517546554934,-3.174603174603177,0.89
101574,46.0,Female,150.0,63.8,28.4,injured,Foot,Plantar fasciitis,2.397476824,78.17672523554876,1.8400634626351176,0.3325,88.26351067007505,51.59739694912318,9.895790941632663,22.69409967810017,13.962334890648894,-0.6048486908738018,10.474703572593064,-7.046931842632016,-1.503759398496242,0.83
101575,45.0,Male,180.0,93.5,28.9,injured,Lower Leg,Pain,2.631211109,83.33333333333333,1.8944719981229283,0.3,80.78907031927514,38.54882414428664,14.492112339443771,16.063264652685575,13.377890376963183,-0.6795926819117644,15.387583095769347,-5.056266664446961,0.0,0.59
101576,50.0,Female,164.0,56.1,20.9,healthy,,,2.405257655,78.43137254901961,1.84002210576717,0.335,80.78286538791343,48.83970374340658,0.4704633983776755,20.259950917751866,2.050978927624349,-0.1583491555266236,10.551114515890593,-0.8140956595142739,0.0,1.05
101577,39.0,Female,158.0,54.6,21.9,healthy,,,2.436649384,82.75862068965517,1.7665708033065142,0.275,95.21037918981278,45.4061916857863,16.299374720854445,19.49754825578692,15.401989989774629,1.0007700289773904,6.656779766325126,-2.895987486174132,-3.63636363636364,0.95
101578,42.0,Male,195.0,88.5,23.3,injured,Hip/Pelvis,Other,3.587380106,84.50704225352112,2.5470398752977603,0.275,89.37506141210889,44.94622233592458,8.387320809632246,17.58775570580518,8.980930692078392,0.3322448483922056,13.87201167986721,6.0355328434828825,0.0,0.8
101579,62.0,Female,163.0,65.4,24.6,injured,Knee,Osteoarthritis,2.034892646,86.33093525179856,1.414250388746484,0.2925,53.239856303445606,42.70031078619554,-4.730328603636691,17.496355447198013,6.4289557587887245,5.377454930235455,9.469117854148958,-1.8914515247900827,-1.709401709401711,0.87
101580,51.0,Female,166.0,75.4,27.4,injured,Knee,Pain,2.261036734,78.56037151702787,1.726866805589377,0.3275,87.08112725113054,52.64320421387315,3.3088380124478,20.86950428396782,9.81851673294894,-1.059810208994478,9.262262718565989,-5.440269822811541,-7.6335877862595485,0.72
101586,48.0,Female,168.0,66.1,23.4,injured,Knee,Pain,2.466865232,80.0,1.8501489240676308,0.3175,81.1371855508178,52.199953065409176,8.443342677598,20.1669662960415,15.479964540820704,2.280347168641155,8.173852360003675,-10.46986703432133,1.5748031496063006,0.68
101587,38.0,Female,173.0,58.1,19.4,injured,Thigh,Other,2.438908399,84.95654779742284,1.7224790570093171,0.2975,71.54333180778954,44.39086782330122,10.390786485324588,19.81106703067548,9.545757331072162,3.141262320859502,9.236626076574538,-10.466141402470209,5.042016806722693,0.84
101588,31.0,Female,169.0,68.5,24.0,injured,Knee,Patellofemoral pain syndrome,2.096073211,83.33333333333333,1.5091727117373486,0.3175,66.08973373839069,40.535947560255934,10.597342586297104,18.07735659349823,9.390875821795724,5.147109604943791,4.185277939566324,-2.9291783345020064,1.5748031496063006,1.07
101589,43.0,Male,180.0,72.1,22.3,injured,Ankle,Other,3.290174484,81.08108108108108,2.4347291181327377,0.2425,96.1986797252759,46.45453264286103,1.0849336869695845,17.563801906951863,7.283124689202529,-1.58911068417927,9.16985339988062,-3.9529655682560594,-2.061855670103095,0.92
101590,18.0,Male,175.0,74.3,24.3,healthy,,,2.755261158,88.23529411764706,1.8735775873914564,0.2825,68.8897384439532,44.195073823791866,10.86290385453247,18.21639657549637,2.227090900109818,-2.607388481397905,8.60893043202692,-3.100084224615416,-5.309734513274321,1.56
101591,44.0,Female,169.0,59.2,20.7,injured,Thigh,Hamstring muscle strain,2.819801689,82.61691072272083,2.0478809769624284,0.2675,89.46902127276968,46.28415847695357,10.535896032430232,18.249235233292648,8.067015729449508,1.343548128161883,8.221585566592541,-2.383164991575063,-5.607476635514024,0.84
101592,49.0,Female,158.0,61.9,24.8,injured,Knee,Patellofemoral pain syndrome,1.568759687,79.20878354827465,1.1883354632068654,0.32,75.20438286039618,40.88492412217744,0.3054882099555039,15.507680796982768,7.371676203302359,-0.3553564466185714,5.305460896889212,0.9930520182259832,0.0,1.17
101593,40.0,Female,177.0,66.3,21.2,healthy,,,3.044826427,90.9090909090909,2.009585441769629,0.305,64.52001474198659,44.21427549177786,7.813171407188978,18.314942484579333,9.540924755673489,0.3925618009298732,11.215159522999722,-7.973478961121538,3.278688524590167,0.7
101594,30.0,Male,177.0,66.2,21.1,injured,Thigh,ITB syndrome,3.329574731,80.0,2.4971810479710657,0.2775,87.32856154775573,47.95280334177354,13.158498225838814,21.67005551976756,11.715426140323135,0.432267836150578,11.434888874271367,-5.9276222507555225,1.8018018018018032,0.71
101595,44.0,Female,164.0,72.6,27.0,injured,Ankle,Achilles tendonitis,2.2914352,85.25835866261397,1.6125975219435476,0.3075,76.07301884461663,36.99638592997948,9.602514534946874,18.35055657135382,13.881337292505489,-0.4149203917416471,5.268655682219588,-7.099037365937086,-1.6260162601626031,0.93
101596,22.0,Female,170.0,61.2,21.2,healthy,,,3.067304098,81.08108108108108,2.2698050325627706,0.28,99.23886037284144,47.92312402006203,18.13400487655224,23.663258831251884,6.5932730122393135,0.6390459157266544,9.363297857340813,11.91869952429723,-3.5714285714285543,0.9
101597,35.0,Male,188.0,86.2,24.4,injured,Knee,Other,2.489044765,73.73324244489888,2.0254601771299328,0.3525,94.99330109924972,41.7718607974482,8.46952398559527,18.8407759381855,8.636062475809934,0.1516566170467044,9.689923002751517,5.220773476478428,1.418439716312058,0.68
101603,29.0,Female,175.0,73.6,24.0,injured,Thigh,ITB syndrome,2.598936528,76.92307692307692,2.0271704914814235,0.33,109.787420431967,43.55625165023629,12.57356345475009,17.42053061658981,13.24377088830778,0.6135462004952594,10.19188368819185,5.665782829168538,0.0,0.93
101604,45.0,Female,164.0,79.0,29.4,injured,Lumbar Spine,Disc protrusion,2.266191797,84.80671261612227,1.6033306966190732,0.32,66.23576786359396,39.99961909395616,3.859375114608838,16.023765876904438,13.210564978673473,0.2525936504166233,9.14056338141646,0.1285449395826992,0.0,1.0
101605,40.0,Female,152.0,60.8,26.3,injured,Knee,Cyst,1.728637456,75.0,1.3829099649907677,0.345,81.75605800556934,53.94179556836805,5.392281931267667,23.29914247303105,12.514204722735885,3.703683770283344,10.550219774245376,-0.4295135429282424,0.0,1.33
101606,27.0,Male,173.0,65.8,22.0,injured,Thigh,ITB syndrome,3.471536756,91.6030534351145,2.2738565753066355,0.295,79.10177668739465,48.177292317135766,13.226268955748282,20.36750631177605,12.338018479439846,2.692626435842945,11.891286585471374,-10.15282599692667,0.0,1.08
101607,44.0,Female,163.0,56.1,21.1,injured,Knee,Patellofemoral pain syndrome,2.230593686,85.1063829787234,1.57256854873081,0.315,77.49002593051881,48.10258224294334,9.0554188708965,19.934827444837296,5.838745112192665,-1.1825061556303846,9.113002597563856,-12.3515375866501,0.0,0.85
101608,54.0,Male,173.0,82.5,27.6,injured,Hip/Pelvis,Pain,1.927319181,78.94736842105263,1.4647625777600002,0.33375,76.49087391124544,43.679855563336965,-8.000716745644963,15.39784587859372,6.9589926469045,1.5602875955268791,8.646537877150461,-1.177222336816797,-0.7490636704119857,0.88
101610,30.0,Female,177.0,68.4,21.8,injured,Lower Leg,Shin splints,2.079994101,72.72994416691155,1.715995133483367,0.36875,89.55617297967524,45.03932199304657,-3.1901754490157668,16.8225576501442,7.142636410166279,0.7474372081862106,10.24191627830804,-10.428705545699776,-2.0338983050847474,1.51
101611,48.0,Female,174.0,66.0,21.8,injured,Sacroiliac Joint,Pain,1.98688571,78.94736842105263,1.5100331392388406,0.315,81.60529255926394,42.73491102316141,4.183807689500515,19.47704068190817,9.464148861948654,-0.8939266153768377,8.043094153592502,-5.121830489197245,-3.174603174603177,1.0
101612,38.0,Male,182.0,80.0,24.2,healthy,,,3.23267219,84.35930266916182,2.299238095038976,0.265,84.93155954682243,48.50202941453263,10.179118087902047,18.84193905015381,4.068948244023893,1.0014354422561595,9.390083080810328,-7.109025339769835,3.773584905660381,0.6
101613,37.0,Female,163.0,68.5,25.8,healthy,,,2.448539542,85.1063829787234,1.7262203771025322,0.31,75.28584799642368,44.30624949279856,11.462109967748802,20.032009623066777,9.079723671664985,1.5694341553551427,9.445967887316986,10.972765819947837,3.225806451612906,0.83
101614,51.0,Female,151.0,65.5,28.7,injured,Foot,Pain,1.968256661,88.23529411764706,1.3384145295149028,0.2925,49.69568193970727,40.97593418236214,-1.3707198806766685,16.29464305667606,15.780136805067592,0.3067749826535504,8.83829081327219,-6.180504352741263,-1.709401709401711,1.35
101615,53.0,Female,168.0,61.0,21.6,injured,Knee,Pes anserine bursitis,2.497505212,85.41033434650456,1.7544974113704677,0.30625,73.63227812721334,44.28356077102699,2.4688080342223806,20.201669448460336,6.229641724606033,1.2183709597642498,7.531466729586793,14.809543404269798,0.8163265306122456,0.75
101616,30.0,Female,167.0,66.3,23.8,injured,Thigh,ITB syndrome,2.117420855,77.92207792207792,1.630414058353134,0.335,92.79923988325362,45.73368248377133,3.775938784481149,20.979027688305905,6.6754593430787175,0.5028659539533358,8.100056101691745,14.66326079717893,2.985074626865674,0.9
101617,62.0,Female,158.0,70.2,28.1,injured,Hip/Pelvis,Pain,1.887056103,81.49476006618863,1.3893450556168596,0.3275,71.06333156822475,42.15948037176373,1.1511316943126186,20.225181805274275,8.958001694065771,-0.5312357270595887,9.18017569868152,-0.1143268697340055,-1.5267175572519096,1.0
101618,56.0,Male,184.0,82.5,24.4,injured,Ankle,Achilles tendonitis,2.544274067,78.43137254901961,1.946369661591587,0.3125,102.75087680658532,47.659128790691256,0.4104711968495191,17.747223710141416,9.840816391052188,-0.2381707523369101,9.30653083442179,-1.9463789272300085,-1.6000000000000014,0.8
101619,42.0,Female,167.0,57.7,20.7,injured,Ankle,Achilles tendonitis,3.440140076,93.75,2.201689648780172,0.245,81.2081207864573,35.19725431649794,21.86146680319687,11.657173853429306,8.100716047990304,3.1176210071068144,8.210206505655883,-12.80999744986596,8.163265306122456,0.6
101620,18.0,Female,180.0,83.0,25.6,injured,Hip/Pelvis,Other,2.308459419,75.9493670886076,1.823682941152431,0.3675,79.81351968183696,41.58715049272266,11.939126732162904,17.94877185894945,13.57127994123448,2.7196315039067085,10.125958039681212,0.539105401961849,-1.360544217687076,1.08
101621,50.0,Female,165.0,65.6,24.1,injured,Lower Leg,Pain,2.716098721,79.07807598466364,2.060839904227756,0.295,95.77952985269678,57.91529907531458,8.730619892905983,23.860573533333337,11.719443958461069,1.296678950819434,6.727444861653827,-2.327025157380507,0.0,0.74
101622,41.0,Female,173.0,62.5,20.9,injured,Foot,Pain,2.874939389,82.75862068965517,2.0843310568832463,0.245,88.16402055295055,47.85627018760199,14.715525164684877,20.035657118832752,9.979837674875046,1.81416787333534,9.209376125834147,-4.667288744537164,8.163265306122456,0.81
101623,31.0,Male,170.0,78.5,27.2,injured,Hip/Pelvis,Pain,2.312601069,78.94736842105263,1.7575768122668622,0.3125,112.73435663234744,39.524882539851184,-2.8650850974057303,15.409948921891488,11.191382858704756,0.553314994755058,11.701325864079635,8.093587213663543,-1.6000000000000014,1.05
101624,42.0,Male,195.0,94.3,24.8,healthy,,,2.762428552,83.91608391608392,1.975136414681898,0.3125,74.44682189325806,40.687112352046114,18.50618578444434,18.985026352860963,5.237004012342051,-1.0430171560641732,6.058876196223283,-9.18597275016416,-1.6000000000000014,1.28
101625,40.0,Female,170.0,62.0,21.5,healthy,,,2.221707842,85.1063829787234,1.5663040289065686,0.2975,67.76037073904627,31.67688518780989,8.917635119273362,18.1774961717971,16.763388258184964,4.072768113309586,7.187957834179928,8.27053806636403,1.6806722689075646,0.92
101626,56.0,Female,157.5,69.4,28.0,injured,Foot,"Deformity (e.g hammer/claw toes, bunion)",1.450138073,90.56732740943266,0.9607164730922942,0.2725,41.807463931959006,25.79276879335756,1.6290188513402986,14.144021660710049,10.711015609461462,-0.4771322772665869,9.723497221870163,-8.873398723312087,1.8348623853211024,2.01
101630,21.0,Female,174.0,78.6,26.0,injured,Lower Leg,Other,2.335407605,82.90229885057471,1.6902512540508026,0.3,68.63246999172318,39.827852250536594,9.8309720554311,19.801070291872435,5.5838689321531625,0.889199076616331,6.552647331003196,-9.784926991147744,0.0,1.03
101631,47.0,Female,167.0,67.8,24.3,injured,Knee,Osteoarthritis,1.661762532,77.41935483870968,1.2878659625331672,0.3475,41.77788462401503,36.37318235364876,4.875685323681939,19.04908202261633,4.718859959255941,2.482593381057104,7.672547401177385,12.07139238293366,-1.4388489208633106,1.43
101632,45.0,Male,182.0,78.4,23.7,injured,Knee,Pain,2.774762024,83.33333333333333,1.997828657004548,0.2725,98.17646787874176,48.97584218695731,2.036384871623845,18.991912257658107,8.661828559251695,0.9134745343977054,8.075571402758229,9.304423754761537,5.504587155963307,1.12
101633,33.0,Male,195.0,87.6,23.0,injured,Knee,Pain,2.992616866,83.91608391608392,2.1397210591172025,0.2875,91.9799829954352,42.195782342241344,7.395003773777537,16.745012799826668,7.624954532488643,3.8566910485714105,6.259643384249046,3.546041353946728,1.7391304347826104,1.15
101634,51.0,Female,170.0,68.4,23.7,healthy,,,1.996334745,83.91608391608392,1.427379342533994,0.305,74.6253102101069,38.181596014028486,3.7997379498857287,16.846015435562272,13.137256503267627,1.6976009309723032,5.5473545161726445,-9.739071601607565,3.278688524590167,1.1
101635,31.0,Male,188.0,110.3,31.2,injured,Foot,Pain,2.52681969,76.43312101910828,1.9835534567149893,0.335,107.36124518077564,44.89200960707406,8.882799211539638,20.586924858361243,13.023362971682218,1.988402849075656,6.612197705069299,8.843391981176158,0.0,0.85
101636,37.0,Female,165.0,59.7,21.9,injured,Hip/Pelvis,Pain,2.037706992,74.53416149068323,1.6403541289215826,0.365,76.1923433116888,45.22155801657472,14.973313178102131,22.318244447697623,14.35594250452218,-0.0945177746602006,7.211424633346204,-11.819681604223732,2.739726027397263,1.3
101637,45.0,Female,160.0,54.8,21.4,injured,Thigh,Tendonitis,2.216212799,85.71428571428571,1.5513489591605378,0.2975,85.27338907106912,37.59769598906856,18.8403255147926,19.68146975794213,11.889947541529503,0.7024718553609115,6.394396849925999,-5.887882046568524,-1.6806722689075646,0.83
101638,40.0,Female,165.0,62.7,23.0,injured,Thigh,ITB syndrome,2.510035013,83.91608391608392,1.794675034514532,0.3,90.41702349168848,39.66991344152849,10.287262817187504,18.711496113546847,14.698179531576956,1.1486132878624409,8.638231088596925,-1.8768833043225688,3.3333333333333366,0.62
101640,44.0,Female,173.0,66.2,22.1,injured,Ankle,Ligament sprain,2.085634848,78.17672523554876,1.6007247460699645,0.3225,106.94224662660406,45.86289478507333,7.609763813739226,19.29380581620517,13.007018893071994,2.029801900333365,7.310961945370947,-3.331917130804349,-7.751937984496131,1.15
101641,36.0,Female,166.0,50.7,18.4,injured,Knee,Patellofemoral pain syndrome,2.379753008,82.1917808219178,1.737219695975882,0.275,101.5384524086798,41.60755223820762,9.321469863443692,20.66536511225283,6.885786658372256,1.0538236569872628,7.531327701293832,-3.747917294220448,3.63636363636364,1.43
101642,29.0,Male,189.0,80.3,22.5,injured,Knee,Pain,2.798662625,77.92207792207792,2.154970221472644,0.31375,100.64105856610638,48.59524967193754,9.468830370225888,20.846212891449365,4.9343900558105,2.5669278728446248,6.200123637951116,8.865786332446884,-0.7968127490039848,0.79
101643,33.0,Female,167.0,50.8,18.2,injured,Thigh,ITB syndrome,2.38212364,82.75862068965517,1.7270396391660725,0.29,88.22124700509073,46.812582380235526,8.240439510659932,21.06043544844104,8.34575713232635,1.186364265860743,10.729375245906224,-6.434092903364995,3.448275862068969,1.0
101644,35.0,Male,177.0,83.7,26.7,injured,Lower Leg,Pain,3.188125697,77.41935483870968,2.470797415342622,0.2675,113.36468459816996,56.8806322237555,4.416911336257121,24.88609601329511,4.079015765778494,1.6835279818585605,7.138792668432146,8.59720585332355,1.8691588785046744,0.86
101650,33.0,Female,158.0,56.8,22.8,injured,Thigh,ITB syndrome,2.82793267,83.91608391608392,2.021971858779412,0.355,93.03434137697964,53.323798759838766,10.583122087269397,23.828910806061977,11.361316812985931,0.440618173937283,7.647754107022662,-4.127332924152365,0.0,0.79
101651,26.0,Male,185.0,78.7,23.0,healthy,,,2.952218327,76.43312101910828,2.3174913865361386,0.295,98.84777169573772,47.09967480972865,12.47523406216966,27.46047585144096,10.3373399273458,1.0187014792575575,7.426044898983401,0.7317488223338521,0.0,0.82
101652,30.0,Male,184.0,77.5,22.9,injured,Ankle,Achilles tendonitis,2.924039918,86.33093525179856,2.032207743130861,0.3075,77.88836819004382,43.165870824821965,9.4119674338023,18.06655923822452,8.368953769946195,1.6917427415858848,6.907362117990503,-3.2498062697440937,1.6260162601626031,1.07
101654,27.0,Female,161.0,54.8,21.1,injured,Thigh,ITB syndrome,2.687623953,82.47520075578649,1.9552464260657128,0.27625,96.01807134187892,43.81210732899691,13.352449049225708,17.705991385422713,14.624799226431616,-0.5760556683702109,8.281674301668467,9.208096633749763,2.714932126696835,1.95
101655,62.0,Male,184.0,78.8,23.3,injured,Lower Leg,Calf muscle strain,2.512043157,79.86754966887418,1.88717242166356,0.3125,93.4269886508394,42.9911245353793,3.572761303280559,18.86992670852836,9.851654113040334,0.3735466257829669,6.163442456379686,-9.069488432354982,-1.6000000000000014,0.95
101656,47.0,Female,164.0,68.1,25.3,injured,Hip/Pelvis,Pain,2.261340191,83.18965517241378,1.6309916127438262,0.335,68.06959917931917,40.1976522459889,10.23883591853958,18.13570306900031,11.60675664541288,1.6788401592137163,9.057629891895216,10.17001710612898,2.985074626865674,0.76
101658,46.0,Female,166.0,64.6,23.4,injured,Ankle,Pain,2.520887328,80.80899691637947,1.8717588406810552,0.2825,101.56513554894424,32.81030252543724,10.998330540775171,13.845919060957725,12.2443089513356,3.2092001785824005,7.699459138865903,-29.23403387141617,-1.7699115044247609,0.92
101659,32.0,Male,182.5,74.2,22.3,injured,Hip/Pelvis,Other,2.835534079,77.6707163803938,2.1904500762966963,0.27625,114.29067900876043,39.82383213340803,9.430355444300783,21.11591729213404,7.942069723298449,-2.5933775509053607,6.820289919145915,-7.482950990004712,-11.764705882352931,0.71
101660,49.0,Female,175.0,59.5,19.4,injured,Thigh,ITB syndrome,3.181836539,88.88888888888889,2.147739664132058,0.25,75.92147510396339,42.05090334821317,16.776587371722762,18.08863252045028,8.681186085660645,-1.233892273707869,5.402943274550811,-10.317448375950631,16.000000000000004,0.62
101661,48.0,Male,168.0,72.0,25.5,injured,Sacroiliac Joint,Pain,2.645357305,83.33333333333333,1.9046572594871995,0.31375,80.97338318664498,42.19793450425559,19.08540963730505,19.18792063374474,6.407624661582153,0.8174359035746726,9.82984662541852,7.673076109724072,-0.7968127490039848,1.14
101662,51.0,Female,165.0,51.3,18.8,injured,Foot,Pain,2.425550452,87.91326749677972,1.65543818325463,0.29,71.40882294674151,36.24892031919687,11.678645228827271,18.28756482756357,8.580633003721726,0.178581517728797,5.143154318315002,-1.6176969175586546,-3.448275862068969,0.95
101663,35.0,Male,184.0,83.8,24.8,healthy,,,2.66215442,82.1917808219178,1.9433727269220653,0.31,87.13514851294053,34.72461798371912,1.5428068542313729,14.67578152287964,5.016880196833375,4.821304936637016,7.166737351264213,1.7562038122648485,-3.225806451612906,1.06
101664,41.0,Male,182.5,69.8,21.0,injured,Thigh,Tendonitis,3.048044833,82.1917808219178,2.2250727284065586,0.2675,91.9739284251704,52.94769309849661,7.42711501078427,22.99942502804005,2.467231533281564,-0.7208520871998565,3.015681741672279,10.206529868607728,1.8691588785046744,0.6
101670,31.0,Male,182.5,85.9,25.8,injured,Foot,Muscle spasm,2.643437436,76.92307692307692,2.0618812002999687,0.3075,110.3622557453062,37.69187587730711,14.485784941855298,19.364226088170867,10.805774640965009,1.1312289381737064,12.4506544984802,11.351654895330762,-1.6260162601626031,0.79
101671,61.0,Male,172.0,75.6,25.6,injured,Hip/Pelvis,Pain,2.687701627,82.1917808219178,1.9620221879166664,0.2825,100.78278989730126,44.97616564205163,6.650560579942433,19.21447422245157,5.802680066139335,-2.803648598861082,4.348540460932183,-23.12295370551617,1.7699115044247609,1.1
101677,34.0,Male,184.0,97.4,28.8,injured,Lower Leg,Medial tibial stress syndrome,2.846604167,79.73509933774835,2.142069635915464,0.3175,89.23083948660204,43.205186891778666,5.44536409369635,13.271734302171357,22.322817879584058,0.4395849558007567,11.340646691588988,-9.104238729102043,-1.5748031496063006,0.86
101678,30.0,Female,170.0,60.7,21.0,injured,Hip/Pelvis,Pain,2.988611563,85.1063829787234,2.106971152057566,0.2825,77.81440887515978,49.56625492290827,17.635772423337944,21.853729999944782,7.275344478164129,-0.4311160733777524,7.223661752919186,8.63101279294878,1.7699115044247609,0.82
101679,39.0,Male,177.0,79.0,25.2,injured,Ankle,Achilles tendonitis,3.427947394,82.75862068965517,2.485261860790713,0.26,86.3365700121351,42.24627368546952,14.942139134542389,19.35183800468869,2.6103235784029,-0.4331284338940619,10.454539208335833,6.474249108579017,0.0,1.28
101680,30.0,Male,181.0,91.7,28.0,injured,Knee,Patellofemoral pain syndrome,2.481646503,75.9493670886076,1.9605007370852323,0.3225,117.00049331060023,36.1862152922276,17.271704240102373,16.113103455277795,11.1722620092446,1.4773378833561843,5.684435847308148,-3.641424344040674,1.5503875968992262,0.87
101681,48.0,Male,180.0,78.2,24.1,injured,Hip/Pelvis,Pain,2.743821383,81.63265306122449,2.0167087161509234,0.325,93.38327919003244,46.74472294441104,9.986832889663892,20.01105460489898,13.05756279361796,-1.4865659000074414,13.42434483403917,6.967219727332339,6.15384615384616,1.07
101682,46.0,Female,168.0,56.6,20.1,injured,Lower Leg,Pain,2.604990534,79.86754966887418,1.9569991388905843,0.2825,95.36137389137672,44.53786673334076,12.760349292655466,18.42668351156717,2.0509157199486667,1.4925363716990003,9.50995384882382,-3.0464941792603675,1.7699115044247609,0.96
101683,25.0,Male,177.0,77.7,24.8,injured,Knee,Ligament tear/rupture ACL,2.774794338,85.41033434650456,1.949293022257176,0.2825,87.08678183560448,39.83562055672533,16.181088217747508,20.31623846146176,7.337296927233183,-0.1002689924066277,14.055272434703085,6.127639125248775,-1.7699115044247609,1.0
101684,29.0,Female,180.0,60.8,18.8,injured,Thigh,ITB syndrome,3.035437898,76.92307692307692,2.3676415604053527,0.295,98.247131928131,46.28877349466096,14.718392994890866,23.15984530150512,7.88129168090634,-2.6101526571891736,6.6112929553909545,2.1243158986211808,0.0,0.88
101688,31.0,Male,179.0,74.9,23.4,injured,Foot,"Deformity (e.g hammer/claw toes, bunion)",2.462135326,87.5912408759124,1.6865626980008797,0.27625,96.83459404721732,34.16022613102996,10.754886792444823,16.076711326272985,5.646304390693487,0.6820243389939834,12.131458573983329,9.696786087025789,4.524886877828038,0.85
101689,40.0,Female,164.0,60.0,22.3,injured,Lower Leg,Muscle spasm,2.687203647,80.53691275167785,2.001966717147915,0.27,98.25610287528085,39.34178354918418,5.732804998200606,17.517973639289806,10.111024901319167,0.7187052780873644,11.302025364748497,11.262680520637849,0.0,0.95
101691,54.0,Male,165.0,84.8,31.1,healthy,,,2.984021813,81.63265306122449,2.193256032680727,0.27625,101.20655315765076,48.1446435573841,11.265873391979262,21.121430761554368,6.187455706319704,0.8563221654209614,11.448555731969908,-3.441163857811849,2.714932126696835,0.83
101692,25.0,Male,187.5,90.5,25.7,healthy,,,2.795367575,73.61963190184049,2.2782245736383424,0.32625,125.2649095909511,47.53355212840461,5.628398119116895,22.522223338614907,5.967206337928216,-0.6058871456093164,4.289719309930341,12.648841206617975,2.2988505747126453,0.89
101693,54.0,Male,170.0,82.6,28.6,injured,Ankle,Achilles tendonitis,2.467821165,85.71428571428571,1.727474815449433,0.2975,80.33235854184304,30.79365209486376,6.904267537437953,17.024448168402884,12.083818275288742,-2.3850458874365343,6.95658709792508,65.17361419934765,8.403361344537823,1.17
101694,29.0,Female,175.0,60.1,19.6,injured,Knee,Pain,3.004138346,81.63265306122449,2.208041684025146,0.3175,73.80324727787189,49.401299618712684,8.22134484395364,22.691170273475286,-0.8748529379068152,1.2748580954952575,10.204042193208943,3.972804408177046,1.5748031496063006,0.86
101695,45.0,Female,165.0,63.9,23.5,injured,Knee,Patellar tendonitis,2.497202935,77.6707163803938,1.9290892671506856,0.3075,110.73865221354184,49.89059614671229,4.441186533390704,20.86640848225747,12.987891503552977,1.30903525719749,10.467762050904645,3.220552530137132,8.130081300813016,0.66
101696,51.0,Male,174.0,65.1,21.5,injured,Thigh,ITB syndrome,2.161293647,79.47019867549669,1.6317767032419688,0.285,86.34839064452916,44.96878765434501,1.016261463790005,23.443622244672333,0.4056512548366585,-1.753159562943246,5.334788399206607,6.60176316105001,-3.5087719298245448,1.16
101697,41.0,Female,167.0,85.5,30.7,injured,Other,,1.890161312,81.08108108108108,1.3987193705689174,0.31,62.854353065443206,38.09154858024189,-3.73633637154896,14.600572368751768,6.2120786105778,0.8956564891893762,12.247162982458622,-2.027246245739452,0.0,0.89
101698,49.0,Female,170.0,73.0,25.3,healthy,,,2.289530417,85.71428571428571,1.602671291609182,0.295,74.80367589509154,38.41111763179844,11.195488332149305,15.638066372555716,11.339766025515448,-0.029739068505638,7.934982368795197,2.2165146137149883,0.0,0.91
101699,54.0,Female,160.0,54.1,21.1,injured,Hip/Pelvis,Pain,2.056010074,82.1917808219178,1.500887353831846,0.31875,77.66158930254534,41.99461579426712,1.2508984789293958,20.006263584945227,3.8741292360744817,-2.6788845508209094,9.697575269358495,-1.6060326504114144,0.7843137254901968,1.18
101700,56.0,Female,162.5,67.6,25.6,injured,Knee,Patellofemoral pain syndrome,2.327740866,88.56209150326796,1.5770444369763532,0.265,74.68714106292572,23.782104320037085,-0.3235029623046094,11.7193421131815,6.747599475146559,-0.8255083756368391,9.88458753985473,8.940794245282158,0.0,1.85
101701,41.0,Male,193.0,98.4,26.4,injured,Lumbar Spine,Disc protrusion,2.967349344,83.33333333333333,2.136491527505856,0.2975,79.00975874455389,38.1905574391491,12.707864441612667,16.86954623708223,4.09799166527946,0.3254839944061314,7.874079336973159,4.420149098740178,-1.6806722689075646,0.59
101702,29.0,Male,175.0,70.0,22.9,injured,Knee,Pain,2.394807949,86.6437284954645,1.6584045045810387,0.2975,73.95430868936671,40.02632121164122,6.604766841488448,18.827916212211733,7.604253066705311,0.7948888294690633,5.246403352182559,-6.13668520761647,5.042016806722693,1.2
101703,34.0,Female,165.0,73.2,26.9,injured,Knee,Patellofemoral pain syndrome,1.889989463,80.0,1.41749209714946,0.34,63.898494401043,40.95454083738922,3.583055252610745,19.140025047169303,8.911594912363313,0.1841408795087131,6.152295676253157,-9.806714746853332,0.0,0.91
101704,44.0,Male,181.0,83.9,25.6,injured,Knee,Patellofemoral pain syndrome,2.467926397,76.92307692307692,1.924982589401308,0.2987499999999999,108.81889935769568,37.01243160805736,14.002066141815025,21.58012279852645,5.039518209120985,0.1376146515121235,6.009011303548338,2.06823955261799,-4.184100418410046,0.79
101705,55.0,Female,178.0,67.2,21.2,injured,Thigh,Hamstring muscle strain,2.891149202,77.92207792207792,2.226184885575521,0.33125,94.12469925210904,53.74795312534582,20.69213181966163,25.2957016573708,13.271407709882062,5.987249592562007,14.836109626058246,-9.68921252601476,2.264150943396228,0.75
101706,57.0,Male,183.0,106.9,31.9,injured,Knee,Meniscal tear medial,1.877220981,77.6707163803938,1.450153207593672,0.34,62.30823692059096,30.37105402970851,6.335434126795242,14.117250394165945,7.078081438740667,1.3720331455771788,15.342799086497976,-21.27256301416694,0.0,1.12
101707,38.0,Female,173.0,65.1,21.8,injured,Hip/Pelvis,Pain,2.430839161,81.08108108108108,1.7988209788430904,0.3125,104.28888526661405,41.951799348895165,8.47799224776351,18.92410046517936,9.98902171311858,0.3627066788386708,5.776971589683272,-4.468248309760787,-4.800000000000004,0.98
101708,54.0,Female,165.0,66.3,24.4,injured,Foot,Pain,2.366072662,89.55223880597015,1.5852686832617038,0.3025,55.15213736960448,38.249086288155,6.515996638258062,23.467924759123708,7.721451077415202,-0.003656700224498,12.866023822443625,-3.123777015706088,-4.958677685950418,0.83
101709,33.0,Male,174.0,72.5,23.9,injured,Knee,Patellofemoral pain syndrome,3.264164099,86.33093525179856,2.2685940487752787,0.2975,81.62610459014252,46.52640411249288,8.655056755655913,17.196181109382948,5.04326147667005,2.1178747173176107,13.102330190808525,-21.39561235676593,-1.6806722689075646,0.85
101710,31.0,Female,155.0,53.1,22.1,injured,Knee,Bursitis,2.393389848,90.22556390977444,1.5916042492159002,0.2875,75.33068769587703,42.67994713074288,14.733360074635026,20.063044827827035,5.725495124911629,1.6515006002528725,11.380120172726224,-5.517554478320978,8.695652173913032,0.82
101711,42.0,Female,160.0,62.7,24.5,injured,Knee,Patellofemoral pain syndrome,2.361755508,83.33333333333333,1.7004639655862874,0.325,72.06716751018539,42.148603878030784,9.389932994512966,19.67155429518632,12.78040109228385,-1.0886834057242911,9.758848001544184,13.731426027033333,-3.07692307692308,1.01
101712,51.0,Male,193.0,101.1,27.1,injured,Thigh,Hamstring muscle strain,3.26152018,83.91608391608392,2.3319869286780217,0.3125,97.19686389410988,33.205153143061096,6.218302626269736,15.505612050890695,8.489566853002023,-1.0034805279790815,11.708333156726116,-7.266407638953853,1.6000000000000014,0.61
101715,41.0,Male,176.0,87.8,28.3,injured,Ankle,Achilles tendonitis,2.384992504,90.56732740943266,1.5800575337164595,0.285,64.56442833245873,33.355581356927885,4.842780924782261,12.53447967655129,13.136801021061247,5.345042076957427,8.991889119819561,-22.38861191556736,3.5087719298245448,0.83
101716,29.0,Female,164.0,48.9,18.2,healthy,,,2.983334858,81.91221694157115,2.185292783307748,0.3037499999999999,90.53299334701074,43.49946066518713,19.860639757810908,22.39909136788424,5.66454876449963,-0.9127547182025456,9.809757414842943,13.670256828646076,2.4691358024691383,0.73
101717,37.0,Female,160.0,49.3,19.3,injured,Knee,Tendonitis,2.223881192,81.77243500139781,1.631772824788685,0.305,84.77510199126857,41.9661264977854,9.194169038533024,20.45090024738571,6.342699547946292,0.9925180149256168,7.752969336870056,-3.948472176198336,0.0,0.83
101719,38.0,Female,166.0,56.2,20.4,injured,Knee,Bursitis,2.349436937,86.95652173913044,1.6211114866915446,0.32,78.4418253901755,38.147198136549605,13.21230960726891,21.958891937332275,9.894075875691918,-0.0861541778358538,6.449556632520013,-6.830151718937013,0.0,1.09
101720,57.0,Male,190.0,84.6,23.4,injured,Knee,Patellofemoral pain syndrome,2.26181398,70.17543859649123,1.933850952829052,0.3725,120.99103737020394,50.349916858458606,16.101062054026663,22.65031962370009,1.5906077671898695,-0.2312215168143261,11.27209146386148,7.01468659070176,1.342281879194632,0.69
101721,49.0,Male,170.0,74.5,25.8,injured,Lower Leg,Calf muscle strain,2.479510794,84.95654779742284,1.7511544981606568,0.305,89.23576092606538,37.15737699153729,12.202977680007445,14.525754757340112,8.569288516616018,1.83463038464354,12.00529629390742,-6.657535159100526,6.557377049180334,0.8
101722,33.0,Male,180.0,82.9,25.6,injured,Knee,Ligament tear/rupture ACL,3.340569931,83.33333333333333,2.40521035029214,0.2775,89.29813986676456,43.68205242605325,19.72115274465544,20.72544919313569,13.1993838619092,0.5602541061165569,12.089536117462258,13.021391370446976,1.8018018018018032,1.16
101723,30.0,Female,169.0,79.0,27.7,injured,Knee,Pain,2.305389404,72.9490022172949,1.896182784771237,0.3825,87.38916299984913,47.94053464380123,5.389232326523535,19.74868815209048,23.991203676426363,1.4851777687679886,5.854456526326228,10.601736187482562,1.3071895424836613,0.85
101724,44.0,Male,174.0,82.1,27.1,injured,Lower Leg,Pain,2.312989496,77.41935483870968,1.7925668594669577,0.34,103.99649714402966,45.62383420240684,11.669093073021989,21.835951617587195,6.477616647976882,0.4295671293554692,8.767258261575797,-1.876011216699824,0.0,0.69
101725,33.0,Male,185.0,87.3,25.5,injured,Knee,Patellofemoral pain syndrome,3.285122573,88.23529411764706,2.233883349678168,0.2825,86.32014277132009,36.83171700993629,8.96079607322208,13.702620906352266,14.63057258558416,5.359131867813615,10.295894907343714,-32.46719759929894,1.7699115044247609,0.64
101727,41.0,Male,181.0,78.3,23.9,injured,Thigh,ITB syndrome,2.32738023,73.96046353101568,1.8880872117456675,0.3375,98.51130253465598,49.7905960604769,7.083285833871816,26.45363327526916,7.259468548346216,4.270772619310597,9.339026493105925,1.7978170920086236,-1.4814814814814827,1.04
101728,35.0,Male,180.0,87.9,27.1,injured,Knee,Patellofemoral pain syndrome,2.571265789,73.17073170731707,2.108437947270162,0.3525,108.76574443913545,39.747066730469854,15.205568258927636,21.885451337029927,12.37883739654001,2.506288617965167,10.264218493584153,13.434506353620424,1.418439716312058,0.78
101729,42.0,Male,183.0,89.6,26.8,injured,Knee,Pain,2.563862881,78.68937048503612,1.954945446443893,0.325,101.01034118021371,32.29612956105369,11.205749234446245,17.148799139101776,8.547112340243295,1.9464215009726924,10.125617898600256,21.98575048226157,-6.15384615384616,0.83
101730,37.0,Female,166.0,81.3,29.5,injured,Thigh,ITB syndrome,2.232258771,73.61963190184049,1.8192908983949363,0.4375,74.60824834340522,40.18991393589568,10.453499095143869,18.66645496481865,10.235977031695626,1.3465053519883432,8.828021190676608,5.283992925043362,1.142857142857144,0.81
101731,59.0,Male,180.0,86.4,26.7,injured,Thigh,Hamstring muscle strain,2.73474111,82.1917808219178,1.9963610099817648,0.3225,85.4588673758534,45.31000563861676,10.700869482144814,17.926294955756035,4.543569677530495,0.6360317625523303,4.924340178576974,-2.748845937527024,-1.5503875968992262,1.26
101732,29.0,Female,174.0,56.0,18.5,injured,Knee,Ligament tear/rupture ACL,2.878432417,88.23529411764706,1.9573340432375363,0.2825,66.97591739628456,40.6483002401252,9.385384301453282,18.20100940220196,7.488091886410058,1.4479619118522835,5.704246932435961,0.1090895153461031,-1.7699115044247609,0.91
101739,61.0,Female,175.0,57.4,18.7,injured,Knee,Osteoarthritis,1.879141413,83.33333333333333,1.3529818174720438,0.31,55.08768139713803,32.917184497101246,-1.3417829948192732,17.555590357293795,12.748688333825124,2.2584484121732022,3.175940935466835,1.722754893918939,0.0,1.03
101746,34.0,Female,163.0,59.3,22.3,healthy,,,2.84256065,80.80899691637947,2.1106012823645,0.2875,109.84260970490304,31.76249010693181,11.819244951312786,13.369197037530164,12.746232454891526,0.589793276767129,9.075612952710092,1.1962106850151917,5.217391304347812,0.85
101747,46.0,Female,155.0,48.3,20.1,injured,Knee,Patellofemoral pain syndrome,2.443196499,84.21156308480252,1.740777505541136,0.3125,85.72014415334382,45.4022023845072,17.624192151162937,20.31438471559315,13.269553924422556,0.4474460319760633,8.666896237570587,14.733306927071858,1.6000000000000014,0.91
101748,44.0,Female,162.5,52.3,19.8,injured,Lower Leg,Calf muscle strain,2.520871185,85.71428571428571,1.7646098295731736,0.2875,74.60642337527293,42.04113298239591,7.6562835553299475,19.910398693414784,6.962916847706303,0.0297494813800371,9.132794148453796,-7.062333044455311,1.7391304347826104,1.29
101749,19.0,Female,160.0,59.8,23.4,injured,Knee,Plica,2.476363183,89.05472636815921,1.6684496947729686,0.3025,65.49005507939705,40.03395111831588,14.329050839815917,20.23808461412249,7.6402477703633345,-0.0670016847503962,3.5020115423553806,-3.7886466810841712,-4.958677685950418,1.14
101750,42.0,Female,174.0,103.7,34.3,injured,Foot,Pain,2.306352808,81.08108108108108,1.7067010776835974,0.325,62.977570577804215,40.52268969311451,20.46362833712428,18.31969348795765,14.803435901322176,0.6312880628914606,8.52828271998139,4.0554257647997645,-3.07692307692308,1.03
101751,34.0,Female,170.0,65.2,22.6,injured,Knee,Pain,2.702247288,83.33333333333333,1.9456180476323064,0.315,80.722097108557,42.21269297010555,18.42191611456977,20.1037418470663,13.265240880751522,0.0076382731353439,12.051620142643,2.1640384853931365,6.349206349206355,0.83
101752,40.0,Female,163.0,64.9,24.4,injured,Lumbar Spine,Pain,1.919930692,76.6780989710926,1.5023457666943965,0.3425,71.00757008022731,42.45029058611959,-2.8972623795801766,16.803827989532905,8.888589843708992,0.954110031277212,6.3178510746860495,-1.352575414204079,1.459854014598525,1.1
101753,24.0,Female,178.5,76.0,23.9,injured,Lower Leg,Pain,2.346330995,84.07203245949592,1.6746937478977864,0.3425,74.33354001464568,39.17644278331029,14.39230199456849,20.3138456035028,8.772060420137302,2.8059213059979253,8.181598487466234,2.016578300343232,-4.379562043795608,1.36
101755,63.0,Female,156.0,50.1,20.6,injured,Other,,1.85913056,84.50704225352112,1.3199826973445243,0.3075,60.89925671167367,39.79161057540705,6.63581764068639,21.28184347993804,9.19317187621996,1.748854471888397,8.199992218966033,-0.3983726413093963,1.6260162601626031,0.93
101758,44.0,Male,182.0,85.7,25.9,healthy,,,2.62570766,93.02325581395348,1.693581440782311,0.2725,73.54910440068863,28.6069723931073,-1.9623852756800024,14.58132867032969,5.659041929160114,0.0898081163045856,9.237426930137833,-0.3966498284013387,1.8348623853211024,1.05
101760,43.0,Female,165.0,69.3,25.5,injured,Thigh,Tendonitis,2.605916091,81.63265306122449,1.9153483271390763,0.3325,90.62339729292523,48.67982692096214,14.7202857954834,23.010775969708504,13.447958056030329,1.614595093201602,7.8780573564807135,0.3232794431976585,4.5112781954887256,1.07
101761,44.0,Male,175.0,87.7,28.6,injured,Ankle,Achilles tendonitis,2.745638084,82.1917808219178,2.004315801517898,0.2875,97.7803677669514,36.06942070187202,9.2457007554841,17.009385626632046,8.392028844325642,0.3800994883116071,10.15842774419948,-8.090591854797875,-1.7391304347826104,0.72
101762,42.0,Female,180.0,63.1,19.5,injured,Ankle,Peroneal tendonitis,2.802978619,78.30404889228419,2.1477823668177907,0.32,92.69529709243736,42.16101087051583,20.02767793365072,18.356790617852297,6.394406500214068,0.6439259018304289,8.98192914442657,6.134683542801611,0.0,1.09
101763,63.0,Female,153.0,51.2,21.9,healthy,,,2.223755554,78.68937048503612,1.6956136099392003,0.3225,82.72896170322673,46.82547853149578,12.748607699155688,23.51328855311437,7.4903131801055505,0.0564323027147608,8.890310223941423,-1.3118021568182157,1.5503875968992262,0.71
101764,35.0,Female,157.0,55.8,22.6,injured,Knee,Patellofemoral pain syndrome,2.457085255,80.0,1.8428139416177387,0.3075,112.26478512965986,46.267343882582665,23.39633057261965,20.411717124537343,12.521461525583476,2.49831679364868,8.001858201603097,-5.700752824299674,-4.878048780487809,0.95
101765,25.0,Male,181.0,93.5,28.5,injured,Ankle,Ligament sprain,2.365562258,69.36416184971098,2.046211353315808,0.3525,124.81474685720129,46.79094526711649,12.445372203276522,21.259233916334736,7.696883504700417,0.6736344542226709,5.39659129965295,3.186083651328792,-1.418439716312058,1.28
101766,50.0,Female,168.0,54.4,19.3,injured,Thigh,Hamstring muscle strain,2.159193818,79.47019867549669,1.6301913326451354,0.3,99.66641806102189,43.31581856101352,18.019653462573228,21.47688124096892,8.442176233179447,-0.429243076012602,7.333405297861745,5.938330386907994,-3.3333333333333366,0.74
101769,43.0,Female,173.0,63.7,21.3,healthy,,,2.405058463,83.33333333333333,1.7316420930075018,0.3225,76.14235701509199,37.662363437029896,9.387411455549367,19.29513644908408,13.57554362748978,1.5572756212303502,7.0959282297904345,22.8076600422578,1.5503875968992262,0.84
101771,43.0,Male,181.0,79.3,24.2,injured,Lower Leg,Calf muscle strain,3.219216264,79.47019867549669,2.4305082792609376,0.2575,106.9705149618792,36.04390102099681,15.162780740608234,16.028240065214447,22.31276561698225,-0.8154596694389409,11.270156426213516,-6.099764635383717,5.825242718446607,1.55
101772,38.0,Male,175.0,69.4,22.7,injured,Thigh,ITB syndrome,2.270957277,83.91608391608392,1.623734453386787,0.3037499999999999,75.97616688061743,38.52640867463873,24.44249964772047,21.819140962259706,7.697693622423147,-1.3688635269568958,8.179102625044822,-5.799728263381515,-2.4691358024691383,1.14
101773,55.0,Female,168.0,80.8,28.6,injured,Lower Leg,Other,1.935949727,92.6654740608229,1.253527448495503,0.265,38.42815736375269,31.82138617745865,5.8514306638598566,15.44234982390704,7.662407812340329,-1.3743230830256252,6.046750519528477,1.871517979473522,3.773584905660381,0.78
101774,58.0,Male,171.0,79.8,27.3,injured,Ankle,Ligament sprain,2.645432425,77.92207792207792,2.0369829673273943,0.295,100.6289046129246,45.69527592625043,10.128680809292335,16.012286461730366,5.865405831864899,0.986680685909566,8.154332709996794,14.30984671463948,3.38983050847458,1.21
101775,20.0,Female,165.0,58.9,21.6,injured,Knee,Plica,2.286733228,80.67295483402866,1.7007578384715436,0.31,86.44831334033248,37.340744072470166,13.302927545659475,21.10158354614948,13.219089331309693,3.9378135435518815,10.901416339849934,-7.337025370123528,3.225806451612906,1.31
101776,42.0,Female,165.0,65.8,24.2,injured,Knee,Ligament tear/rupture ACL,2.153605351,81.08108108108108,1.5936679593870309,0.325,70.33894747946715,39.49400165127124,4.495663622662006,20.04897939407349,12.819723850522138,-0.9292971117827477,7.6479791601192915,-22.44592734955296,6.15384615384616,1.09
101777,59.0,Male,188.0,101.3,28.7,injured,Thigh,ITB syndrome,1.942937471,81.08108108108108,1.4377737283198482,0.335,84.56454571484801,30.322157280001512,5.922454081523625,13.032739756823307,12.672510491783944,2.396078121544908,2.9199232269570774,14.744211903484093,2.985074626865674,0.8
101778,31.0,Female,173.0,55.5,18.5,injured,Knee,Pain,2.737630243,84.50704225352112,1.9437174726784727,0.325,81.19140878975594,42.968892472897785,20.329126398604,15.016861960097122,9.939643188271807,-1.2045565286635649,10.269004936201066,-2.5035417088781915,6.15384615384616,0.95
101779,53.0,Female,177.0,67.2,21.4,injured,Ankle,Achilles tendonitis,2.784726231,88.23529411764706,1.8936138369299869,0.2525,81.31520521428985,34.808726872175775,14.564866076313862,18.476587215719235,11.462166605406804,-0.3686088060814152,5.00338848985011,6.611964185530195,-1.980198019801982,1.0
101782,48.0,Male,177.0,84.7,27.0,injured,Thigh,Hamstring muscle strain,2.599726342,79.47019867549669,1.9627933883827893,0.29,100.03350801621826,50.34347129982454,-7.603709057649013,19.450612008033108,5.020210991952779,1.1271886947457344,8.432953313827184,-11.881184493234882,0.0,0.87
101786,31.0,Female,172.2,176.0,59.4,injured,Ankle,Achilles tendonitis,2.588598029,76.6780989710926,2.0255779578278896,0.3075,112.20659918119968,50.3665782846063,3.184627094251383,16.016602539805504,7.936122429223309,-2.210403640145848,3.657146871527803,-6.272078132043301,-1.6260162601626031,0.91
101787,48.0,Male,173.0,77.5,25.9,injured,Lower Leg,Medial tibial stress syndrome,2.903775165,83.04597701149424,2.0979775568196923,0.285,86.47834491535693,42.02941680601633,11.174541786434837,18.614029664720302,7.2588935341402685,0.6196718493737889,11.853834882903351,-2.00793728028019,3.5087719298245448,0.67
101788,52.0,Female,157.0,75.6,30.7,injured,Lumbar Spine,Pain,2.022584849,75.0,1.6180678795504173,0.3925,90.04443423574298,50.89679903358977,9.10315458194868,21.86703119371127,14.03210906276636,0.445019196534808,14.004465119224664,8.514277716777825,-1.2738853503184724,0.89
101793,57.0,Male,176.0,76.7,24.8,injured,Ankle,Achilles tendonitis,2.590345792,93.02325581395348,1.670773035684064,0.2825,61.40867106132919,42.72719476491599,1.16733776578283,17.936849174913956,4.330396733187248,0.3956812626606291,4.763340186661448,2.7433317817014804,1.7699115044247609,1.33
101794,40.0,Male,191.0,121.5,33.3,injured,Other,,2.274764829,75.0,1.8198118629433429,0.3399999999999999,113.02908380833064,32.642229334116394,10.804222961059883,13.845635417563576,10.39379474375376,-1.34559964840706,2.895534513648364,21.27449329485756,-5.88235294117646,0.93
101795,50.0,Male,181.0,86.8,26.5,injured,Foot,Plantar fasciitis,2.95145314,80.0,2.213589855274273,0.3,95.04656509117268,37.53563054644749,12.270800332889856,16.106735239725772,10.714422214923928,-2.793118006878164,11.102546603456478,19.469282850699248,6.666666666666673,1.12
101798,52.0,Male,177.0,93.3,29.8,injured,Foot,Plantar fasciitis,1.648138128,73.17073170731707,1.3514732650024674,0.355,76.37181597376798,33.93784231837473,4.870170512620971,13.628993033833744,5.591652537240519,1.0351532613572345,9.165928980102198,-4.635315556898712,0.0,1.22
101800,38.0,Female,158.0,48.2,19.3,injured,Foot,Other,2.49695931,88.88888888888889,1.6854475342267403,0.2825,78.48596004004725,37.70115805329357,1.86141971915782,16.320185241100162,5.235351405064441,-1.89393439033351,11.329719804834228,0.9063212443644156,-8.849557522123883,1.03
101801,44.0,Male,183.0,88.1,26.3,injured,Foot,Pain,3.183207858,81.08108108108108,2.3555738146903824,0.3037499999999999,86.26856099234908,45.02526665500047,10.101754336344074,24.100609041808656,11.708949361371246,-1.986899216099456,7.152332496189274,5.243485175556667,9.05349794238684,3.78
101803,34.0,Female,164.0,55.4,20.6,injured,Lower Leg,Calf muscle strain,2.503788399,83.62470862470863,1.796468176606139,0.31,79.60235334523344,43.53784789596141,24.22287919831821,20.99435043433605,8.970365864845423,0.438740340371492,11.759297480905907,13.87475903629064,0.0,0.89
101804,44.0,Female,165.0,57.8,21.2,injured,Thigh,Tendonitis,2.521284735,78.43137254901961,1.9287828223262389,0.315,101.40032409662363,46.62387620787986,12.662133056332433,24.08024386225061,13.07228252730139,-0.188856591532617,9.145413837402824,-4.204731722603432,3.174603174603177,1.29
101807,43.0,Male,182.9,84.1,25.1,healthy,"No injury,No injury",,2.796736672,83.33333333333333,2.013650403685347,0.2675,95.67702658440942,42.83560232584428,11.66969760219344,22.281912760948813,4.5199129553211135,2.2974471330816324,4.889142271817886,-4.786486828236932,-1.8691588785046744,0.87
101809,31.0,Male,185.4,104.5,30.4,healthy,"No injury,No injury",,2.779983605,83.33333333333333,2.00158819550934,0.26,100.66416096857546,41.21487185924924,12.11203323880862,21.738944195981013,5.533041449916238,2.243877246835993,4.007204817359956,0.5272367607259035,0.0,0.99
200028,40.0,Male,175.0,72.5,23.7,healthy,,,2.904446252,91.6030534351145,1.90241229520698,0.285,64.06672947254799,43.58030888534523,13.475232934660871,22.10806475819627,7.430223184486242,1.8171465370918547,-1.7405743541066707,4.286343634121339,0.0,0.91
200029,24.0,Male,174.0,70.0,23.1,healthy,,,2.895855953,83.33333333333333,2.0850162859444854,0.2825,84.62085464346569,37.3287656687552,12.843564431163031,16.60341283698056,-3.141329732806035,1.147590655512122,6.672336486165978,2.167980841787738,-1.7699115044247609,0.91
200030,21.0,Male,178.0,83.0,26.2,healthy,No Injury,,2.775217568,74.41913963653094,2.237519164160398,0.2825,111.26944514880388,41.88772593328849,10.996022237082204,19.496833620024155,3.912476866592251,1.687221382360734,11.48501333226056,10.542781822768845,1.7699115044247609,1.29
200031,21.0,Male,178.0,70.0,22.1,injured,Thigh,ITB syndrome,2.749065298,80.80899691637947,2.0411809838294905,0.2875,90.8089212791906,42.12130279663185,18.83970246651875,20.98112715626528,8.847142528790249,-0.249005436824234,10.246563160086511,14.759602583097085,5.217391304347812,1.08
200032,20.0,Female,165.0,66.0,24.2,healthy,,,2.766202162,82.75862068965517,2.005496567217445,0.3,75.45683095662886,42.49689943427491,19.62180284385611,21.21287368148629,9.78222252985605,1.4875436370471622,3.0108820706119035,-0.796032908677057,3.3333333333333366,1.17
200241,28.0,Male,171.0,64.0,21.9,injured,Lower Leg,Calf muscle strain,4.154844635,93.20494186046513,2.6746812336249004,0.305,65.27010631372184,38.761926686935794,22.87593479257186,21.54333343724042,8.958410664310676,3.3498317559617865,1.4929384397972554,11.242205046748394,-19.67213114754098,0.87
200242,19.0,Male,172.0,56.0,18.9,injured,Lower Leg,Calf muscle strain,2.94463526,87.5912408759124,2.017075153071339,0.26875,76.75588192932412,41.20316767076883,15.535035740359444,18.429125768671376,3.7956630046539264,-2.4574814080549587,2.815046620514789,19.870705640676345,-4.651162790697677,0.82
200243,49.0,Male,181.0,90.0,27.5,injured,Lower Leg,Calf muscle strain,2.871938907,77.92207792207792,2.211392958262945,0.29,117.25951742975856,43.21353763974596,6.16643755349906,23.13592529695564,9.123476509360296,-2.306816937614129,7.116997947950006,-5.987646633691952,-3.448275862068969,1.19
200244,31.0,Female,169.0,59.0,20.7,healthy,,,2.91339754,86.6437284954645,2.0175277962837894,0.285,74.94324353997149,47.77955343119528,5.547626747652176,24.97528610671948,8.267828658646282,4.701695355800756,7.790271274357849,8.065604355498653,3.5087719298245448,1.45
200245,23.0,Male,189.0,67.0,18.8,injured,Ankle,Achilles tendonitis,2.922371798,78.43137254901961,2.2356144258225914,0.3,109.87586386924522,47.55285922507117,17.091041478159546,19.271825783935896,10.008125213919527,1.0579815563300188,5.44419729576131,-5.821992869461236,0.0,0.82
200246,45.0,Male,172.0,80.0,27.0,injured,Foot,Other,2.884435582,80.0,2.163326686251472,0.2825,103.82929437760076,42.88884357162335,16.285636801737216,18.202574075741563,4.884066801972214,1.4524964369129647,3.747262643965874,-16.69871651052337,-5.309734513274321,1.11
200247,33.0,Male,184.0,78.0,23.0,injured,Hip/Pelvis,Other,2.941651622,79.47019867549669,2.2209469742917425,0.265,119.71088489072064,40.2982543119772,14.254386098272375,17.649750027929777,5.235266347723578,-0.9849291117254508,-1.816906112016719,-0.4944532471847465,3.773584905660381,0.71
200248,41.0,Male,172.0,62.0,21.0,injured,Ankle,Other,2.887468618,77.92207792207792,2.223350836221216,0.2725,96.10456582742472,51.19610462480493,15.364659862724675,23.62161187577837,2.1949687134570537,-2.24627828164642,1.150350819737207,-8.674353399853723,-1.8348623853211024,0.92
200249,37.0,Male,170.0,65.0,22.5,injured,Foot,Plantar fasciitis,2.95644258,90.22556390977444,1.9660343156355409,0.2725,79.56590878500603,40.15362996814371,26.362529517713284,19.793983031926928,6.366392628818489,2.651233837317688,2.242811630604076,-9.950815681529807,-5.504587155963307,1.22
200250,26.0,Female,164.0,47.0,17.5,healthy,No Injury,,3.124825659,82.47520075578649,2.2733106670366343,0.26125,121.6619305586348,41.008856306562734,24.81317247319152,20.060476910458235,10.223321121070851,2.9260155372495102,4.93962469634946,-12.096306580370344,16.26794258373205,1.31
200251,63.0,Female,153.0,54.0,23.1,injured,Hip/Pelvis,Other,2.925713314,87.5912408759124,2.004113620320078,0.2425,95.56229864501644,35.706306279794774,14.119829703093462,16.081286857673668,12.960003438207846,0.3632356877942504,4.198641290040756,9.22059865327028,-2.061855670103095,0.76
200253,33.0,Female,163.0,88.0,33.1,healthy,No Injury,,2.887349132,83.77244820906793,2.068063815541813,0.3399999999999999,71.77097005369677,48.88333365776306,14.27676675913096,18.213077325387705,14.623963308936808,0.6181245975513923,7.1946955368646535,-11.300257996863092,-2.9411764705882217,0.95
200254,42.0,Female,170.0,64.0,22.1,injured,Foot,Other,2.899910226,76.19124405385794,2.283679302861767,0.3175,129.1582323534614,47.863090347121215,16.581669720862042,25.239282173780097,18.151550018354687,-1.1186960860935238,0.4659930088417001,-10.005140971013406,11.023622047244103,1.03
200255,38.0,Female,162.0,53.0,20.2,injured,Lower Leg,Tibia stress fracture,2.890191153,88.88888888888889,1.950879028391394,0.3,88.69853820861755,41.12180763326963,17.075458609975712,17.165962905144994,14.758382759629264,-0.1518617303354199,1.9626647052391493,2.845143678166595,3.3333333333333366,1.18
200256,33.0,Male,187.0,94.0,26.9,injured,Knee,Other,2.867540793,72.50821467688938,2.3728900060018416,0.3,136.85103255662705,44.91400658979127,15.239393067248056,20.88728074593397,3.7839464576354063,0.5272489486406897,6.175542338970487,-27.134100558484235,3.3333333333333366,1.15
200259,49.0,Female,170.0,65.0,22.5,injured,Hip/Pelvis,Other,2.918551831,88.88888888888889,1.9700224859830004,0.2925,92.23342473250835,41.58955614504903,8.307915726587373,25.62642271540692,5.851424645746738,0.7753444058522916,4.746226796039934,0.8450502323236301,-5.128205128205133,2.82
200260,36.0,Male,180.0,95.0,29.3,injured,Lower Leg,Other,2.885125772,79.07807598466364,2.18908917964348,0.275,123.0756409181235,39.04534137541701,14.01459180975858,18.454899543218225,9.741453754562336,-0.0737107366593226,0.3305776132910065,-10.295452305202645,-10.9090909090909,1.54
200261,34.0,Female,170.0,55.0,19.0,injured,Lumbar Spine,Low back pain,2.983282964,81.63265306122449,2.192712978324215,0.295,106.14731221973778,44.58557690217495,11.999620355660326,20.158504277163537,5.294245727288608,-0.8306109057347864,-0.2045728653708429,2.714850048108958,3.38983050847458,1.45
200262,36.0,Male,181.0,74.0,22.6,injured,Thigh,Other,2.887550631,84.21156308480252,2.057379824331111,0.3025,85.50212864668649,43.56651486295654,12.356266734742624,22.906069926365696,6.41109482409864,1.7785244934171098,7.868407413065199,-8.955573688469268,-1.652892561983473,1.25
200263,19.0,Male,170.0,68.0,23.5,injured,Lower Leg,Compartment syndrome,2.900840802,84.50704225352112,2.059596969320099,0.26,95.25125940100897,39.506288966333656,19.736658153582745,20.36415924124301,7.8098917650893,2.32862048583998,3.6423564129118784,-7.398529816950408,-3.84615384615385,0.87
200264,44.0,Male,189.0,95.0,26.6,injured,Knee,Bursitis,2.868202433,83.33333333333333,2.0651057518105858,0.28,101.61668172086269,32.250007685927855,11.280158742810686,17.0547680769929,10.76502482346657,-0.2024009726417652,3.161063502626281,22.586028664286907,10.714285714285705,1.06
200265,34.0,Female,171.0,71.0,24.3,injured,Ankle,Other,2.883436335,93.02325581395348,1.8598164362545475,0.3025,67.25046186633949,29.11870413033365,14.62632664794294,16.90473688874045,18.262546658009907,2.595692688392967,11.484403919599242,7.683804596174613,1.652892561983473,1.07
200266,44.0,Male,180.0,66.0,20.4,injured,Sacroiliac Joint,SI joint pain,2.956203756,87.5912408759124,2.024999572535969,0.245,91.63688877267988,36.41391759602836,12.550282148375723,17.033404221009658,2.409870015292048,0.3573092950808116,-0.8583570298466422,15.504056595749937,4.081632653061228,0.93
200267,34.0,Male,194.0,88.0,23.4,injured,Lower Leg,Other,2.959999138,86.95652173913044,2.0423994053792103,0.2925,90.73474581039004,39.73015194624763,18.1702145456386,16.638733363639517,11.310636452363866,0.9890143754151556,3.724310127055333,-23.86381428728424,-5.128205128205133,1.13
200268,19.0,Female,173.0,53.0,17.7,injured,Foot,Other,2.917415834,77.92207792207792,2.2464101919795767,0.275,117.45895802722973,51.58786903009181,18.53016514250812,24.20800334459102,6.5117766795942735,2.4646593128103875,4.324586902441279,-9.486135053978114,0.0,0.73
200269,27.0,Female,175.0,55.0,18.0,healthy,No Injury,,2.844919989,77.41935483870968,2.2048129916663903,0.28125,106.290389640333,50.61801335562518,19.720609142982,24.009606579798447,12.816832058374803,-0.5041560901831779,0.0922409075988117,14.410303269301467,-0.88888888888887,0.87
200270,25.0,Female,165.0,46.0,16.9,injured,Thigh,ITB syndrome,2.926152022,81.08108108108108,2.1653524964643625,0.305,118.86728879233874,48.738630678502105,23.604553918769184,26.09064890815602,9.006305149206344,0.7046310593511933,7.64265031934545,-17.149330049231388,36.0655737704918,1.53
200273,48.0,Male,175.0,117.0,38.2,injured,Thigh,ITB syndrome,2.897678992,84.50704225352112,2.057352084424368,0.2774999999999999,85.77763589767204,27.52979383402315,3.8766156437713457,12.901668102481231,7.304726164343723,-0.1238945141074143,3.034052188505818,9.498185004941424,-12.612612612612605,1.04
200274,59.0,Female,163.0,65.0,24.5,injured,Knee,Tendonitis,2.890640336,85.86844809866392,2.019834934775722,0.2925,72.21318435143343,42.47135676680813,25.124030726610485,19.65092289400011,13.072517883762169,1.874891858528696,0.4677916709201195,-6.933567136175976,1.709401709401711,0.97
200275,26.0,Male,180.0,80.0,24.7,injured,Foot,Other,2.882251809,74.30411778237865,2.327418335671715,0.285,118.7900189185028,41.25096591724886,18.735169081253552,25.60334528619074,9.837831083486378,2.28888861669272,7.619307505615308,-1.3699013071434778,-3.5087719298245448,0.84
200276,31.0,Male,179.0,70.0,21.8,healthy,No Injury,,2.902991179,88.88888888888889,1.9595190459641207,0.3025,75.5525603908909,45.44239283321606,11.239817358573069,21.721584009221367,9.702406937561422,1.645914726010349,0.544863365554811,5.6419674821571695,-1.652892561983473,1.03
200277,38.0,Female,173.0,63.0,21.0,injured,Foot,Metatarsal stress fracture,2.879111986,85.1063829787234,2.0297739502299166,0.315,98.73750758087806,38.3433151225899,27.1720365487659,19.392335338400784,11.955121238091014,1.5306031316629438,3.712176863109671,-2.5604995720403982,-3.174603174603177,0.7
200278,37.0,Male,182.0,76.0,22.9,injured,Knee,Pain,2.905186507,80.53691275167785,2.164363948028824,0.28,93.81028541654052,35.20768247232768,13.12684912039398,17.341609002090223,4.6012755269484025,-0.269993561125613,8.924918382371569,-1.5509359442034747,0.0,0.97
200279,47.0,Female,179.0,92.0,28.7,injured,Ankle,Achilles tendonitis,3.091075095,90.9090909090909,2.0401095629420736,0.275,73.94302642758146,27.417440362945296,15.212136756481724,14.123731854876045,13.128744212122962,5.935934547097288,0.3549146983046696,0.4292440046256114,0.0,0.82
200280,22.0,Female,169.0,51.0,17.9,injured,Thigh,ITB syndrome,2.966682779,82.90229885057471,2.1471366615204515,0.27,94.73562804127089,41.58518793566429,25.590342619674622,19.1935521958054,7.686745244064879,3.4645667663728084,1.6092197143525098,-21.166985002917315,7.407407407407414,2.0
200282,39.0,Female,160.0,58.0,22.7,injured,Ankle,Achilles tendonitis,2.957984762,90.22556390977444,1.9670598668482,0.255,94.25427699588704,37.002983407401295,22.90417201067069,18.5527038086492,15.291515691643417,-0.3476111323911208,7.009932388357457,1.4431147909462854,0.0,1.22
200283,53.0,Female,165.0,58.0,21.3,injured,Foot,Other,3.012320698,94.48818897637796,1.9128236434671928,0.285,61.72835499519314,37.56090458211904,28.593768916257098,19.520445287796303,8.14102559716492,6.386704662695157,-0.5315554452308353,-4.9671192127978605,3.5087719298245448,1.53
200285,18.0,Male,180.0,70.0,21.6,healthy,No Injury,,2.953822808,77.1712158808933,2.2965972334200706,0.305,103.63889409294944,43.07060727259879,19.82530326108691,23.49872026373864,11.492059933596634,1.719798184355793,1.9682195344124045,5.710590772002455,0.0,1.7
200286,35.0,Female,167.0,92.0,33.0,injured,Hip/Pelvis,Other,2.881058477,84.21156308480252,2.052754164825949,0.3675,64.00359358075579,45.44127701484998,16.704678829812888,22.132949436118885,10.279260104677611,2.2298504779410813,2.580453341868443,5.788288159797368,-1.360544217687076,1.09
200287,29.0,Male,189.0,80.0,22.4,injured,Knee,Bursitis,2.899087735,78.68937048503612,2.2105543981160443,0.2825,109.80587496843282,41.91092851126347,11.696055531559493,22.53043936108804,3.135291758153563,0.5109665527005487,4.39313607768932,4.371554923579383,-1.7699115044247609,1.36
200290,44.0,Male,187.0,92.0,26.3,healthy,No Injury,,2.87535749,77.41935483870968,2.228402055028824,0.39,113.82024814703874,33.00334066394194,17.982786593958725,16.423740466250162,9.13733591248225,-0.5357766147112681,8.981304987146796,9.704767352337276,0.0,1.1
200291,31.0,Male,180.0,70.0,21.6,injured,Thigh,Tendonitis,2.917107858,85.71428571428571,2.041975500341826,0.2925,66.92965174835194,42.526730071571976,0.0775734990550573,19.749367122613208,0.6550027574782757,0.3336430882090444,5.007561743015259,2.7747090735047086,1.709401709401711,0.79
200292,38.0,Male,182.0,83.0,25.1,healthy,No Injury,,2.866994393,81.08108108108108,2.121575850518496,0.2825,102.00039059006582,43.45681316806864,15.07691330477242,20.36487837526409,6.438186893971325,1.6820524803635155,6.503061382894207,-2.0437557147223804,-1.7699115044247609,1.03
200293,61.0,Male,167.0,64.0,22.9,injured,Thigh,Tendonitis,2.98373622,101.26762569434553,1.7554097209846546,0.24875,43.06987234935224,36.11483272180898,11.394693889347993,19.068763211795964,8.29831578186377,0.1110697250422272,3.1303016719337995,-1.6408355198194005,1.0050251256281415,1.51
200294,54.0,Female,163.0,49.0,18.4,injured,Thigh,ITB syndrome,2.968097727,92.3076923076923,1.9292635223408268,0.25125,66.90092252458965,36.38813492358955,16.05788430878208,18.382931353085603,4.056750069329354,-0.2758468142079046,4.535913329296039,-9.465901827608077,-0.9950248756218916,0.77
200295,18.0,Male,195.0,86.0,22.6,healthy,,,4.088738045,84.21156308480252,2.91322585733623,0.2175,98.8035336700936,42.09271396924239,12.453260209060788,16.590524546863058,10.060721100711133,0.8415091470073914,6.636708536186088,5.620102961380567,-2.2988505747126458,1.43
200296,18.0,Male,194.0,87.0,23.1,injured,Hip/Pelvis,Osteitis pubis,2.896736519,76.92307692307692,2.259454484791704,0.3175,100.8051138361044,39.30901828760716,14.089738640469193,17.987013097059723,9.124241926073156,-2.2592469125882046,6.991266900058636,3.297563703079992,-7.8740157480315025,0.93
200297,36.0,Female,172.0,59.0,19.9,injured,Foot,Plantar fasciitis,2.630195045,88.88888888888889,1.7753816556713755,0.29,67.1165621821331,25.73760202918032,10.048217396153152,12.393298402530249,10.026003328945295,1.0315472747586445,6.031433876255152,95.94521372478768,-6.896551724137917,1.08
200298,32.0,Female,167.0,70.0,25.1,injured,Foot,Pain,2.946494551,82.1917808219178,2.1509410218959064,0.28,96.01344971950216,45.57491686490353,20.701425938045787,16.85900353116659,10.85499808207688,3.456060824706122,2.1508331781749632,-1.2699020057586967,0.0,0.96
200301,25.0,Female,165.0,63.0,23.1,healthy,,,2.950887597,89.55223880597015,1.9770946900153807,0.305,76.41678443988823,39.78475846729719,13.565839695632704,20.07690391487189,8.246338896502449,2.9231712021087084,7.844852536783484,-0.3097944241494302,6.557377049180334,1.0
200302,44.0,Male,182.0,99.0,29.9,healthy,,,2.875078182,81.08108108108108,2.127557854723005,0.33,83.54725908911269,38.22811954497494,14.133065809516186,18.84330182563368,11.864945962092431,-3.108303352311048,6.347927670926409,-10.074581462969334,-3.030303030303033,0.76
200303,47.0,Male,174.0,73.0,24.1,injured,Hip/Pelvis,Pelvic dysfunction general,2.896954113,83.33333333333333,2.0858069611605603,0.27,93.25317033041496,39.26957017367805,16.73563599440525,20.96248572103707,9.044838233466464,1.589954711772091,3.609342018112068,-4.04714285596818,-3.703703703703707,0.84
200304,34.0,Male,173.0,84.0,28.1,unclear,Lower Leg,Shin splints,2.875447449,84.50704225352112,2.041567689092102,0.2975,79.75290450952684,44.36373579836024,12.016530249258723,24.67258524853702,5.183216738649691,1.177671905520724,8.776249768189185,11.230448694710557,-1.6806722689075646,0.71
200305,37.0,Male,178.0,77.0,24.3,injured,Knee,Ligament tear/rupture ACL,2.896631985,75.47169811320755,2.3028224278596845,0.3075,106.91913297861043,49.31305116943598,14.8948276527747,25.197643006280817,4.257770587195348,4.89345886302596,3.453087666012615,6.126556353513243,-1.6260162601626031,0.86
200306,26.0,Male,178.0,67.0,21.1,injured,Ankle,Achilles tendonitis,2.929817488,82.1917808219178,2.138766766132101,0.285,92.3866959537968,41.28462544571743,16.121410166086886,24.302668121586088,3.0943042240277494,-4.482119780475346,4.191376381398031,4.833255949041567,-24.56140350877193,1.05
200307,28.0,Male,178.0,76.0,24.0,injured,Foot,Other,2.906607413,80.26845637583892,2.172689041443112,0.305,91.6522960551971,44.73186309670322,23.66155959240592,22.467751096544056,7.813044245821415,0.0968484038623134,4.942358228699972,-12.855909095589436,3.278688524590167,0.94
200308,42.0,Male,172.0,70.0,23.7,injured,Thigh,ITB syndrome,2.978474453,87.91326749677972,2.032808814321632,0.285,78.53749840332563,39.30017695628766,13.955602808744835,18.497264894340244,4.631262240322075,0.88505030340627,5.944365873327358,-10.170739969565952,-3.5087719298245448,0.69
200309,53.0,Male,170.0,76.0,26.3,injured,Lumbar Spine,Disc protrusion,2.877012508,84.35930266916182,2.046275146612282,0.3075,70.93647492275076,40.84020035801251,14.203417694349492,20.06587025621576,5.361864062977368,1.2929140420936696,-0.4341748324312428,-16.3073045808276,4.878048780487809,0.97
200310,53.0,Male,186.0,80.0,23.1,injured,Thigh,Hamstring muscle strain,2.928118211,82.75862068965517,2.1228857029885444,0.3175,84.18174844593386,49.09162355258222,13.248569689777092,19.378043121961035,3.708727622581456,-2.0626817188829367,4.24257723347232,9.254108592196074,-7.8740157480315025,1.12
200311,18.0,Male,191.0,89.0,24.4,injured,Knee,Chondromalacia,2.900794456,81.63265306122449,2.132083925255162,0.3225,96.36759796246815,37.44826309132236,8.85968335924455,17.87482769925262,11.02828944271373,0.9968536766941554,3.720820467651925,12.989313662278883,-1.5503875968992262,1.03
200313,34.0,Female,168.0,50.0,17.7,injured,Lower Leg,Shin splints,2.938405641,86.95652173913044,2.0274998924777536,0.2525,84.46852864871624,43.05842814937565,10.617810631309135,23.50634535986817,-0.269563216522334,2.8326865364378206,7.258639017102806,3.828869952574744,21.782178217821787,1.59
200314,48.0,Male,178.0,125.0,39.5,injured,Ankle,Achilles tendonitis,2.925508492,85.1063829787234,2.062483486954043,0.30125,86.27920467777773,30.170564866609656,14.914538317819428,19.64776936718961,10.638052746614072,-2.210152526395438,3.504394722550125,6.2815567416752,5.809128630705399,1.43
200315,47.0,Male,180.0,72.0,22.2,injured,Knee,Other,2.881435187,83.62470862470863,2.067429746360885,0.30625,72.9251377512573,38.80572624412074,6.361358829698053,20.07458983371576,1.4297562098285836,0.2438974964245288,4.87868715321082,-8.436867172614372,2.4489795918367365,1.61
200316,51.0,Female,181.0,66.0,20.1,unclear,Knee,Other,2.964268096,85.1063829787234,2.0898090076885527,0.2725,78.69651954930629,43.66738447938328,13.77204276694965,22.371790516653355,3.275659525647184,4.147028615845879,3.8531890839501273,21.26077723166292,1.8348623853211024,0.83
200317,54.0,Male,181.0,78.0,23.8,unclear,Other,,2.902536175,81.08108108108108,2.1478767697397867,0.2625,101.96540969262288,44.31494821786822,9.92374810887711,23.408463688391706,6.020680906375619,-0.8747662847612826,7.255581937431519,-4.819173562077184,5.714285714285719,3.09
200318,25.0,Male,170.0,70.0,24.2,injured,Lower Leg,Shin splints,2.886715976,83.04597701149424,2.0856522923283025,0.2925,90.95288397571306,48.17602991401723,20.582259764198184,23.375434199052123,4.803947336307647,-0.1840852649096904,3.892475545129052,4.727325920735261,-1.709401709401711,0.7
200320,29.0,Male,178.0,70.0,22.1,injured,Foot,Stress reaction,2.914865419,83.33333333333333,2.098703101740114,0.2575,85.09013558800652,39.154874162113,19.867044089500467,19.989027702912622,4.910064621047905,-0.6699459127362808,5.997489315071343,4.457979488633498,-1.941747572815536,0.83
200321,24.0,Male,177.0,77.0,24.6,injured,Thigh,ITB syndrome,2.978813374,81.63265306122449,2.189427829756218,0.2375,100.51088532624247,39.993961862726735,7.862552178745011,18.213317758394226,4.058469591740831,-2.2391319678969177,3.5904655025197663,7.524784482848425,2.105263157894739,0.6
200322,22.0,Female,173.0,58.0,19.4,injured,Lower Leg,Shin splints,2.991363706,83.62470862470863,2.146303459079931,0.27,85.89249630276697,40.49543692772508,14.06631500452428,20.868347823298063,3.915907140699337,2.4580126116863346,3.837106550346295,9.292060047505846,3.703703703703707,0.84
200323,38.0,Male,163.0,60.0,22.6,injured,Knee,Patellar tendonitis,2.930190392,83.04597701149424,2.117062557985796,0.24,102.63983312831374,39.73760504090016,16.734234329442234,19.669658207819992,-0.4318357790255156,4.349536722193841,4.765630792751314,8.759584139582032,4.166666666666671,0.94
200324,22.0,Male,183.0,81.0,24.2,injured,Knee,Patellofemoral pain syndrome,2.879945259,83.91608391608392,2.059160860275365,0.2774999999999999,87.99845973243856,38.916476546950776,8.501917510798798,20.92585444443264,5.6712881064887615,0.5754190046575849,2.933658399178825,-1.614811678295917,5.405405405405391,1.3
200325,19.0,Female,172.0,65.0,22.0,injured,Lower Leg,Shin splints,2.881668799,80.0,2.161251599335935,0.3225,76.502384324725,39.91187894076182,28.15458004885467,25.36742513023688,10.378087511325267,2.353775611190745,5.1536972272418415,12.513553604227557,-1.5503875968992262,1.42
200326,34.0,Male,174.0,70.0,23.1,injured,Foot,Pain,2.95373372,84.95654779742284,2.0860744394573,0.27,95.32117861059623,44.750449631847616,12.095512091389466,21.90114640500617,2.776212675634381,-0.5907895725186648,3.530506522940757,-2.062675986658327,14.814814814814808,0.77
200327,38.0,Female,173.0,105.0,35.1,injured,Hip/Pelvis,Pain,2.812668504,78.17672523554876,2.1587230768245886,0.335,84.07175882638774,39.47378949524815,19.49219064293851,13.101569401242322,16.96255452564273,1.9142048754497352,7.906686016701929,12.05471161902717,0.0,1.03
200328,33.0,Male,186.0,80.0,23.1,injured,Hip/Pelvis,Osteitis pubis,2.89496592,79.47019867549669,2.1856992695159123,0.2925,107.04946759329604,42.820788902288086,8.887022493294115,23.03440720260565,6.032558259084457,-1.245179526320595,5.863884794245225,-2.9913607937430893,-5.128205128205133,0.71
200330,27.0,Female,175.0,57.0,18.6,injured,Ankle,Peroneal tendonitis,3.013791345,86.33093525179856,2.094584984502012,0.2625,81.4396417499699,35.101965936993125,9.83276642185636,18.389310113427943,0.6488913790598303,-0.3425633828473882,0.5283963135961769,5.530576396100543,5.714285714285719,0.68
200331,44.0,Male,176.0,80.0,25.8,injured,Lower Leg,Calf muscle strain,2.91481144,79.47019867549669,2.2006826370906305,0.2925,91.36116292368568,40.08153754070675,18.62535859639346,22.405953810687457,6.568840016454159,0.3884955821182672,2.224834132207961,-0.031024734677027,5.128205128205133,0.79
200332,26.0,Female,160.0,90.0,35.2,injured,Knee,Other,2.220937851,83.91813585475558,1.587970563469013,0.3299999999999999,70.64200201810687,27.923945749157625,12.872181738821707,9.422309092523268,19.650089474750708,0.5426636252959312,3.497015864166227,140.0857009735175,9.090909090909085,1.31
200333,43.0,Female,166.0,67.0,24.3,injured,Hip/Pelvis,Bursitis,2.911051803,90.22556390977444,1.935849448896425,0.32375,62.79312494828173,42.59881402242564,20.72292281563252,23.14799027765245,10.999265939653831,-0.8167502717123276,1.9460969447859504,-0.4043570294512666,2.316602316602318,1.56
200334,38.0,Male,172.0,73.0,24.7,injured,Lower Leg,Calf muscle strain,2.89869204,83.62470862470863,2.079811538997024,0.31,83.20073547234449,43.89166551612789,17.632920610499916,22.220897860258923,5.592698475539738,1.247249486474569,6.200806596311207,4.624014301426963,0.0,0.84
200335,39.0,Female,172.0,72.0,24.3,healthy,,,2.840805998,83.18965517241378,2.048931326159928,0.3175,84.44379013799173,38.13767481600021,18.253292313325623,18.377597050498128,7.52713783794989,1.4705079150377796,5.839113559284154,0.8723335281283672,-1.5748031496063006,1.07
200336,34.0,Male,177.0,84.0,26.8,healthy,,,2.870705749,82.1917808219178,2.095615196958549,0.32625,93.98145409872296,40.75393153779634,21.204415449642937,22.42251637732653,6.594164578745311,-4.002429415374079,2.735562930804233,-11.164754500616231,-0.7662835249042151,2.1
200337,37.0,Female,163.0,48.0,18.1,injured,Lumbar Spine,Pain,2.950751011,87.5912408759124,2.021264442194917,0.245,75.15888619897788,40.7568309725105,12.629652581578252,21.77655508123193,5.195613437266914,1.3147941622726305,2.776844848093975,5.576130766987417,8.163265306122456,0.6
200338,43.0,Female,160.0,52.6,20.5,injured,Lower Leg,Calf muscle strain,3.257279791,90.7382091592618,2.153876261782513,0.265,69.91857660277373,25.141234538414555,20.047509126933377,11.5450219872517,10.511755827960002,2.0736901323934545,4.903957145930793,-15.662749166198005,18.86792452830188,1.05
200340,35.0,Male,190.0,93.0,25.8,healthy,No Injury,,2.858538221,75.47169811320755,2.272537885431438,0.2975,118.200428492058,44.45068565181851,13.937067616099313,20.259171774681136,8.595027257742787,1.8063611793364005,5.598050442947397,8.109372888657932,1.6806722689075646,0.88
200341,41.0,Female,167.0,74.0,26.5,injured,Foot,Plantar fasciitis,2.888910297,76.43312101910828,2.26779458344936,0.3425,92.9790906222164,47.13872850939367,16.46994722797702,25.538708377326785,10.095057126209436,-0.524754219009488,5.180632151177601,-1.787929259544872,-4.379562043795608,0.7
200343,31.0,Male,187.0,80.0,22.9,injured,Ankle,Other,2.915793259,77.1712158808933,2.267029258789834,0.2987499999999999,102.25681057430376,44.47138529255983,15.17231048336799,23.8928241112934,6.307036441407623,-0.9747005283084752,0.3265921553170482,-6.235281741994021,-5.8577405857740645,1.08
200345,42.0,Male,192.0,93.0,25.2,injured,Foot,Plantar fasciitis,2.925454088,83.91608391608392,2.0916996729239044,0.2825,82.21814207499051,34.316284839039525,23.91042750121698,19.3496530937659,7.977711092748152,-2.094505336893117,8.438014541397388,20.27459685470366,-1.7699115044247609,0.59
200347,26.0,Female,162.0,54.0,20.6,injured,Lumbar Spine,Pain,2.787012519,83.33333333333333,2.006649013866199,0.26,78.82246417950734,48.28672335516548,9.748471005628822,22.87725127518953,-0.8102362798467224,2.5447909842630025,2.133843403641309,2.885765507523925,3.84615384615385,1.15
200348,48.0,Female,158.0,63.0,25.2,healthy,,,2.889446025,88.0742808072134,1.968435104436275,0.265,71.70109653711435,44.07637270397986,22.29440739661969,20.19743256050406,7.956658053510816,-0.581165165204554,4.8643234638104325,-5.244226112979785,-3.773584905660381,0.69
200349,28.0,Female,182.0,78.0,23.5,injured,Lower Leg,Shin splints,2.911468247,78.68937048503612,2.2199945381587827,0.38875,108.2831127761209,43.18243280400293,20.50682265307712,23.165195445563427,15.489060322883814,1.1334210185676472,2.2153147825900112,3.848457714566664,-1.9292604501607733,0.8
200350,35.0,Female,165.0,62.0,22.8,injured,Thigh,ITB syndrome,2.930521996,86.95652173913044,2.02206017692167,0.3025,101.89898675704023,42.40129548613764,15.103907841465825,22.06877730387169,11.270626576176404,1.744469089189359,11.317365011336094,6.174854677392646,-4.958677685950418,0.89
200351,36.0,Female,160.0,49.0,19.1,injured,Lower Leg,Shin splints,2.899780473,84.50704225352112,2.0588441357347564,0.31,105.407472857917,47.51560809912624,11.94286326839596,22.813993346440824,7.861607254479098,-0.3794215521692994,8.058481641235762,8.007972062897926,-6.451612903225812,0.81
200352,28.0,Female,177.0,63.0,20.1,injured,Foot,Other,2.921185329,88.23529411764706,1.9864060239145949,0.285,95.0896515710714,39.11184209936423,14.583965485914607,17.10179351452424,10.153652075149507,0.1287125850182762,1.7679801931710162,2.737956817184801,-3.5087719298245448,0.89
200353,29.0,Female,165.0,68.0,25.0,injured,Thigh,Pain,2.899818593,92.3076923076923,1.8848820853159505,0.3075,73.6121262777142,39.23716556424704,15.252720945331314,20.420190764961376,10.916040304182278,1.7041480049253894,3.65530663640145,-23.57101475314464,4.878048780487809,0.88
200354,33.0,Male,194.0,87.0,23.1,injured,Knee,Patellofemoral pain syndrome,2.928545956,82.1917808219178,2.1378385478727626,0.305,107.21958309249356,42.82714455186997,16.9923265013183,18.480101937358725,9.897706862014264,-1.366318400998138,2.5116434520137543,-6.112130726993909,0.0,0.58
200355,18.0,Male,183.0,70.0,20.9,injured,Thigh,ITB syndrome,2.894809954,82.75862068965517,2.1642203819215187,0.2825,84.57318062017998,41.071751108381136,13.64080818782022,11.64580075502716,-0.7931606108541224,-1.3679453063505838,3.669457003933985,8.321817019883905,1.7699115044247609,0.84
200357,36.0,Male,183.0,80.0,23.9,injured,Lower Leg,Tibia stress fracture,2.869473245,85.86844809866392,2.0050444301307886,0.2875,90.49332275193284,43.02449751379667,9.895369524198948,20.0848008757769,6.862461819832923,1.9172904390549248,11.451662750284896,15.471798552256072,8.695652173913032,0.99
200359,49.0,Male,190.0,72.0,19.9,injured,Foot,Plantar fasciitis,2.893562481,81.63265306122449,2.126768423766522,0.2887499999999999,102.48890860508862,48.53756388284335,18.358640687679305,21.65199332853525,1.6282176911869088,1.9406269982261664,4.905463878662317,8.82522846078091,4.329004329004333,1.21
200360,20.0,Female,166.0,60.0,21.8,injured,Lower Leg,Shin splints,2.897867826,80.0,2.173400869851278,0.265,103.88728641662136,44.46188632673194,19.959698497483284,24.972560067854104,13.339113326970446,0.4689640194535229,5.660919294439004,10.613299825896554,-3.773584905660381,1.53
200361,45.0,Male,165.0,77.0,28.3,healthy,,,2.886793781,85.71428571428571,2.0207556470354926,0.3,82.66960667380573,42.98772096436736,17.705760924429413,17.634703506534713,6.553194424751605,1.0981800050366042,4.188756608724173,-7.850404041254758,3.3333333333333366,0.87
200362,23.0,Female,165.0,50.0,18.4,injured,Lower Leg,Shin splints,2.964615251,91.6030534351145,1.9418229895557155,0.3275,80.03900856758747,38.47068524320936,21.67772831707277,17.134743888472197,4.638826457860096,1.9190342803580864,4.312290990782168,11.03132482113497,1.5267175572519096,1.14
200363,53.0,Female,160.0,58.0,22.7,healthy,,,2.527210756,90.22556390977444,1.680595152546739,0.2875,80.844200353146,46.005590053124,10.783312830059192,22.54685899848281,6.35654294621728,1.5194445629634206,2.584231088064815,3.617384054615788,5.217391304347812,1.08
200364,55.0,Male,183.0,111.0,33.1,injured,Hip/Pelvis,Other,2.540920654,82.75862068965517,1.842167474294769,0.3175,100.31548635682256,35.652462316268995,15.833364370176616,17.30957040613038,5.635451300209052,7.35670901125091,6.1039041405242624,7.323148876649975,1.5748031496063006,0.88
200365,27.0,Female,169.0,53.0,18.6,injured,Thigh,ITB syndrome,2.877200856,79.34123387940049,2.17588314698102,0.2825,116.48201981664326,48.16634766012477,24.8150548683439,25.525266181983724,13.661049078858582,-0.7355924627229333,1.930010494383109,1.93335610770882,-5.309734513274321,0.88
200366,27.0,Male,183.0,83.0,24.8,injured,Hip/Pelvis,Other,2.910014554,78.30404889228419,2.2297986523311124,0.3025,107.88552346115132,43.80794239872131,7.2947573523420335,20.287270118973,6.982944807861887,-3.312341704003707,8.045990523408015,1.4686034062845486,-1.652892561983473,1.22
200367,60.0,Female,171.0,83.0,28.4,injured,Hip/Pelvis,Pelvic dysfunction general,2.746579159,93.75,1.7578106617300946,0.3225,45.14075887256993,36.92513281796318,11.24017070850148,16.444979247569712,11.454257801964143,0.6104983710728624,6.108425799941744,-6.791171958743307,1.5503875968992262,0.81
200368,46.0,Male,175.0,78.0,25.5,healthy,,,2.970454205,85.71428571428571,2.079317943309252,0.2975,91.05074531176972,37.66415209978098,13.722673571458673,19.121911894165983,8.800640120374982,-1.3437544631660816,9.368505586694711,4.143251122841972,11.764705882352931,0.6
200370,27.0,Female,160.0,46.0,18.0,injured,Hip/Pelvis,Stress fracture,2.893588201,84.50704225352112,2.054447622806853,0.285,101.0219311485588,43.555683441830325,21.63260506506385,18.31711100215949,7.707070414350994,-0.274683242697876,8.94034068663041,10.682551566327405,0.0,0.91
200372,57.0,Male,180.0,76.0,23.5,healthy,,,2.972580634,83.04597701149424,2.147689508104161,0.28,94.86843199506768,42.88368507211299,19.329268222642327,21.6854763119889,3.233436313703309,2.192814343634087,5.1988479930751526,-9.279537721904388,10.714285714285705,0.81
200373,42.0,Male,180.0,90.0,27.8,injured,Sacroiliac Joint,SI joint pain,2.236006897,81.63265306122449,1.643465069010791,0.31375,102.14449695217408,33.89477364317708,2.8168908516554283,19.04665084923834,10.876797480111073,1.4593353606198631,2.368223614145352,26.95158232130891,-2.3904382470119545,1.37
200374,24.0,Male,190.0,70.0,19.4,healthy,No Injury,,3.128817794,76.92307692307692,2.4404778794749538,0.3,113.0110722234716,39.14224249982456,18.06504025089519,19.618123188593223,9.842728032659602,-1.1263545803217438,3.3937021568149293,-0.9843554728948556,3.3333333333333366,0.75
200375,51.0,Male,175.0,78.0,25.5,unclear,Foot,First ray tendonitis (turf toe),2.858581525,83.33333333333333,2.0581786983505683,0.305,95.8233761741069,41.17574617465843,20.43518166422268,20.57651119956704,9.124106150947318,2.942281457671803,10.547024405129823,11.033107491346458,3.278688524590167,1.01
200376,18.0,Male,179.0,69.0,21.5,healthy,No Injury,,2.908865024,77.79639715123585,2.2434621499378213,0.2625,106.80441821149378,41.947989303789896,22.6380906010954,19.191737911034025,3.364387007068546,2.3818895100970963,4.517179068435134,-2.3147527878361207,-1.9047619047619064,0.96
200377,32.0,Female,182.0,68.0,20.5,injured,Thigh,Tendonitis,2.893615212,82.75862068965517,2.097871028505558,0.29,103.16368976827306,36.009586344134206,30.235298528887384,20.392632215385422,18.14810367234941,-0.4644169298132605,1.416726317955824,-3.3689780132935905,5.172413793103453,1.02
200378,33.0,Male,186.0,90.0,26.0,unclear,Knee,Chondromalacia,2.896902542,84.50704225352112,2.056800804834729,0.3375,80.64034829110551,31.90365502408913,15.768341970824434,16.163116166021904,7.501847084965287,0.3509333590014492,7.262380526735039,22.506543459722938,-25.18518518518519,0.98
200379,29.0,Female,168.0,61.0,21.6,healthy,,,3.13938322,90.22556390977444,2.0876898413553264,0.295,103.7466501497456,38.631746938775606,21.729221233298368,18.25263364669669,10.747777061784705,-0.3548631736116752,4.932994614203403,0.4501422600338002,0.0,0.67
200974,20.0,Female,183.5,82.3,24.4,healthy,No Injury,,2.733368113,78.94736842105263,2.077359765707935,0.3125,87.24520229310224,44.69249537728968,13.231947829960331,21.67716177893212,6.137093548117743,-1.7476749596440433,4.732642961790635,-2.057068472050751,4.800000000000004,1.04
200975,19.0,Male,170.2,72.12,24.9,healthy,,,2.802462922,85.1063829787234,1.9757363598509008,0.2675,78.72737611803777,34.89725455036804,16.874794622505284,16.72424031288138,5.642843199558879,-1.8929812611103285,5.237740002810796,28.166567518168243,-5.607476635514024,1.07
200976,22.0,Female,162.56,61.23,23.2,injured,Hip/Pelvis,Hip flexor strain,2.758741258,92.6654740608229,1.7862849643632348,0.29,56.43250305250302,37.285230737376615,8.682382964404377,18.0366325031312,11.28951090321527,1.4157822657991823,5.2398877550343474,4.375983864746458,0.0,1.63
200977,23.0,Male,190.5,74.84,20.6,injured,Ankle,Strain,2.750950046,78.68937048503612,2.0975994096979864,0.30625,94.28548027003023,36.50372156106401,11.667274805474795,17.033660051884254,5.352228136810076,-0.8251242974327782,4.502427392289691,6.210275473044794,4.081632653061228,1.26
200979,47.0,Female,160.0,55.0,21.5,injured,Knee,Osteoarthritis,2.801013293,88.23529411764706,1.9046890394768263,0.275,66.4342689994817,41.37512092814932,9.701310267185248,18.243562242569137,3.976035335190314,-0.0261573295467489,6.108790175525862,1.7138765126257152,3.63636363636364,0.75
200980,23.0,Male,168.5,58.9,20.7,injured,Thigh,ITB syndrome,2.798176252,84.06382350044322,1.9971982995816504,0.29,80.10637681791056,44.46223678052359,20.384620756989776,25.34633533115481,7.214909772357975,1.8789278384442976,10.602002531367043,-5.265312320471006,0.0,1.57
200981,27.0,Female,155.0,68.6,28.6,healthy,,,2.760790767,83.91608391608392,1.973965398142301,0.2825,80.26355584821908,41.81107119247922,7.1944358700630735,21.004354038643942,5.980149906456514,1.0450474916245442,10.272373294968393,-14.785188202343996,5.309734513274321,1.63
200982,41.0,Female,160.0,57.3,22.4,healthy,,,2.814306664,92.6654740608229,1.8222635649426224,0.26625,59.15260554912692,36.35236559753213,10.595352377429776,18.78489386727126,4.37851692839727,1.344479951049813,8.985959730880559,8.510967428894332,2.8169014084507067,1.58
200983,30.0,Male,169.0,77.3,27.1,healthy,,,2.752111125,77.1712158808933,2.139766399842361,0.29125,111.80531820541626,41.36844463600322,14.64496405084756,19.30378521688106,5.654146058535385,-2.1556941287585247,10.498960573182533,-13.088597300524311,-2.5751072961373414,1.53
200984,62.0,Male,181.0,75.0,22.9,healthy,,,2.738652366,78.43137254901961,2.095069059775644,0.315,95.42764396312008,42.85402826474981,16.838438946333618,20.506488277866616,7.58970218535036,1.643176188990724,9.610307502374914,0.9725127180992078,3.174603174603177,0.95
200985,40.0,Female,176.0,66.8,21.6,healthy,,,2.768779508,83.62470862470863,1.98659929705493,0.3175,72.85294472175201,36.83060634442237,21.293871060504863,18.44154005284097,11.107975056191671,-0.150528427470413,2.939873968183087,-6.964449508262819,1.5748031496063006,1.08
200986,20.0,Female,174.0,56.8,18.8,healthy,,,2.858234216,81.35686707115278,2.1079477341979995,0.29625,90.67059161165386,37.66163308185534,23.43698284109739,18.22420851723411,2.52549013704989,2.825861210998534,4.0821062237668855,-2.516405995277975,7.594936708860765,1.4
200987,50.0,Female,164.0,60.0,22.3,injured,Hip/Pelvis,Pelvic malalignment,2.765021666,88.56209150326796,1.87330217895423,0.2625,67.51146162245135,33.46829104273811,10.18903102281281,18.06670759874246,-3.669959397051586,1.4233448709769745,6.035685860311228,-7.356232370992295,1.9047619047619064,0.93
201069,38.0,Female,151.0,53.0,23.2,injured,Ankle,Other,2.91339444,88.56209150326796,1.97382473293565,0.3375,81.59271411508126,40.68749931125241,21.38358726698869,23.29763817217684,13.980528307806315,-0.8379981402892307,3.652552888113415,1.3691329383191957,4.444444444444431,0.91
201070,52.0,Male,172.0,82.0,27.7,injured,Foot,Plantar fasciitis,2.948739984,87.27388130752142,2.0272587390868564,0.2975,77.86362972486165,40.1998469940434,7.824032362184396,22.906231608403743,6.634272858503002,0.6700895664205508,5.932495073432027,10.0843085173481,-1.6806722689075646,0.9
201073,42.0,Male,182.0,77.0,23.2,injured,Thigh,ITB syndrome,2.99593721,83.33333333333333,2.157074790978837,0.2625,93.06798343763172,36.683746603677776,16.965513463490737,18.72244652654448,6.682036716114981,0.7176577550229677,4.585107775348845,-1.1847970221156237,9.523809523809533,1.26
201074,18.0,Female,152.0,44.0,19.0,injured,Ankle,Pain,2.909192099,95.23809523809524,1.8327910220779835,0.305,73.54696050705502,42.96202017261199,22.113988910326825,23.91818179461154,8.251268530080093,0.5719533645126584,4.499574657371154,-2.193547599477565,0.0,0.85
201075,48.0,Female,168.0,56.0,19.8,injured,Foot,Plantar fasciitis,2.932200281,91.6030534351145,1.9205911841926904,0.275,87.09186005117778,37.88955202274516,19.93966228397953,19.10072658907025,15.24042750736006,2.632086327513016,6.284107432238454,7.818581309431196,7.272727272727258,0.67
201076,52.0,Female,165.0,50.0,18.4,healthy,,,3.003469612,90.22556390977444,1.99730729179914,0.2575,95.60717860060478,39.25507447839827,17.280703310629864,22.590539541413108,8.082630094333702,-0.3250150018125668,6.281753526477084,-1.0035689412777586,5.825242718446607,1.0
201077,38.0,Female,175.0,61.0,19.9,healthy,,,2.996379424,83.77039627039628,2.146156762643699,0.2475,109.54341545232695,33.38389416075799,17.17853730635732,15.516804022361525,12.266326100581882,-1.2385978091824708,6.388315902821655,-3.190325892067028,6.060606060606066,1.05
201079,30.0,Male,186.0,77.0,22.3,injured,Lower Leg,Tibia stress fracture,3.728811518,86.6437284954645,2.5822019763804693,0.23125,87.41949587333443,37.57719496024298,14.50989250082462,15.971356387415238,7.8047081212837774,-0.7814268335508441,6.813492263152902,-12.365561614284736,3.243243243243234,0.64
201080,41.0,Male,178.0,73.0,23.0,healthy,,,2.896871649,77.54503560955175,2.2414544385775867,0.295,111.1601652919402,46.69184172974786,10.042327090401262,21.928252946908646,5.407858998357726,-2.2059212415285208,6.78334446932511,-9.322630499605964,0.0,1.29
201081,48.0,Male,182.0,84.0,25.4,injured,Hip/Pelvis,Pain,3.308522164,83.91608391608392,2.36559334719775,0.285,84.47608939683758,43.185092883594166,19.334667111290827,24.68314037476505,5.317867240361231,-0.4598848974605904,6.668561335381,7.098365866983075,3.5087719298245448,0.87
201082,27.0,Male,180.0,82.0,25.3,injured,Ankle,Pain,2.939345257,88.0742808072134,2.002428956292062,0.2774999999999999,88.16955140078915,35.476365344381755,9.842715734091849,14.158015684246973,0.7177266583792856,-1.1388419434812893,7.123448036901712,-4.912721192970497,12.612612612612605,0.79
201084,28.0,Male,168.0,64.0,22.7,injured,Lower Leg,Calf muscle strain,3.772746684,86.95652173913044,2.603195211686351,0.2025,112.41536326141772,38.326494298093294,13.151975934430244,17.338502243751336,13.524228972264762,-3.2017850318153,-0.7139906209698652,-1.031947264424148,-7.4074074074074,1.21
201085,31.0,Female,160.0,55.0,21.5,injured,Lower Leg,Tibia stress fracture,3.333070405,93.20494186046513,2.145664073294813,0.2975,75.04427307254343,45.22680937345341,16.56631759689969,22.351289457555644,7.776937358660415,-0.7783159613592621,2.1366954299866494,8.986031598459673,-1.6806722689075646,0.89
201086,45.0,Female,176.0,60.0,19.4,injured,Thigh,Hamstring muscle strain,2.881794772,78.68937048503612,2.1973685135966017,0.31,94.18792593061669,44.89489782368686,26.90256238476961,21.86923218145888,7.550658205498205,-0.1483441938266367,5.021342064601044,-8.043281805183488,3.225806451612906,0.85
201087,52.0,Male,178.0,76.0,24.0,injured,Ankle,Achilles tendonitis,3.292846624,79.47019867549669,2.4860992007438028,0.26,128.15012802821013,45.962270942454055,12.788612016294238,23.15773951009687,5.311608249746879,-1.24660907773054,8.387257890688387,-0.3267564984900409,-3.84615384615385,1.13
201092,46.0,Male,180.0,73.0,22.5,injured,Lower Leg,Calf muscle strain,2.91408228,76.43312101910828,2.2875545898589924,0.2625,129.97111570608035,43.11770304561664,12.58505805144328,22.188372437042005,6.128367715649453,-1.140127134319655,4.5400438525033096,-10.073274663832418,1.9047619047619064,
201100,52.0,Male,170.0,80.0,27.7,injured,Lumbar Spine,Muscle strain,2.790965841,76.43312101910828,2.190908185358162,0.325,80.7320349408547,40.90189145819359,22.080185913762605,16.37944320267113,4.994911122573331,-1.7402920538671367,12.20389876425542,-8.04764681149018,-3.07692307692308,1.14
201101,21.0,Male,162.0,65.5,25.0,healthy,,,2.828601622,88.23529411764706,1.923449102760468,0.2725,71.70508611061516,37.52071673895336,10.567492062873583,15.171298989985477,2.928209987335866,0.0825577105359312,9.8847804785506,14.8147364243364,-1.8348623853211024,1.48
201223,29.0,Male,171.0,72.0,24.6,healthy,No Injury,,2.87688913,80.26845637583892,2.150474624750265,0.3075,99.96555302264204,38.20566697452105,17.10176724095579,26.90065422607612,2.803570661900457,5.543305669882118,5.901232478700182,37.53903849088641,34.14634146341463,1.22
201224,40.0,Male,179.0,80.0,25.0,injured,Thigh,ITB syndrome,2.921735619,78.68937048503612,2.227823409290209,0.3,116.9277748736385,38.90832133746659,20.65578123434235,17.205472042970758,6.4272119483621575,1.2716388938756698,2.3539841046541925,-3.20456939348045,0.0,1.16
201225,34.0,Male,170.0,68.0,23.5,injured,Foot,Other,2.904997038,92.13153258954785,1.8918793209353253,0.33,75.9560953645917,37.18870349629982,18.01836055710904,20.45729473078976,8.882347557850796,-0.9301690687749952,2.130444760614225,19.10674618437977,0.0,2.44
