sub_id,age,sex,height_cm,mass_kg,bmi,injury_status,injury_joint,specific_injury,speed,cadence,stride_length,stance_time,vertical_oscillation,peak_knee_flexion,peak_hip_extension,peak_ankle_dorsiflexion,peak_hip_adduction,peak_pelvic_drop,peak_eversion,sym_knee_flexion,sym_stance_time,stride_time_cv
100004,39.0,Male,175.0,61.0,19.9,healthy,,,1.148794295,53.21533923303835,1.2952655671980804,0.7175,33.66529756024573,25.81596390266114,7.750903818398335,13.280729074475987,2.7419862213673234,1.6327789821044694,10.651327597752427,11.85609721375701,0.6968641114982584,1.11
100017,44.0,Female,168.0,72.0,25.5,injured,Hip/Pelvis,pain,1.111634877,55.17270536506997,1.2093320927535722,0.6975,27.109740217852647,23.635558971330845,14.11466136742742,15.890050264955114,9.555167701580936,0.2296092742987905,4.7646888829167855,3.227361937745732,0.7168458781362014,1.39
100040,49.0,Male,185.0,111.0,32.4,injured,Knee,patellofemoral pain syndrome,1.354671032,59.25962054333512,1.371286100685661,0.65375,47.90339786006666,25.11348121760697,4.967808839018296,10.085959311747732,5.067939680707196,1.7458386462567248,9.424767496898598,16.628505081400686,1.1472275334607955,2.17
100042,63.0,Female,170.6,71.7,24.6,injured,Ankle,ligament sprain,0.915213526,42.29189535732198,1.2989368841557267,0.9275,30.16291961527984,17.25175906890096,13.460441996647706,14.189662259730516,6.508908813613431,-0.2526526748234583,3.75179407660397,1.770281846416237,2.695417789757403,1.98
100043,57.0,Female,170.4,63.6,21.9,injured,Knee,osteoarthritis,0.813004092,57.55428781744571,0.8478140268836591,0.6875,16.244730090701978,25.8368743633916,-1.649705527713938,17.40837235430605,3.683685692488132,-0.8058244796491202,0.5414277276892775,16.508448503488463,0.7272727272727117,2.95
100050,47.0,Female,163.2,70.9,26.6,injured,Knee,osteoarthritis,1.113482115,58.89667894071001,1.134359904908861,0.66,25.627982442354263,28.13298059278223,9.337808631870832,12.123043704487138,5.48971071422048,2.058123883249606,5.312959166917069,-43.58494959536411,-1.5151515151515165,2.13
100055,55.0,Male,176.5,102.8,33.0,injured,Knee,patellofemoral pain syndrome,1.1219,51.502145922746784,1.3069548304054703,0.785,36.99509273855273,25.34465586723998,5.28709259913215,15.176914006710398,13.894345937295814,-1.6985907116869567,2.1815429816196605,9.152542798864529,2.5477707006369448,1.56
100058,48.0,Male,177.0,75.9,24.2,healthy,No Injury,,1.089412771,52.68954324136332,1.2405687933718976,0.7275,37.526464648316846,23.064115285252072,13.48618228410957,9.185207347268893,5.873951095784662,-0.2445670839022026,5.505684666228925,17.473676388625854,-0.6872852233676982,1.43
100062,31.0,Female,158.4,91.1,36.3,injured,Lower Leg,shin splints,1.120061339,53.57142857142857,1.254468699911007,0.73,37.6679758154126,23.936960195541047,4.881610839791359,16.93490355458554,10.06498811142713,0.1475286770821746,-0.8825721164342502,-1.7426151362055564,0.0,1.27
100064,55.0,Male,182.4,93.8,28.2,injured,Ankle,pain,1.119871104,49.89626556016597,1.346822349829929,0.785,32.55900895708294,25.249292218968566,4.551513763716548,14.817549327739687,3.7202276156958254,1.090968697371497,6.897047621696846,12.972489007815446,1.2738853503184724,2.02
100066,63.0,Female,154.0,69.2,29.2,injured,Hip/Pelvis,osteoarthritis,0.913483996,58.18207401153792,0.9450845348451652,0.6775,30.200102586101792,21.006351332758623,6.948119653823227,12.684473057116309,6.5318946698212415,2.519017974960722,0.4026073974949453,-5.553361782326935,2.214022140221404,2.04
100068,65.0,Female,163.0,76.0,28.6,injured,Knee,osteoarthritis,1.110264951,53.932856623439584,1.2351697585167023,0.725,21.56663686656524,29.27357144427926,6.806976837395197,15.980544093438672,10.042247346347512,0.0433458023360877,8.265564544730932,9.22724219034226,-1.3793103448275874,1.51
100071,34.0,Female,167.8,65.8,23.4,unclear,Foot,metarsalgia,1.118085149,53.99345533874682,1.2427117502894696,0.7224999999999999,31.10224270270595,18.187392585625258,4.967623235671576,17.328897973898503,5.509261665867236,0.2317828209994417,3.034325964319062,-12.1936660784049,0.6920415224913502,1.86
100084,42.0,Male,172.0,76.0,25.7,injured,Ankle,achilles tendonitis,1.368741273,57.142857142857146,1.4422349572292403,0.6666666666666666,36.84555217229087,17.632806452082075,13.975729820585167,14.170700941478136,6.152036258183758,0.2026214416365395,3.110155106299504,8.955257405628918,0.0,1.33
100085,38.0,Female,167.0,75.0,26.9,injured,Foot,plantar fasciitis,1.246731814,60.76057541660733,1.2311476664000205,0.6166666666666667,30.374206226504896,18.372822248693858,10.964778881890137,10.743542892319258,10.809558502508295,0.1209409904348333,3.7017696991400415,15.236190532444578,0.0,1.21
100086,27.0,Male,185.0,79.8,23.3,injured,Knee,patellofemoral pain syndrome,1.351457626,58.77648940423831,1.3797719468296283,0.6416666666666667,31.126647031091352,16.80323652205064,9.09212942934845,8.02609952232312,1.3172666370834063,1.0017315305978336,6.257129793028213,5.575555852162382,0.0,2.02
100087,49.0,Male,174.0,81.4,26.9,injured,Knee,other,1.363923272,55.81395348837209,1.4662175171765983,0.6875,41.30787861880796,15.647369629433978,19.897263893217712,9.784872313741571,6.423879566068145,-0.4355499591262661,5.981875591722151,34.67575842364702,-1.2121212121212075,1.16
100088,51.0,Male,170.5,64.8,22.3,injured,Thigh,ITB syndrome,1.301855596,56.69291338582677,1.3814120238305747,0.6875,44.51754207503811,23.29357929083564,18.261929340140902,15.705578151824168,6.672560226068052,-1.0139595186735713,11.626221354435735,7.309435490329584,-1.2121212121212075,0.76
100089,47.0,Female,164.5,99.2,36.7,injured,Foot,plantar fasciitis,1.167275436,56.69291338582677,1.2447926271523784,0.70625,34.09832236949728,17.950947009492936,13.889888001139498,16.433735341125107,12.190006887984593,-1.4092149126730222,2.0208522583786355,5.974799450512834,0.5899705014749398,1.29
100090,26.0,Female,177.5,68.8,21.8,injured,Hip/Pelvis,pain,1.251920872,57.142857142857146,1.3156492769792358,0.6604166666666667,32.909550824993914,11.67977489259793,17.59546700019888,16.41359076019305,7.467863379628991,-0.5278965427106308,5.391804159521845,7.360855467851001,-0.6309148264984205,1.66
100093,51.0,Female,181.0,87.8,26.8,injured,Thigh,ITB syndrome,1.178974579,58.53658536585366,1.2118887822336988,0.675,28.900209306924125,17.39311228424072,14.138224916248904,12.662797979743448,9.093396612695168,-0.2110542255422198,4.281317332500311,-15.614281175879194,2.469135802469143,1.21
100094,30.0,Female,173.0,70.2,23.5,injured,Ankle,achilles tendonitis,1.169067147,52.08007507037848,1.3498571036368996,0.7708333333333334,31.39628103415825,20.249106267942903,13.57787492087689,15.738651014055328,7.607673115076099,0.352234503304508,5.411469156931686,19.389806073884635,1.0810810810810771,1.06
100095,40.0,Female,174.0,61.5,20.3,injured,Foot,metarsalgia,1.246426713,55.81395348837209,1.341356131751437,0.6791666666666667,34.34399952166308,14.632447652661268,23.88735148967904,10.421537978076753,7.633912906948515,1.825115579184344,8.426451724377959,-16.053182003743878,3.680981595092028,1.31
100096,36.0,Female,163.5,54.0,20.2,injured,Hip/Pelvis,pain,1.246569853,59.138328139818455,1.264748997194958,0.65,33.09112928789446,18.02697257294316,17.859415576316394,13.37747856318288,5.744071361326695,1.350813121745203,6.250440304133675,-5.28382107150448,0.0,1.18
100097,32.0,Male,161.0,74.0,28.5,injured,Foot,pain,1.149869047,55.59928443649374,1.243906870354499,0.7125,29.54975963322039,15.166084055775004,17.553474455765514,15.482699044126484,9.655151393635212,-1.1153668315477647,3.7795363561938986,21.40119924818845,1.1695906432748495,1.09
100098,49.0,Male,172.5,81.8,27.5,injured,Knee,cyst,1.378066852,62.06896551724138,1.3327535140147602,0.61875,41.784046002377295,20.867523847355887,13.949333618850376,12.489589720379586,6.347709298682542,0.7041952550089676,6.950992726687611,6.745322523571635,2.020202020202013,1.46
100099,31.0,Male,181.5,86.4,26.2,unclear,Knee,other,1.50071828,54.34039644565961,1.6586340919648124,0.7,55.78837568944536,23.23532433087106,23.39875425197715,13.9141458040523,5.409921386228647,0.3128247237007662,9.79424413431632,10.954813183620407,0.0,0.9
100100,59.0,Male,178.0,75.6,23.9,healthy,No Injury,,1.245588454,55.81395348837209,1.3409782762865343,0.7,30.07328126568234,15.128470574080914,19.922713657255976,11.44654387183364,8.592850087776364,-3.8049425179295344,4.297691158408277,-19.04009334975741,0.0,1.0
100101,26.0,Female,177.0,67.0,21.4,injured,Foot,plantar fasciitis,1.38400084,54.857737682165165,1.5177506222850277,0.7083333333333334,47.269022922837394,23.25277605348525,18.74373604675777,12.747984997420906,8.364403305823155,-0.0813060849501869,8.009813575191597,-12.84354903775023,0.0,1.55
100102,46.0,Female,182.0,70.8,21.4,unclear,Lumbar Spine,low back pain,1.174311498,52.17391304347826,1.3547608423220874,0.7583333333333333,31.896782278601336,21.81630548274324,15.170804363265226,14.322457505966712,7.222202746127937,-0.4265691618988083,5.851439785815157,-9.59615045432947,2.1978021978022046,0.8
100103,57.0,Female,164.6,60.8,22.4,injured,Hip/Pelvis,pain,1.152904033,59.50413223140496,1.1631450563799126,0.6458333333333334,28.84582371322648,19.35834711054732,10.309358417865791,15.498200858892485,5.2857133120641695,2.822896342202412,5.2640834183861696,-15.227824266565596,1.2903225806451566,1.19
100104,56.0,Female,157.5,76.4,30.8,injured,Ankle,achilles tendonitis,1.1670355,57.142857142857146,1.228837750491534,0.6666666666666666,25.66085620062788,9.443908087416013,22.97208840956469,12.483252797092527,8.670566977347258,-0.5686210201371087,3.279417738229776,-29.51287187988661,0.0,1.47
100105,55.0,Male,186.0,87.4,25.3,injured,Knee,meniscal tear-medial,1.339207095,55.173223722842046,1.463462895841333,0.6833333333333333,45.15299416605018,25.107544302850293,9.223751596850724,10.8908959772458,2.8537333121781803,0.3573575592791713,5.181412495387583,-1.306503440845766,-2.439024390243893,0.83
100106,69.0,Female,,77.0,,injured,Hip/Pelvis,pain,0.72124802,37.89683650615901,1.1415387050923296,1.0791666666666666,21.513377703445546,16.485638534586194,2.6092918559878964,15.814140587811998,6.23685317685414,-0.6060077425459423,4.357090798699931,27.807088189520503,5.405405405405407,3.96
100107,27.0,Female,164.0,75.0,27.9,injured,Knee,osteoarthritis,1.167044998,53.333333333333336,1.3132641736907933,0.7083333333333333,29.995959589337986,12.824723741679996,14.452216545040407,14.510438477506934,13.662658795887326,0.0660032838696407,3.811979384622585,15.879702098601934,4.705882352941176,1.4
100108,60.0,Male,185.5,85.0,24.7,injured,Ankle,pain,1.509472838,55.173223722842046,1.6415517111582336,0.6958333333333333,51.543661320575495,20.26741487186217,14.240382671977196,15.581561710472531,7.020926092479671,1.39631177506103,4.436741274012505,6.0291351349079605,1.1976047904191576,0.84
100109,30.0,Male,157.0,59.6,24.2,injured,Knee,patellofemoral pain syndrome,1.244392413,59.50413223140496,1.2588497884747747,0.6583333333333333,42.41605943913157,24.962509693947933,13.042430863073822,16.196504314488507,8.849137935088615,-0.3497856246158819,5.7456159517596905,12.938029282449708,0.0,1.5
100110,44.0,Female,168.0,78.0,27.6,injured,Sacroiliac Joint,pain,1.391428551,60.0,1.3915343686907389,0.6541666666666667,33.48594199873361,9.413477923044455,18.39101577194255,13.582989098019624,12.911954536208068,0.0867826961744495,5.774385897982713,-0.3548955214813047,1.2738853503184668,0.84
100111,39.0,Female,163.0,56.4,21.2,injured,Knee,pain,1.245912395,61.80371352785146,1.2106398139214765,0.6270833333333333,38.15660562636583,24.1005520744494,14.95012035287258,12.868883487116516,9.69967336638372,2.265917891724844,5.163274660436048,3.773391300079318,0.6644518272425226,1.3
100113,37.0,Male,,79.0,,injured,Ankle,achilles tendonitis,1.248912575,54.54545454545455,1.37432582568453,0.6916666666666667,37.89896770779052,20.151489014211464,9.712334665127718,17.017238430943458,4.469558444810051,0.7803470881545695,6.697107572971772,20.607227644658465,2.409638554216859,1.28
100114,30.0,Female,173.2,71.0,23.7,injured,Foot,pain,1.248960429,50.9739286784537,1.475425871577514,0.7666666666666666,38.71239545796772,18.447410027333653,16.384909803254004,15.647750771304615,7.52996648479839,0.2621580015974207,5.323266564727924,15.61081527719043,4.3478260869565215,0.8
100115,55.0,Female,155.5,61.6,25.5,injured,Hip/Pelvis,pain,1.157332459,58.89644142343063,1.1807698849178547,0.6541666666666667,30.965820767666543,16.759658236047535,13.947383081340892,12.87811867239786,10.702191800766368,0.0698536713894484,0.2682954145671997,-4.767059609051806,-1.2738853503184668,1.25
100116,57.0,Female,170.0,81.0,28.0,injured,Knee,pain,1.345657036,55.38949422670353,1.457795122334868,0.7083333333333334,48.04309419045126,29.30131045342691,16.286312443442842,12.328518850044697,10.688848191653072,0.6063724636756718,5.361292775320619,-11.284881955672208,0.0,1.62
100117,59.0,Female,162.0,62.2,23.7,injured,Knee,pain,1.168637784,54.857737682165165,1.280841100159619,0.7083333333333334,35.853538887211215,24.231359002120733,19.44339302121673,13.418917044149811,9.144003450858118,0.5545594098633189,9.235542166983585,-12.14241802882414,0.0,1.32
100118,65.0,Female,167.0,60.4,21.7,injured,Knee,meniscal tear-medial,0.785433589,47.21464744838333,1.004191521284585,0.825,19.29766180764227,16.791853608665427,8.419345384937586,9.716539268127558,2.976634327419871,-1.0228058062335004,7.306365387370801,-28.336963118892434,-2.0202020202020265,2.47
100119,39.0,Female,160.0,57.0,22.3,injured,Thigh,ITB syndrome,1.156559401,61.40808344198175,1.1300549151941408,0.625,28.215894150112405,6.308885398937358,17.438278069762276,14.14677766206831,8.17697678476793,0.3239199252510496,8.086824159846483,89.96172039038262,0.0,1.31
100120,54.0,Female,166.7,63.2,22.7,injured,Foot,pain,1.168419371,56.91788526434196,1.233079858590875,0.68125,26.26802471949844,22.06946150292625,14.681634032397406,15.202154820661208,9.185300887798627,-0.5243882371896011,3.3273588415373854,-0.8136762981584307,-0.6116207951070315,1.15
100121,39.0,Male,172.5,81.6,27.4,healthy,No Injury,,1.213978206,53.333333333333336,1.365695992137898,0.6979166666666666,27.16688980821283,16.976156589736043,21.607066394018485,9.141811509582146,-6.189183650989342,-0.5825930705692771,8.34827025222322,-4.8623920919146135,-0.5970149253731323,0.94
100122,18.0,Male,185.0,72.8,21.3,injured,Knee,patellofemoral pain syndrome,1.262107122,56.031976744186046,1.3586843812229827,0.6833333333333333,37.92338729237596,21.85733145341049,16.94388772989356,16.6191471656455,2.6765335327159603,0.2490565002291767,4.216067255666744,16.99504993982935,0.0,1.62
100124,24.0,Female,169.3,64.4,22.5,injured,Knee,patellofemoral pain syndrome,1.274917658,50.70422535211268,1.5901856570475994,0.7645833333333334,31.72384102692814,5.698167112333108,22.9011329309688,11.638887090708495,14.528983564489426,-1.162355158016941,7.632170728936434,-50.92489381609393,2.72479564032698,0.75
100125,48.0,Female,165.5,63.6,23.2,injured,Lower Leg,calf muscle strain,1.384193811,56.25,1.4772192539440658,0.675,53.25741681856766,26.56110295547586,11.951935073265854,17.841543327316174,7.7375520355759555,0.7270119747257173,6.227448123131527,-16.639628809993795,2.469135802469143,1.37
100126,55.0,Female,162.0,55.4,21.1,injured,Sacroiliac Joint,pain,1.270793247,60.0,1.270793247174938,0.6166666666666667,29.40254531366384,16.879511190853147,10.734723361650676,14.958390203151662,8.160944142972124,1.639757341930162,4.237320160727762,-37.14899836995987,2.702702702702711,1.67
100127,64.0,Female,165.0,65.2,23.9,injured,Hip/Pelvis,osteoarthritis,1.174523771,60.12605042016807,1.1720768464827365,0.6375,31.83023385711789,12.863949146029965,8.761871769922097,12.4974342159616,8.370893705446122,1.4726290155498083,4.293643591705765,51.04813719818041,-1.307189542483673,1.4
100128,44.0,Male,182.0,84.2,25.4,injured,Foot,pain,1.242259303,52.36432878451285,1.4269193967240557,0.7270833333333333,38.41719439285032,13.535896775004762,19.69201437236465,13.191090012332287,6.459970237382199,0.552465349614705,4.491578715808786,9.569661955225069,0.5730659025787945,0.98
100129,56.0,Female,155.0,57.2,23.8,injured,Knee,pain,1.159228251,62.74599542334096,1.108512015154215,0.5916666666666667,22.71538224424492,16.84116235121905,17.189208119859746,11.186035902893982,9.119250002803044,-0.8850213514081646,2.660535190974433,19.438039632802788,-2.8169014084506943,1.44
100130,42.0,Female,158.1,66.8,26.7,injured,Foot,pain,1.17890522,57.6,1.2280262712567165,0.6708333333333334,36.09711610337308,16.81025420380074,16.5780222535359,18.83656439254905,10.530080222068843,-0.8111930455145548,6.409332334012456,-0.6017724658093148,-1.2422360248447326,1.1
100131,54.0,Male,177.0,117.0,37.3,injured,Foot,pain,1.262590492,52.84739982949701,1.444017313661732,0.7458333333333333,35.53359550024064,22.088795685579832,10.449453138708927,16.147819185660655,6.222197228145859,-0.144862648150831,9.267851255801698,15.783257629049682,-1.117318435754186,1.72
100132,40.0,Female,164.5,64.6,23.9,injured,Knee,pain,1.243209581,53.93334081472338,1.3809415546212698,0.7041666666666666,39.67894707228942,19.835831998134307,6.139194269761413,13.126051466669916,5.397558783572297,-0.3023891244127132,10.165264852879826,4.167778160765842,1.1834319526627337,1.3
100133,26.0,Male,188.4,81.4,22.9,injured,Knee,pain,1.368160605,55.38625407966789,1.4898093648337765,0.6875,41.32139256608815,20.630575191305944,17.268795496666872,14.57972975344516,1.473087704178525,2.946234506452252,3.119989098013588,-1.1788422707232298,1.2121212121212075,0.75
100134,60.0,Male,175.5,82.2,26.7,injured,Knee,pain,1.383159779,60.50420168067227,1.3736660711002275,0.6375,38.78477995513231,19.06005670394008,17.556094493832852,19.129573239974697,9.69011603910198,0.0748665627836837,6.155799051984271,-14.47414493251923,-1.307189542483673,0.92
100135,45.0,Female,161.6,62.0,23.7,injured,Knee,osteoarthritis,1.364865303,59.50413223140496,1.3762391807369485,0.6291666666666667,36.21401096459951,14.79125716581382,12.530620897828909,13.612475898516433,6.574256014873004,1.4590321139063596,4.350158514780341,-21.93699381239604,-1.3245033112582734,0.9
100136,28.0,Female,165.5,58.8,21.5,injured,Thigh,ITB syndrome,1.376014448,58.77648940423831,1.404681415457682,0.6333333333333333,30.96886079479964,14.809445914969976,30.652532203617177,10.857145347526188,9.648866975148357,-0.0371158233245347,6.401346421132711,22.83520399083552,0.0,1.39
100137,48.0,Female,156.8,58.4,23.8,injured,Lumbar Spine,pain,1.392913855,63.43735444806707,1.3175105476285236,0.5979166666666667,32.26310733522496,17.320765660471768,4.083195342537258,20.00661103398068,10.480483389251514,1.0008024662117152,0.7699188453350814,-2.474384341410939,2.090592334494766,1.1
100138,49.0,Female,166.0,62.2,22.6,injured,Sacroiliac Joint,pain,1.374103277,60.12605042016807,1.3712405616733307,0.6333333333333333,31.46194211620264,23.463729561969707,11.350128603313678,10.242368440586592,9.836741551641012,-1.9286431545091067,7.098543728528528,4.732014617403076,0.0,1.35
100139,37.0,Male,186.2,80.2,23.1,injured,Thigh,pain,1.530642395,54.54545454545455,1.6848763254564625,0.6875,49.605990586288726,24.469226538641628,21.54250771102867,12.22032648679392,9.253658673026596,0.452549250510966,6.521216955561465,8.00262086522777,1.2121212121212075,0.83
100140,50.0,Female,170.5,67.0,23.0,injured,Knee,osteoarthritis,1.030394441,53.53233830845771,1.1564655425208563,0.7208333333333333,27.559900768348086,21.689712658866384,14.750931246552309,12.617348011100823,6.559892196469239,0.1983242718352267,4.930364629079468,-11.784749138440535,3.4682080924855367,1.62
100141,56.0,Male,174.8,71.0,23.2,injured,Lower Leg,calf muscle strain,1.243343687,49.400094473311285,1.510214764463067,0.7833333333333333,41.57475725910311,13.875041816394193,22.86006579836349,11.688735904074107,6.412370612889697,0.206984634328889,5.196861130411181,-52.04660020698141,0.0,0.98
100142,28.0,Female,160.0,66.6,26.0,injured,Knee,pain,1.170235695,55.27891955372871,1.2740391897171066,0.7041666666666666,36.24766415834742,21.26223409797835,13.583879751026892,15.350194296169574,9.79717097299856,1.4588049021151914,4.266293779203649,-10.527370286058709,1.1834319526627337,1.25
100143,51.0,Female,159.5,52.0,20.4,injured,Hip/Pelvis,pain,1.164287964,55.38461538461539,1.261458381693575,0.7,44.42403939937128,21.871736858896472,18.48336820494609,15.506443592969203,5.509554639613135,-1.5110605953988117,3.1957164809605727,-39.17763519420838,0.0,1.4
100144,27.0,Female,167.8,56.8,20.2,injured,Thigh,pain,1.25439482,54.34039644565961,1.3864194857087884,0.7041666666666666,39.41591893966145,20.83965573931532,19.66846088056759,14.450862057969598,6.357355302954419,-0.5288646385574136,4.030695111715068,-3.337321055509877,1.1834319526627337,1.28
100146,56.0,Female,169.8,54.8,19.0,injured,Sacroiliac Joint,pain,1.377335825,58.064516129032256,1.4234620595425755,0.6375,42.12949435564582,19.7572185458814,16.37663003427843,11.95493527022338,5.989694909666845,1.619611066155757,3.674656157911241,10.296065949864843,1.307189542483673,1.09
100148,63.0,Male,170.2,88.8,30.7,unclear,Hip/Pelvis,groin muscle strain,1.319330793,59.01639344262295,1.3389082171799094,0.6416666666666667,34.166327354813035,20.07980998796325,19.40584696964608,13.38976708878156,7.947151393700183,1.0451969807288877,8.754490867648203,12.805478499021982,0.0,1.28
100149,32.0,Female,181.5,68.4,20.8,injured,Hip/Pelvis,pain,1.2736,54.34039644565961,1.4062059127403903,0.7125,33.34582251328598,16.47344575005868,18.445101431807007,13.566635508996873,7.371246007613976,1.3458559690521947,2.833186311668156,-13.73795018952242,1.1695906432748495,0.97
100150,70.0,Female,153.4,67.0,28.5,injured,Other,fill in specifics below,0.890391243,41.98286413708691,1.2768832303196795,0.9333333333333332,32.27031010613251,23.38940628865507,6.19031244844418,13.356604755973278,7.398514826762701,1.044785556222283,9.789537185484772,-9.055194481249766,1.7857142857142794,1.85
100151,36.0,Female,161.2,59.0,22.7,injured,Knee,patellofemoral pain syndrome,1.11657923,56.91788526434196,1.1770606045286018,0.6770833333333334,22.27462239868379,12.750724279316438,7.769331400600134,14.035976244201592,6.982405790682784,-0.3160941951108422,3.963551571116741,-15.842190429242637,-0.6153846153846132,1.25
100152,60.0,Male,173.5,94.2,31.3,injured,Knee,osteoarthritis,0.814254258,48.16107382550335,1.0142716576557764,0.85625,25.632702629879304,27.934014195479925,7.166430597704599,17.809811093187292,5.562060824547212,1.583223698774204,5.862529422518021,6.470247592822865,-0.4866180048661783,2.96
100153,39.0,Male,173.7,71.0,23.5,injured,Hip/Pelvis,pain,1.109391936,52.84456848432804,1.2600680922933474,0.7333333333333333,26.70255375469452,15.018958292190597,20.56008740164913,9.839458839705086,3.1889588873356045,0.2887543736370797,5.557154728758013,-9.59692110827202,0.0,1.79
100154,48.0,Male,183.7,80.0,23.7,injured,Knee,patellar tedonitis,1.213252854,50.0,1.4556165426628942,0.7708333333333333,30.3440772565134,21.710763829609377,22.42297297999617,11.77147694343264,8.343908247471003,0.7025176083365205,7.347806179330107,-3.557886726729485,3.2432432432432465,1.06
100155,66.0,Male,189.0,85.6,24.0,injured,Lumbar Spine,low back pain,0.910370196,49.65753424657534,1.100030653390912,0.7958333333333334,30.77136447367764,22.317121245557363,4.521964059500752,15.995880432696977,8.022603986836673,0.059451478085214,-3.873244191133568,-40.65689049645731,-3.141361256544505,2.03
100156,39.0,Male,180.2,83.6,25.7,injured,Knee,patellofemoral pain syndrome,1.110132502,48.81412024269167,1.364537867334298,0.7833333333333333,31.60454526734441,16.307094111088578,17.888810469602777,12.89031058101845,4.468504384212217,0.8168279006017565,6.025790287263698,9.08175189979092,-1.0638297872340388,1.58
100157,45.0,Female,171.5,62.0,21.1,injured,Lumbar Spine,low back pain,1.123797074,50.26346892544076,1.3415327570307407,0.7541666666666667,31.235042434883297,15.549819319507204,7.694705420656096,12.882092400622415,7.110282677943196,1.1481697461089184,1.895335790316223,-0.1537024339029552,5.5248618784530485,1.42
100158,53.0,Male,186.7,96.8,27.8,injured,Knee,pain,1.11050209,48.81412024269167,1.3648309090808677,0.8020833333333334,27.577895417075524,15.970213171497292,16.190668506370137,11.432414295985303,7.420349181264711,3.5060507596407584,6.248947245464282,2.2070463535639178,-0.5194805194805177,1.61
100159,31.0,Male,189.8,91.2,25.3,injured,Knee,other,1.11827346,48.97959183673469,1.369795174586849,0.8125,33.358462832054784,18.40727340937216,14.445224261394149,15.056935872789587,5.278224468673588,-2.2973034520025686,0.4399090655984792,2.966064735181291,0.0,1.03
100162,21.0,Male,171.2,65.2,22.2,injured,Knee,pain,1.114963785,54.54545454545455,1.2262841840348635,0.7083333333333334,22.251792319079044,16.64111890546654,16.166885166501615,12.911162294758649,4.829380858945555,-1.4378493680615947,6.375833714008199,-0.1910922913787706,0.0,1.35
100163,49.0,Male,195.0,93.8,24.7,injured,Hip/Pelvis,pain,1.104793432,52.17391304347826,1.270512447284905,0.7354166666666666,20.830818096762982,11.05856206972926,11.180264122572018,16.308804980057253,7.861471728986055,-1.621184578190101,1.721871271051605,32.50046743419608,-0.566572237960353,3.22
100164,44.0,Female,170.0,51.0,17.6,healthy,No Injury,,1.114318332,56.69291338582677,1.1793202348229346,0.675,27.77235169987111,17.36881481486025,7.328261296265074,15.251032711822974,3.919241663393045,-2.0228442875417256,6.444161668190583,12.970974538148036,0.0,1.55
100165,56.0,Male,180.6,75.2,23.1,injured,Knee,cyst,1.111844724,49.82758620689656,1.3388463547523748,0.7666666666666666,24.70052838765121,14.450247785902304,15.878526869882098,10.94499010391831,4.338175507386189,0.6765033882819844,6.888067319027943,14.584487062078535,2.173913043478268,2.76
100166,46.0,Male,183.6,94.2,27.9,injured,Lumbar Spine,low back pain,1.11043424,51.15501519756839,1.3024468272335188,0.7416666666666667,34.99004439763917,50.36114939898658,19.26436983385842,-28.693060615106084,6.499577026734132,1.165987995916718,-19.514831235285747,154.13271356888777,2.247191011235962,1.21
100167,38.0,Male,169.2,72.0,25.1,injured,Knee,pain,1.113485729,53.333333333333336,1.2528411266158883,0.7416666666666667,27.95319931727022,17.092070641167346,17.62655454542118,17.081489449608693,3.956529347320385,0.7914258336988038,8.036637051180776,9.8210601087201,2.247191011235962,1.17
100168,50.0,Male,188.5,104.0,29.3,injured,Lower Leg,pain,1.108526744,48.648648648648646,1.3675278953804078,0.7958333333333334,30.810960946482624,14.169321502981862,14.0641567295677,16.095160338176356,6.8924229928573535,0.9249117487439406,7.16895315600507,22.427365510977467,5.235602094240832,1.24
100169,30.0,Male,176.0,73.8,23.8,injured,Hip/Pelvis,pain,1.114484271,52.36432878451285,1.2770132269721088,0.7354166666666666,32.30380110959203,18.852099134258754,18.06414128887636,14.63185090099233,3.436261572604089,0.5248408290276052,7.639339153902981,3.2677755617682096,1.699716713881029,1.24
100170,54.0,Female,169.6,62.6,21.8,unclear,Foot,plantar fasciitis,1.111499887,56.25,1.1855998790212978,0.70625,24.671451390147524,18.659389432160346,10.57087554970202,13.073271576764167,7.081766506805044,0.8103170054526084,6.835382726221822,-0.933294619440905,5.309734513274333,2.62
100171,36.0,Male,180.0,67.6,20.9,injured,Knee,pain,1.114578438,49.91379310344828,1.3398161641920274,0.775,44.47708244309058,22.17206762610165,20.09410312667324,15.504198357319286,4.984640882465508,-0.7197734067400166,5.322709666741936,16.786908802088618,2.1505376344085945,1.26
100172,45.0,Female,166.0,77.2,28.0,injured,Lower Leg,pain,1.1112,58.65653738504598,1.1363702972209913,0.6583333333333334,28.33072636677033,53.82991147702519,13.19276707888852,-31.96382957464248,7.513736386751457,-0.7299260660425337,-25.63940339821866,142.28350125024645,5.063291139240504,1.21
100173,38.0,Female,155.0,58.2,24.2,healthy,No Injury,,1.111043419,57.25714285714286,1.1642809165990384,0.6708333333333334,28.452230428147715,14.550973250444088,10.878225912181238,12.214017554074154,7.588059383123364,2.883501977713752,5.643046798474086,-6.188318913735278,3.726708074534165,1.38
100174,46.0,Female,171.2,63.8,21.8,injured,Ankle,achilles tendonitis,1.118065672,50.88402756967336,1.3183857719679892,0.7583333333333333,32.56638433887403,5.71933817815809,12.98932002096964,11.077779925035172,8.110995951568283,0.8935840699396216,7.6058077586571455,40.71564385599553,0.0,2.29
100175,38.0,Female,175.6,104.8,34.0,injured,Foot,plantar fasciitis,1.119366823,51.986237097278696,1.296158436191866,0.78125,16.637548556409,13.189154804505762,19.014681042188503,11.091448325974945,13.04625533347232,-0.8077508853482374,3.9165601749825134,-15.413353187171706,0.5333333333333314,1.51
100176,38.0,Male,174.3,78.8,25.9,injured,Knee,pain,1.111418102,56.031976744186046,1.1901435509518696,0.7,24.950165618889628,14.360187039577388,12.29110909066572,12.326147946856858,5.11105699857131,-0.8272835765231727,7.800373396932677,16.79520671502013,0.0,1.08
100177,62.0,Female,162.8,71.0,26.8,injured,Foot,pain,1.117784758,57.8397212543554,1.1597016861229512,0.6708333333333334,21.04350382718951,7.90584434975074,11.910870190776144,8.986664950380863,9.157167203479332,-0.4208232227837782,6.044515422041462,2.592741351092537,1.2422360248447326,1.81
100178,62.0,Female,170.7,79.0,27.1,injured,Knee,patellofemoral pain syndrome,1.11346726,52.17391304347826,1.2804284818701417,0.7645833333333334,31.33798034844176,20.413277630181312,9.283449355712571,16.345725207573075,9.919580400327876,-0.8642854526345196,5.276821204787202,6.128743364270316,0.5449591280654076,2.36
100179,48.0,Male,165.0,68.0,25.0,injured,Lower Leg,pain,1.112126042,57.142857142857146,1.1675488289146518,0.6666666666666667,25.40794794650253,20.9654624121727,11.354843466861311,15.656099641870568,7.517418601791403,-2.2526123346207507,6.474252385622327,-0.6148144872859909,2.5000000000000075,1.92
100180,42.0,Male,180.0,73.0,22.5,injured,Lumbar Spine,pain,1.113525524,49.91379310344828,1.3385504737848566,0.8041666666666667,33.44941142101581,20.535079043461508,18.938738745967875,12.895513710080465,4.079657004120855,-1.4023853302531446,6.404275278900263,-1.2831595651150798,-1.0362694300518098,1.11
100182,51.0,Female,163.5,61.6,23.0,healthy,No Injury,,1.118324508,57.832258064516125,1.160261677400053,0.675,29.441771039561218,-34.58250659641861,9.541072928437554,60.30030860171021,7.48836354980037,0.4184997362434797,39.250102076383605,200.0,2.469135802469143,2.25
100186,39.0,Male,178.3,82.4,25.9,injured,Knee,patellofemoral pain syndrome,1.118402155,58.60832137733142,1.1449642058156333,0.66,20.659148836716668,9.500195834056804,16.920994406009214,11.088956173530114,5.229614160790811,1.2415005137164294,5.805025960611555,55.80017246373796,0.0,1.9
100188,24.0,Male,183.0,84.7,25.3,injured,Hip/Pelvis,groin muscle strain,1.118394306,50.47335389852144,1.3294912308907216,0.7725,31.74062051878081,21.48106966779057,4.510392593747037,14.784386119565283,3.713482247000506,-0.8458624660504971,4.196572843812272,25.5519937135936,-0.647249190938512,1.21
100190,62.0,Female,158.7,98.1,39.0,injured,Lumbar Spine,low back pain,0.56926111,42.47800917224269,0.806374914458813,0.97875,15.051084257941284,23.6693045687286,11.980734122481518,16.38570276138875,9.786380269750216,-3.037517234746594,5.6447517865802,30.84705861446108,-2.29885057471264,2.54
100191,53.0,Male,184.5,84.1,24.7,injured,Knee,pain,1.115410107,47.61904761904762,1.4055435360877695,0.80875,33.687365413117504,27.961256784725137,10.225462507521195,17.04082499204759,5.844103182284751,-1.0446010955657148,6.749945678103005,3.0861347523472644,-1.5455950540958214,1.56
100192,41.0,Male,174.0,74.8,24.7,injured,Knee,pain,1.12239453,53.932856623439584,1.248739936337163,0.7424999999999999,38.18797553529188,28.288516335591787,13.091081040427351,14.75768510995574,4.036910729239168,-1.2878225458792252,5.574711857581477,18.357828063807688,-2.020202020202022,1.63
100193,40.0,Female,164.2,60.0,22.3,injured,Hip/Pelvis,hip flexor strain,1.116222968,52.00500399151073,1.2878422497162707,0.75,31.62721392969098,20.7770196181883,15.258227019984062,13.997065228648053,6.5647195427988265,0.616843196713843,8.182503017335758,1.863394605404938,-1.3333333333333346,1.34
100194,25.0,Female,166.7,75.2,27.1,injured,Thigh,ITB syndrome,1.214072189,56.031976744186046,1.3000689686260456,0.6916666666666667,32.315700595327655,18.46248104143759,17.065575496359948,12.861327892570046,8.814051789493181,-0.9685721214542018,3.516547895516244,2.4737986451799685,0.0,1.03
100195,29.0,Female,164.0,50.6,18.8,injured,Thigh,ITB syndrome,1.117075083,55.59928443649374,1.2055101937059989,0.6916666666666667,26.483620274678685,16.123600479049557,17.10246503216588,10.140959802225977,6.746061584024953,-2.1045299099071864,6.757376548191324,0.2534397530309459,0.0,1.11
100196,47.0,Female,173.6,73.0,24.2,unclear,Thigh,ITB syndrome,1.124329618,52.17391304347826,1.29297906032595,0.7416666666666667,30.68875502865936,17.022115806019496,16.2958459314759,14.036077346946938,9.718374344098866,0.0786421559875454,4.369035923026168,20.518982074567912,2.247191011235962,1.36
100197,25.0,Female,166.2,58.2,21.1,injured,Thigh,ITB syndrome,1.121415709,56.69291338582677,1.186831625614451,0.6729166666666667,32.58993876111617,23.041784866781377,15.551650024337022,15.347334365503793,7.483759651405338,-0.9689633940229294,4.802023674897362,-28.26279027918504,0.6191950464396262,1.3
100198,33.0,Male,174.6,75.0,24.6,injured,Thigh,ITB syndrome,1.126421075,51.246200607902736,1.3188513423732666,0.7583333333333333,29.96008069651134,12.312096943312769,21.73645516977863,13.97698399791626,4.579653950283392,-2.6788622433247595,6.89669889679227,-19.674267002919976,0.0,1.38
100199,25.0,Male,183.6,73.7,21.9,injured,Thigh,ITB syndrome,1.118719779,50.0,1.342463734369405,0.7625,28.848476956789625,22.14074658135864,11.913392069851769,11.291044997423173,7.956668655242189,3.698374954242436,6.6300433585292,-6.526533392950718,1.0928961748633987,1.54
100200,30.0,Female,165.4,51.7,18.9,injured,Thigh,ITB syndrome,1.114123247,52.74796049806784,1.2673151939586738,0.7479166666666667,32.49850766177201,20.270720381761528,16.55564928690615,14.686635702697636,6.186297139801447,0.2598835710991185,9.970525213528251,-3.4108464679967527,-0.5571030640668504,1.26
100201,37.0,Female,176.1,65.9,21.3,unclear,Thigh,ITB syndrome,1.210456122,57.00744752877455,1.274005068382558,0.675,27.41866072055609,17.796588244358965,18.95697703962618,12.055801982492977,6.934716599525653,-2.837826591813951,3.8198870132729126,20.5067548538142,-1.4814814814814827,1.6
100202,40.0,Female,167.0,45.0,16.1,injured,Thigh,ITB syndrome,1.125950564,59.260262837013954,1.1398288459906092,0.6583333333333333,31.50201900441948,9.006591497984656,17.5836021980918,13.134485007554073,5.498130196140394,1.30462240449444,-5.109718375515611,50.72007607228911,0.0,1.2
100203,35.0,Female,163.0,63.2,23.8,unclear,Thigh,ITB syndrome,1.122716757,53.93334081472338,1.2490783898041031,0.7125,27.842035105801926,11.174598976571543,22.241239862710984,10.522716076230392,10.320198447457724,0.5828188440933031,4.446971265883509,-9.047884908613725,-1.1695906432748495,1.14
100204,36.0,Female,165.4,59.0,21.6,unclear,Thigh,ITB syndrome,1.129663046,51.42857142857143,1.317940220010958,0.7541666666666667,36.86602262515203,10.738465241397195,23.19974302612338,15.35589723883628,9.090619346130204,-3.6629065594038246,5.804360627322687,-36.01755226694691,-1.1049723756906038,0.98
100205,27.0,Male,173.1,75.7,25.3,injured,Thigh,ITB syndrome,1.1232,56.471456692913385,1.1922469240322724,0.6916666666666667,19.835594460789025,17.857059595594315,14.158274452518402,12.119175640506946,5.975178168102934,-0.4865260618335394,4.475481008033749,-12.50456567604162,0.0,1.52
100206,46.0,Male,180.4,90.5,27.8,injured,Thigh,ITB syndrome,1.2170372,49.89626556016597,1.4635923639354398,0.7875000000000001,38.80165947367996,24.663888726943,15.155731612803043,19.00723041658217,6.350153065037778,0.8388606118157735,8.099434524012034,1.09986028713046,-0.6349206349206354,1.68
100207,30.0,Female,173.8,67.9,22.5,unclear,Thigh,ITB syndrome,1.123066888,50.88402756967336,1.3242830389345943,0.7541666666666667,28.388790024280524,10.19240692028221,16.543898470617613,12.518809858755509,7.196939047916395,-0.7732897105653755,8.62800743262457,24.49250122321033,-1.1049723756906038,1.23
100209,43.0,Male,171.1,61.8,21.1,unclear,Thigh,ITB syndrome,1.224243975,53.53233830845771,1.372187005733684,0.6979166666666666,40.368691565900406,19.977908816716017,21.025710480952107,12.241689250309989,4.972157131085222,-0.5369162242373398,6.705482827917929,-0.4568786147973084,-0.5970149253731323,1.17
100210,26.0,Male,184.6,83.2,24.4,injured,Lower Leg,compartment syndrome,1.110977101,56.87203791469194,1.1720816027703291,0.68625,20.90033021857687,12.605029255352212,16.733952420507627,11.3179137560934,-1.0592743999320535,-0.4882706584613944,6.462811277745576,-96.77782815901152,1.0928961748633643,1.21
100211,25.0,Male,189.0,76.1,21.3,injured,Knee,patellofemoral pain syndrome,1.116133827,51.725098935399366,1.2947142628038568,0.7362500000000001,28.48803412084999,20.048100365321847,15.25625960659475,16.51671145214928,3.8731708918969456,1.0122143463649076,7.182749434464931,3.8546034194921424,-2.376910016977923,1.96
100212,49.0,Male,177.6,83.7,26.5,unclear,Hip/Pelvis,pain,1.1032,51.282051282051285,1.2907036121008444,0.75,22.134679353516333,23.10209586236529,7.5525704542047745,9.595028180682672,6.638575962155663,0.3744577513234455,10.346230388609914,16.866203099150503,-1.3333333333333346,1.07
100213,36.0,Female,170.5,65.4,22.5,injured,Thigh,ITB syndrome,1.114416613,52.516662836129626,1.2732209804728831,0.7262500000000001,22.545773604608485,12.991350707851188,10.227401449514325,11.1302371563287,8.57303103175499,1.126735136620287,2.9353064854978026,9.66740370033692,0.3442340791738461,1.2
100214,53.0,Female,168.0,55.7,19.7,injured,Thigh,hamstring muscle strain,1.11136172,57.142857142857146,1.166929806163744,0.67,23.979813890457365,12.403831256931294,21.300251526320245,8.153059733429945,10.100731168404742,-0.6186052859482729,4.926974232729579,-7.723200244255943,0.0,1.35
100215,61.0,Male,191.0,124.1,34.0,injured,Knee,osteoarthritis,1.124382734,52.516662836129626,1.2853960563147715,0.725,29.595802314049592,31.92848340111734,1.9062528994221013,18.42762583165456,5.090072539155824,0.2853585260064784,6.940845157680933,8.512433018795411,0.0,1.6
100216,48.0,Female,160.0,74.2,29.0,injured,Hip/Pelvis,pain,1.120276983,58.25242718446602,1.1538852929313836,0.6775,30.53031230233992,18.211688389297382,13.16609478527379,13.814392694792565,7.918730098707698,0.5001638382368236,0.461739969041988,4.74541562318163,0.7380073800738014,1.17
100217,61.0,Male,175.7,94.5,30.6,injured,Thigh,ITB syndrome,1.114989843,56.470900876959874,1.1849992534843152,0.6975,36.431196792230025,25.158731185622656,12.604743609512632,17.546189464568283,3.581793495969869,0.0019095813267286,8.566189756237314,21.16744497983312,-0.7168458781362014,1.53
100218,52.0,Male,170.7,72.0,24.7,unclear,Ankle,achilles tendonitis,1.115861426,52.63157894736842,1.2721444252332064,0.745,34.45107530818467,18.263170587666245,14.61724443949226,12.97216117109997,6.159222291653583,1.246458873922895,2.1154080188375337,2.945859735760881,0.0,1.18
100219,30.0,Male,174.4,71.2,23.4,injured,Thigh,ITB syndrome,1.1257,52.55474452554745,1.2851143101316622,0.74375,30.64350741988176,18.1413221564777,13.557541214780471,13.334656629268036,7.643266417561972,0.8951556113270605,1.0048483280360834,8.545595916146219,-1.680672268907557,2.19
100220,45.0,Male,176.2,63.7,20.5,unclear,Thigh,ITB syndrome,1.221558025,54.753643303261626,1.3386175813225956,0.7,41.70869842980875,30.94939341543489,14.248434932616965,14.167072974096058,5.459565754525585,-0.1034160937169741,1.533968411805123,7.491047376970765,-2.3809523809523885,1.53
100221,27.0,Female,177.0,59.3,18.9,injured,Thigh,ITB syndrome,1.130317352,52.94117647058823,1.281026332614879,0.75,30.2125762662302,14.683578993930851,17.99280276508715,16.80417371254982,7.348438931221199,1.967081124149735,6.177625748930025,8.376597250121247,0.0,1.07
100223,32.0,Female,168.2,59.5,21.0,unclear,Thigh,ITB syndrome,1.144326387,56.91788526434196,1.2062672071281428,0.6875,31.897450180608075,14.709741748948618,14.13912650060357,14.352072032536432,9.636188911422147,-1.5726370105678924,4.8027347030876015,4.576434624934186,-1.2121212121212075,1.48
100224,23.0,Female,160.4,53.5,20.8,unclear,Thigh,ITB syndrome,1.228215468,55.173223722842046,1.3356843212662628,0.7041666666666666,41.83902563437746,22.97180393011513,25.184250067332464,16.206642393742293,8.842952851067123,3.125920601264893,7.747475384782733,-14.375959778264493,1.1834319526627337,0.9
100225,22.0,Male,191.0,88.5,24.3,unclear,Thigh,ITB syndrome,1.128865545,52.65418385697662,1.2874586244884718,0.7416666666666667,26.82003281455264,15.776966360338744,9.48574351610263,16.11022247866373,5.5414896240716445,1.184920639942443,5.710497681614132,26.46542449550394,2.247191011235962,2.05
100226,24.0,Female,160.0,48.1,18.8,injured,Thigh,ITB syndrome,1.136124523,54.96183206106871,1.240269271110708,0.7041666666666666,29.990338567864995,15.633959866935944,18.22764662740891,12.319560411476056,6.5227072351560365,1.741949180943572,1.4399464579480403,-1.101644258750869,1.1834319526627337,1.1
100227,58.0,Female,158.2,60.9,24.3,injured,Hip/Pelvis,hip joint irritation,1.124436767,57.27956254272044,1.1778475132120911,0.69,34.592237074928164,26.48414521102535,3.812925086566662,18.734684376604847,6.883613127916286,0.7151445406133624,0.5557465617811947,-10.189394279061776,-1.449275362318826,1.57
100228,39.0,Female,168.3,56.5,19.9,healthy,No Injury,,1.116003845,55.55615094249753,1.2052841530995502,0.705,26.35118962391365,16.976065599077273,17.814370050219704,10.941718781099228,8.11566144061884,1.4775554448536108,5.523563144582646,-9.08585396463788,0.0,1.0
100229,40.0,Female,176.0,66.6,21.5,unclear,Knee,pain,1.116956917,51.836094939543216,1.2939617935890506,0.75125,45.61329687789959,16.40981332474648,14.78779976367812,18.051146820133503,5.3390995496246445,1.0098262006952177,4.428028297587898,26.249822599078826,-0.3327787021630545,1.39
100230,46.0,Male,161.0,66.0,25.5,injured,Knee,patellar fracture,1.120797406,54.054054054054056,1.2441074250974942,0.7275,32.22111758926309,18.830174131380524,11.778017612493237,15.384295245640288,2.7068665744385747,-1.3796534367742928,3.3630588572216227,1.769438971516167,-2.0618556701030943,1.38
100232,22.0,Female,169.5,61.6,21.4,healthy,No Injury,,1.242175913,55.81395348837209,1.3354074968903729,0.6833333333333333,29.35784244074065,14.345103660920651,22.537025471854065,11.50163091615626,7.699917242943105,-0.0323939073835659,7.199517948607499,12.50064713571724,0.0,0.9
100233,48.0,Female,171.3,53.9,18.4,injured,Other,fill in specifics below,0.946171198,51.11884749461382,1.1105684437356218,0.77,36.980061737063096,26.9323844698974,6.472066599829319,17.332841643630108,3.775487031198885,-2.1344526713272622,5.407241870765419,-34.49570883419358,-2.5974025974026,2.68
100234,40.0,Female,165.3,56.4,20.6,healthy,No Injury,,1.247427886,58.65653738504598,1.276573555553922,0.6416666666666666,24.40031510653841,9.726170442490524,18.71667349185424,8.908518055756948,8.491962269333483,2.679472755915051,7.558082010433695,-11.11552474234452,2.597402597402606,0.96
100235,25.0,Male,186.2,77.2,22.3,healthy,No Injury,,1.238018542,53.333333333333336,1.3952638620717712,0.725,32.145014400641,15.597769718723285,26.091838851368173,12.9026991532663,6.798748889065216,1.5525824173247122,4.944480815032888,-10.59217710464464,1.1494252873563178,0.87
100236,41.0,Male,180.9,83.0,25.4,unclear,Knee,patellofemoral pain syndrome,1.256081862,54.13533834586466,1.3956306060067007,0.7020833333333333,39.192099879948046,18.49725095130185,16.396704939134587,8.355175974503227,4.069535138766407,0.8245519413678007,7.576072270061841,4.835451756491185,0.5934718100890187,1.27
100237,21.0,Male,182.7,65.6,19.7,healthy,No Injury,,1.24836897,53.333333333333336,1.4057773053132565,0.7,36.45776393408215,15.75106773139544,27.36400051492791,14.091919485377392,6.600885196827528,0.1559465742720125,7.774666703303293,-6.585524394729113,2.3809523809523885,1.04
100238,35.0,Female,165.2,54.4,19.9,unclear,Knee,patellofemoral pain syndrome,1.256193377,55.38625407966789,1.3608761587039546,0.6875,38.32985646073072,11.230846285115843,27.35414654431525,12.715891898641534,11.473078074402796,0.2076824893718583,4.583904531487315,-9.592295947227184,-1.2121212121212075,0.87
100239,19.0,Male,187.2,73.4,20.9,healthy,No Injury,,1.25790568,53.13725490196079,1.422149093371189,0.70625,36.73888793290087,15.067667791132726,16.814098770497857,11.700944457529486,7.6812228150555715,-1.095454346594587,6.929357303216597,-8.651951194140649,-0.5899705014749398,0.95
100240,32.0,Female,170.0,57.6,19.9,healthy,No Injury,,1.248769838,53.333333333333336,1.4061742999521547,0.7083333333333333,41.09034255548471,17.508449908204152,26.624210980145307,10.517683170370004,7.448100801319532,0.6205816500384465,8.489358874606495,-14.76816777707658,2.352941176470596,0.95
100241,38.0,Female,171.0,61.4,21.0,unclear,Knee,patellofemoral pain syndrome,1.25028643,52.17391304347826,1.443701376510366,0.7416666666666667,50.26505881421366,19.126933979659007,23.10966618993259,16.634222111677317,6.776891865762016,0.0724345899788321,3.291746216549324,-8.156562381596283,0.0,1.3
100242,54.0,Male,175.4,94.6,30.7,healthy,No Injury,,1.243531356,53.93334081472338,1.383609236576688,0.7208333333333333,37.52488764746437,19.02519455682816,18.25429884726312,15.67475415852124,4.457389934126268,0.2668229595538069,6.437353823184925,15.29991022871233,-1.1560693641618456,2.33
100243,30.0,Female,163.3,69.8,26.2,unclear,Knee,patellofemoral pain syndrome,1.257100772,54.23786739576214,1.390667729417213,0.7041666666666666,30.99597821164804,16.95096855688112,18.946441202087165,8.827504501481824,11.805651239858836,0.5434020999671039,3.189833669061102,-28.358485816738487,1.1834319526627337,1.09
100244,23.0,Female,166.0,57.6,20.9,healthy,No Injury,,1.243469518,54.753643303261626,1.3626353471720742,0.6875,31.51607518883904,15.47439215850978,14.099842987999184,12.13222907324511,9.109839647630256,1.132808388220099,5.1269026206975,2.1648578181788047,-1.2121212121212075,1.22
100245,46.0,Female,167.5,66.0,23.5,unclear,Knee,patellofemoral pain syndrome,1.271014298,56.91788526434196,1.3430779726844562,0.6854166666666667,33.83316450745048,13.852105764063506,16.74523353006461,12.376481191886896,8.434704446138287,0.8320037113425622,6.832992442752886,-18.42841871638395,1.823708206686924,0.97
100246,51.0,Female,158.0,55.0,22.0,healthy,No Injury,,1.242928478,56.69291338582677,1.3182116919973723,0.6791666666666667,35.8448607318374,10.713919912498351,29.08284437880132,12.34663891055573,7.120110430801614,1.9420577654611364,1.3929297947167405,4.919666025454554,1.2269938650306704,1.16
100247,20.0,Male,180.7,66.6,20.4,healthy,No Injury,,1.259457096,52.74796049806784,1.4522114031447249,0.725,42.86779324313579,18.87250015612837,22.42527644555621,18.120380881668407,8.900771664063889,-3.4295813483672504,8.813172407931006,-5.437948860570808,0.0,1.33
100248,20.0,Male,168.1,68.4,24.2,healthy,No Injury,,1.23515314,59.50413223140496,1.245446083090907,0.6458333333333334,26.64903999435517,12.304304257667752,21.765233374639934,10.073559886849775,5.285771152208064,1.287705610433283,7.165444110755828,22.01422723365145,-1.2903225806451566,1.06
100249,19.0,Male,180.5,62.0,19.0,healthy,No Injury,,1.239160749,55.81395348837209,1.331823611766102,0.675,30.661013016180164,16.154101933541167,19.91795359038408,3.829710063407488,4.953323755580127,-0.0873682832050257,0.6785722652550605,15.897949549058303,0.0,0.84
100250,21.0,Male,170.0,59.8,20.7,healthy,No Injury,,1.236640982,57.142857142857146,1.298473031233647,0.64375,29.028341945835905,18.78341318231078,15.46000671838179,11.814326054802308,5.92021531563822,-1.605197712750022,5.063130269705747,24.859557288861776,-1.941747572815544,1.35
100252,25.0,Male,187.1,89.0,25.4,healthy,No Injury,,1.238973832,54.34039644565961,1.3721124832256573,0.7166666666666667,32.06340329156558,12.361770719766293,21.20046678166744,13.061876901982547,5.496092566377919,-2.2856436340456208,6.097004314511581,32.499635742326845,-2.325581395348829,1.64
100253,20.0,Male,186.0,78.4,22.7,healthy,No Injury,,1.241885812,51.986237097278696,1.4389301515461033,0.7375,28.55826723235407,16.160501169346368,20.756593110172787,10.829043633828276,6.391106202036298,0.1182661780615186,6.864719298157917,14.285236882855145,1.1299435028248697,0.95
100254,37.0,Female,165.0,52.6,19.3,unclear,Knee,patellofemoral pain syndrome,1.254217322,57.142857142857146,1.3192173978222492,0.6708333333333334,34.71118430630236,16.71745301494387,19.14765169440881,14.112049967165866,5.754273094625983,-0.8265434989214804,4.486573822560329,-13.848427767653334,1.2422360248447326,1.11
100255,51.0,Female,158.5,52.0,20.7,unclear,Knee,patellofemoral pain syndrome,1.255415179,54.54545454545455,1.3806568960340877,0.6791666666666667,43.34471812404004,15.208682673091143,24.810504651532067,16.77159886499868,6.810725929781903,2.3082664150754675,4.85865821572485,11.391938265619196,-1.2269938650306704,0.85
100256,38.0,Female,170.0,71.2,24.6,healthy,No Injury,,1.234859031,55.81395348837209,1.3303691845341004,0.6916666666666667,38.54367316345525,16.15780481571543,22.77399471168667,12.651253927357743,10.041915707646698,-0.3749082237895664,5.396202045613726,-29.51783757283772,2.409638554216859,1.05
100257,19.0,Female,176.2,62.6,20.2,healthy,No Injury,,1.237104754,57.142857142857146,1.298875408141506,0.65,23.710053200049742,7.493149328626304,15.51112659306555,12.617234840412891,9.022205215423728,-0.7172140431597338,7.5198447676775615,4.92206903111606,0.0,1.42
100258,21.0,Male,178.0,75.8,23.9,unclear,Knee,patellofemoral pain syndrome,1.243801114,52.17391304347826,1.4320231730801762,0.7375,37.54550804546122,19.61208274221343,21.5879272748353,14.877347123194571,6.249150534616495,1.5939474460850338,8.189688959495813,-4.916481729381823,-3.3898305084745792,1.06
100259,20.0,Female,175.1,59.4,19.4,healthy,No Injury,,1.257596603,55.59928443649374,1.3600622508098117,0.7041666666666666,28.277642601349186,10.334215272666974,18.034820347590603,12.017291290140584,6.334423061901681,-0.5519784082733357,5.01285413378852,-0.9510869927656564,1.1834319526627337,0.91
100260,20.0,Male,170.5,62.6,21.5,healthy,No Injury,,1.235662363,61.53846153846154,1.2047385766629972,0.625,27.964457918842584,12.630077400731093,18.09175886905345,7.543608102600947,6.1895309521488855,-0.0216171947416179,5.485052870174416,-39.957457078332816,0.0,1.43
100261,24.0,Female,168.1,56.0,19.8,healthy,No Injury,,1.262046573,57.142857142857146,1.3285807324452938,0.675,39.89993001290389,19.65258924079778,18.900957400314248,12.704044010180173,11.360385784942393,-0.641896808100286,2.282030330391118,6.156614611564826,0.0,1.59
100262,26.0,Male,173.4,68.6,22.8,healthy,No Injury,,1.239561789,55.06752789195538,1.3530680141601372,0.6875,37.36483458993101,20.6364958886658,27.31706452989403,13.927379092138818,4.466197707183725,1.5314098622514671,5.677854790676679,-2.746356669972435,3.636363636363624,0.99
100263,45.0,Female,165.5,53.6,19.6,healthy,No Injury,,1.217305399,55.81395348837209,1.3086033041330771,0.6729166666666666,29.515560626438287,18.59826427014612,6.5061075620262425,11.487365660384937,2.9593954594328773,0.0495078906668979,7.412092651193301,-4.093925365839522,-1.857585139318896,1.32
100264,38.0,Female,169.0,72.2,25.3,healthy,No Injury,,1.239489278,54.54545454545455,1.3636535936125462,0.6958333333333333,36.59415369836685,16.28372925441282,20.65295468538784,11.117853013343105,9.138128121121392,0.974239942239596,6.524642184240117,-11.351963555795344,1.1976047904191576,0.97
100265,46.0,Male,179.1,85.2,26.6,healthy,No Injury,,1.122842139,48.16107382550335,1.3988741654217884,0.8270833333333334,37.74651785284959,15.938501924360567,15.304841952932357,16.281047958816508,4.923139651757797,4.076856035730881,9.65121268407043,-16.370471704253315,1.5113350125944665,0.86
100266,46.0,Female,176.1,73.1,23.6,healthy,No Injury,,1.125065523,53.73134328358209,1.2563231674427835,0.725,32.0857618955792,21.5192509535426,9.72733847818997,16.092127806926033,8.046675474275409,0.3446290528369777,8.448446358546754,20.22922169218116,-2.2988505747126355,1.32
100267,26.0,Male,165.0,70.8,26.0,unclear,Knee,patellofemoral pain syndrome,1.255074491,57.6,1.3129987476064429,0.6833333333333333,38.58498156321204,17.344435537387398,17.90013037965362,14.146234264699734,12.426836360823184,0.0447090509632805,5.4155219921302304,-17.966478830155584,0.0,1.09
100268,19.0,Male,174.0,68.8,22.7,unclear,Knee,patellofemoral pain syndrome,1.237405303,55.38461538461539,1.3405224110879566,0.6833333333333333,33.206621608163886,5.985170337105125,14.799310910627169,8.417129990229459,5.315585929935793,-0.932732948583074,6.102023509517506,-200.0,0.0,1.12
100269,28.0,Female,159.2,63.3,25.0,healthy,No Injury,,1.136670665,54.34039644565961,1.2550738590799035,0.7041666666666666,34.50154563854258,16.118931934905632,11.777107989358989,13.739274915903616,5.635802705517604,0.2749179457628472,2.9779865747139382,7.957019925593432,1.1834319526627337,1.72
100270,27.0,Male,180.0,79.6,24.6,injured,Knee,patellofemoral pain syndrome,1.249713793,53.333333333333336,1.4103635971345847,0.7229166666666667,37.511204706001706,20.24394929014327,16.649401408148325,13.793113880943473,3.056834025925503,-1.595980192050913,6.787497913895406,9.833830420042366,-0.5763688760806897,1.04
100271,18.0,Female,179.0,59.2,18.5,injured,Knee,patellofemoral pain syndrome,1.257122173,54.23786739576214,1.3922100312946537,0.6916666666666667,36.57499243099207,12.080209227486757,18.45753055653721,13.388106571966006,8.537281968323141,0.3878290030440816,3.993680183132176,21.69613335141932,2.409638554216859,1.07
100272,27.0,Female,164.0,62.0,23.1,injured,Knee,bursitis,1.253484565,56.25,1.339933962131996,0.6916666666666667,44.39712998159217,17.98315371686717,17.35411585730776,16.466287572779812,6.27843786136901,1.092894715183638,3.561626132538753,-28.8946693411422,2.409638554216859,1.22
100273,38.0,Female,144.0,53.4,25.8,injured,Knee,patellofemoral pain syndrome,1.253486165,60.0,1.2534861652402924,0.6416666666666667,33.6011069067402,14.40502674468223,21.813466386327686,12.713009037902973,10.048695051961232,0.1844567053048194,7.523921852155462,36.43177811838974,0.0,0.8
100274,30.0,Female,182.3,72.2,21.7,injured,Knee,patellofemoral pain syndrome,1.257703811,50.0,1.5138788016464204,0.7541666666666667,29.60879093424921,11.393693596269616,24.673414359983475,11.717243524489996,13.224176134191502,1.632148377087932,5.052428588425043,27.73969991613117,1.1049723756906038,2.09
100275,44.0,Female,159.0,60.8,24.0,injured,Knee,patellofemoral pain syndrome,1.264233412,57.94838709677419,1.3090083453688195,0.6708333333333334,28.12356875365066,16.485112574219194,13.952528218069435,12.648125608910275,9.556617445800097,-0.3504719726467205,7.379719282880014,18.12476579773596,1.2422360248447326,1.42
100276,45.0,Female,161.2,52.4,20.2,injured,Knee,patellofemoral pain syndrome,1.273790815,57.6,1.327065299929572,0.6541666666666667,33.054381944342765,19.772577883617657,12.27535797306609,12.773304353672003,9.244900059392078,-1.983785082738924,4.846805677921172,8.335386118020578,-1.2738853503184668,0.9
100277,44.0,Male,178.1,74.0,23.3,injured,Knee,patellofemoral pain syndrome,1.241168645,51.06382978723404,1.462552640126932,0.75,36.10415278631007,15.630482025272997,19.27192147688184,14.29221620173254,8.616699981005638,0.2393415856704566,9.750839237089608,31.050285727554897,2.2222222222222143,1.31
100279,33.0,Female,176.4,55.6,17.9,healthy,No Injury,,1.257759356,53.6318407960199,1.4079885222180772,0.6958333333333333,38.7815723831209,15.6111381905471,6.70411190979036,12.917865897516922,6.129464847372759,0.6987879679090365,3.875451230087331,27.69345058006564,1.1976047904191576,1.23
100280,34.0,Male,181.5,77.6,23.6,unclear,Knee,patellofemoral pain syndrome,1.263988951,51.246200607902736,1.4791957651997247,0.7625,44.708662866693686,15.82965931516788,14.897222577739718,14.033281758608515,5.643470536978447,0.6282667333808962,7.937888375486679,1.814077436161077,1.0928961748633987,1.04
100281,44.0,Female,165.9,50.0,18.2,healthy,No Injury,,1.265729969,62.33883058470765,1.2185825582558305,0.6041666666666666,26.532946794120505,17.330271186868398,19.817791195414145,13.29516624425094,7.930371818790426,-1.0079235286163637,10.314224499897588,17.42845344983555,1.3793103448275814,1.17
100282,23.0,Female,179.0,72.2,22.5,healthy,No Injury,,1.2493,49.48979591836735,1.5173516397036144,0.7541666666666667,33.769182207110134,16.882019471244547,21.322248353010124,13.233615231934785,11.95331877452751,-0.2900152650837513,7.710767069377075,10.557304181017686,1.1049723756906038,1.7
100283,20.0,Female,167.0,59.4,21.3,healthy,No Injury,,1.253154995,57.6,1.305369786053518,0.65,27.012447595783925,15.594913032547607,16.494924435082257,7.708706869433863,8.501639328737678,0.8279803709848725,6.961431555911199,16.975398290605543,0.0,1.04
100284,24.0,Male,166.0,61.2,22.2,unclear,Knee,patellofemoral pain syndrome,1.140922103,50.26223776223776,1.3671597876973416,0.75,32.87897941179989,19.146781018530927,24.173888877611294,10.775197080084173,5.599294425074847,1.3531118337817647,8.22916710797056,1.574018710988684,0.0,1.12
100285,22.0,Male,173.5,87.6,29.1,unclear,Knee,patellofemoral pain syndrome,1.213639655,54.54545454545455,1.3350036202879805,0.7166666666666667,45.977958988829386,20.951435864093067,12.856371054907513,15.65618980039462,6.499509868214661,0.600037632687185,3.402965431772265,-6.056237000635018,0.0,1.6
100286,38.0,Male,177.0,82.6,26.4,unclear,Knee,patellofemoral pain syndrome,1.222139233,52.55474452554745,1.3952756248553364,0.7354166666666666,35.12006029741303,25.013102857908883,17.75166876636854,14.436911185774196,6.235692923585418,1.839186438916776,5.200388454273006,-10.86981689437051,0.566572237960353,1.54
100287,35.0,Female,172.3,70.8,23.8,healthy,No Injury,,1.126984248,55.49194991055457,1.2185517177689345,0.6875,27.52689011943181,17.68561116311313,10.00137284722762,15.444625100446856,7.662442734048668,-0.3178728201035805,4.025648654308502,6.462399440131707,-1.2121212121212075,1.4
100288,39.0,Male,176.9,74.6,23.8,healthy,No Injury,,1.122317255,54.753643303261626,1.229872658336705,0.6958333333333333,28.836198408941755,15.675299201850455,11.835479435770049,10.776600298720291,5.821440085867785,0.9301668283829624,5.345011438768254,2.884205600304002,-1.1976047904191576,1.34
100289,25.0,Male,177.8,70.4,22.3,unclear,Knee,patellofemoral pain syndrome,1.15209533,52.17391304347826,1.3278258327419008,0.73125,30.38994205271388,21.96275402515252,16.68757253860541,13.078203376188238,4.551130741164211,-0.8967274125270781,7.872933734984418,10.720797960476007,-2.8490028490028543,1.26
100290,41.0,Male,194.6,90.0,23.8,injured,Knee,patellar tedonitis,1.114204354,47.05882352941177,1.4224331088641369,0.825,39.68917437222569,17.67718153451884,8.027619323307757,14.503050390517467,3.7657520912018096,0.0738743196262257,5.61265180851734,33.13918469554464,-1.0101010101010066,1.89
100291,41.0,Female,168.3,60.3,21.3,unclear,Foot,plantar fasciitis,1.11535591,54.66998754669987,1.2241031109615887,0.705,30.06906229772608,22.805051427675373,15.080419770806344,8.850410296351722,4.916831935941435,0.8797437552417515,5.549085329088305,-1.1600450203073072,2.836879432624116,2.4
100292,59.0,Male,182.0,70.2,21.2,unclear,Knee,pain,1.115989902,53.932856623439584,1.2415387658572516,0.7175,31.847249427107727,19.86388926339722,10.312853048052776,13.822706467748688,5.668170711625776,2.3036239519153825,5.833365237758828,-20.276372451013764,0.6968641114982584,2.02
100293,43.0,Female,173.2,71.7,23.9,injured,Knee,other,1.117595622,56.20639726207713,1.193033326595607,0.68375,26.107456244458376,23.00760144976951,9.71819746730668,14.965381504888722,4.132718316570207,1.121963118515437,-1.279421683224149,19.42871063056739,-1.8281535648994447,1.8
100294,48.0,Male,177.5,79.2,25.1,unclear,Knee,pain,1.114437688,49.3835523641783,1.3536558037551782,0.805,39.053634269473264,29.66094041109593,3.436017160283845,14.921196805470345,4.6486046283724765,-1.2903532477021624,4.699150269607152,25.084584661461147,0.6211180124223745,2.23
100295,54.0,Female,164.0,68.0,25.3,unclear,Hip/Pelvis,pain,1.106999482,56.20639726207713,1.1817219475351617,0.68625,22.58702353865061,13.275148205084005,10.62670773080357,11.150281730731276,10.18285231940734,-1.7755826148010443,3.3616178089130067,5.14384780993434,-0.3642987249544548,1.46
100296,48.0,Female,179.2,67.1,20.9,unclear,Thigh,ITB syndrome,1.120586253,52.63259142411943,1.2774683289540538,0.735,37.512261359314834,20.25377560889285,22.75596609167416,11.51058249185346,1.3872965840815237,0.690168073482429,3.2731224204556035,9.05327775120744,-1.360544217687076,2.23
100297,27.0,Female,168.9,63.8,22.4,injured,Knee,pain,1.114890127,52.17391304347826,1.2821236458648344,0.73,29.561069856309587,14.801832879727709,17.690685295984082,11.93238274989191,6.627261943717414,-0.2944493776261123,3.711891666853046,9.276960003269316,0.0,1.54
100298,33.0,Female,173.4,55.4,18.4,injured,Lower Leg,other,1.118155129,53.932856623439584,1.2440110136969964,0.7124999999999999,26.889728988956563,17.886512649053863,3.38671957544159,17.706991306336903,4.842320020328125,-1.4122167451314938,8.020832800087293,5.141762254540415,-0.701754385964913,1.87
100299,48.0,Female,161.0,58.8,22.7,injured,Foot,other,1.115326046,54.360345536816126,1.2310411232018992,0.695,29.011438231228027,15.260322897630758,9.137030328473893,15.01217416711017,9.090848183326935,-0.3035067497683461,1.9807088553740284,-10.502489143965542,0.0,1.7
100300,47.0,Male,173.0,76.6,25.6,healthy,No Injury,,1.11323537,51.836094939543216,1.2885699402106598,0.735,25.1655513310443,18.3867818632452,16.280663258508,14.390103003337762,4.359676583653226,-1.5071037671319036,5.982916021414395,1.478378924382152,-2.721088435374152,1.47
100301,44.0,Female,163.7,57.5,21.5,injured,Lower Leg,medial tibial stress syndrome,1.116932079,56.33802816901409,1.1895326643910795,0.6925,31.96907849677393,26.45222721447768,8.868409658463449,17.211183555920005,4.738687319932708,0.193577456141309,5.118080326490189,-16.617103528027,1.4440433212996402,1.85
100302,41.0,Male,170.0,69.5,24.0,injured,Lower Leg,calf muscle strain,1.109758346,52.863436123348016,1.2597613417606537,0.75625,33.11132648037096,31.297229720605955,12.290841629972745,14.345364374176404,5.34640274448438,0.1079526565567861,3.24346071060373,1.4712405847720074,-1.6528925619834651,1.9
100303,19.0,Female,162.3,54.6,20.7,injured,Knee,patellofemoral pain syndrome,1.207942517,58.06640440597954,1.2482072672417894,0.6666666666666666,28.7872547481062,14.673488963444557,30.50080348590017,9.412545010210764,11.855773111449096,-3.0718668641862954,6.559864697639974,17.557320443791326,0.0,1.48
100304,20.0,Male,177.4,73.0,23.2,unclear,Knee,patellofemoral pain syndrome,1.218282722,52.17391304347826,1.40102512982932,0.75,37.75022811355689,19.703944316902483,19.946872396498208,16.920937107400725,4.620905778872521,-0.6554159180689902,2.177136884341881,19.11107356882079,0.0,1.49
100305,30.0,Female,181.5,65.6,19.9,unclear,Knee,patellofemoral pain syndrome,1.214772739,55.38461538461539,1.3160038010987216,0.6958333333333333,30.902692901334888,18.333295342912862,19.98097865789288,14.03238781283702,8.234190375632473,-0.4639626515963106,2.19953884765761,16.037376940689615,3.5928143712574885,1.12
100306,25.0,Female,173.5,61.3,20.4,unclear,Knee,patellofemoral pain syndrome,1.213483363,51.06382978723404,1.4258429518137834,0.73125,30.315540122263087,11.00723617526165,17.04080654812602,9.58611874096328,6.6315722057584985,-0.4290303665725481,8.170455047689526,-2.8823036092766428,0.5698005698005678,1.06
100307,23.0,Female,163.1,80.1,30.1,unclear,Knee,patellofemoral pain syndrome,1.232422125,55.81395348837209,1.3248537846762074,0.6979166666666666,30.97729279138656,13.299496488287964,15.977942600703924,12.142249614219596,12.609116438905374,-1.2419698658038916,4.130469256278529,21.074482941297774,1.7910447761193966,1.33
100308,27.0,Female,173.1,66.5,22.2,unclear,Knee,patellofemoral pain syndrome,1.125988685,50.0,1.3510396638816924,0.7708333333333334,38.07235626110082,21.68551646843952,14.35904815596582,19.18622091011997,8.164598575229068,1.1207494744285496,2.238893656570288,9.157236605723597,-1.0810810810810771,0.95
100309,40.0,Male,180.5,75.4,23.1,unclear,Knee,patellofemoral pain syndrome,1.207791935,55.81395348837209,1.2983763305868836,0.6916666666666667,33.03880262044402,16.209020824111754,21.91548440255559,10.244468239919067,5.442551736404554,0.9587689658980432,9.949440768716292,-15.667228812372375,0.0,0.96
100310,26.0,Female,169.4,61.9,21.6,unclear,Knee,patellofemoral pain syndrome,1.132,54.54545454545455,1.2451439980751424,0.7,31.66070516899609,14.427510758758896,17.670921196797977,15.270358221362144,8.47583453234082,-0.4183957967342493,5.361565122639927,31.807223050405053,-2.3809523809523885,1.03
100311,35.0,Female,168.8,63.0,22.1,unclear,Knee,patellofemoral pain syndrome,1.213305528,56.87203791469194,1.280060543237779,0.66875,30.28594965905557,20.20040470393116,14.13798971241019,11.53450944278832,8.920208510887717,-0.3216240876536873,2.609705812611974,-16.508849297256496,-0.3738317757009432,1.06
100312,21.0,Female,157.1,54.4,22.0,unclear,Knee,patellofemoral pain syndrome,1.128280097,59.75206611570248,1.1329812640766457,0.65,21.40123557316429,11.338295703866116,29.57657515110181,11.102814953306904,7.192763753170475,0.6055505952515756,5.855217696766368,4.772378686892499,2.564102564102555,1.23
100313,46.0,Female,153.8,61.6,26.0,unclear,Knee,patellofemoral pain syndrome,1.129062687,61.53846153846154,1.10083612026299,0.6208333333333333,26.815772594701684,13.920770584455934,11.342736995731332,16.500625840758126,4.205251888252866,0.1084021457311495,-2.9819072145445897,5.835789287751853,-1.342281879194626,1.52
100314,22.0,Female,175.3,62.2,20.2,unclear,Knee,patellofemoral pain syndrome,1.120281762,51.986237097278696,1.292991867214584,0.73125,27.288519626441484,16.17457828047644,16.98134989292818,14.597182725354475,8.694822258180542,0.2320551720677677,5.386618149184102,-0.1837544941554018,-0.5698005698005678,1.13
100315,27.0,Female,173.0,61.0,20.4,unclear,Knee,patellofemoral pain syndrome,1.210228584,58.53658536585366,1.240484299092094,0.6775,30.02237202925062,20.68016823837054,17.82826828697698,15.045740061539334,9.092755622491309,-0.2142517094519145,3.64858972155684,-20.524063108721403,0.7380073800738014,1.31
100316,48.0,Male,181.1,88.0,26.8,unclear,Knee,patellofemoral pain syndrome,1.125944637,54.34039644565961,1.2432305370809966,0.7291666666666666,28.89418748533285,16.804415880834217,19.249400506974624,11.689842062467422,6.886358217057794,-2.3399932947984663,10.346751386324062,-0.2695380273656114,1.1428571428571388,1.18
100317,33.0,Female,163.2,57.0,21.4,unclear,Knee,patellofemoral pain syndrome,1.214086251,55.81395348837209,1.3051427193412708,0.6916666666666667,38.308610717124,15.29206212126913,16.40764897372616,14.04575405381577,9.891885605522129,0.3329513230238865,1.3885154721629054,-1.2102493900112177,0.0,1.01
100318,21.0,Female,167.9,55.4,19.7,unclear,Knee,patellofemoral pain syndrome,1.12259395,51.34523122469569,1.3120316785016657,0.7458333333333333,28.75327002608165,15.068350051720396,18.22288591858935,14.146543318104529,9.21710491447174,1.5395407560283862,4.866670902287032,-10.682854161493076,-1.117318435754186,1.48
100319,43.0,Female,165.7,68.9,25.1,unclear,Knee,patellofemoral pain syndrome,1.119035095,54.54545454545455,1.230938604727314,0.7083333333333333,26.01200246163927,11.498401352893698,16.905669771731766,13.970904064515365,9.198149256142631,3.0254641496321,6.35473869322301,37.47319918538431,2.352941176470596,1.07
100320,43.0,Female,176.7,65.6,21.0,unclear,Knee,bursitis,1.126879285,52.94117647058823,1.2771298562967643,0.7416666666666667,32.404493072468995,19.51294427719844,12.57438575943933,14.974674677387558,5.725683724343258,-0.3007729329136898,1.126244212865569,-40.07114531616845,2.247191011235962,1.85
100321,23.0,Male,173.1,62.4,20.8,unclear,Knee,patellofemoral pain syndrome,1.120440932,54.96183206106871,1.2231480177522878,0.71875,24.41673346645445,9.91969237541967,20.680133848782297,12.478122081943363,5.629948743222579,-0.1920277317624644,7.652211276898853,-11.40386984678352,1.7391304347826024,1.37
100322,30.0,Female,153.6,61.7,26.2,unclear,Knee,patellofemoral pain syndrome,1.122994248,57.142857142857146,1.1791439609075518,0.7,30.55151772796984,16.800950054187506,12.908636280436216,17.27797237989507,8.946051063585315,0.6595799642436195,0.9314312847926536,-15.755197750469211,0.0,1.28
100323,21.0,Female,162.6,59.9,22.7,unclear,Knee,patellofemoral pain syndrome,1.125540727,49.82758620689656,1.3553386250378083,0.7958333333333334,30.651385704707423,25.867478857924173,13.664951397921644,15.18004870202716,7.896186678759198,1.9173722856733977,4.590221589436744,2.7803004503924926,1.0471204188481775,1.02
100324,28.0,Female,159.8,54.4,21.3,unclear,Knee,patellofemoral pain syndrome,1.12389076,52.84599971375412,1.276084300965894,0.7208333333333333,31.38055295449803,14.943658485571936,13.315812227379492,17.485442829730445,7.7658467191120994,0.5769071276052602,3.13111342660655,19.8345301582307,1.1560693641618456,1.01
100325,34.0,Male,,79.0,,unclear,Knee,patellofemoral pain syndrome,1.131163694,51.613566289825286,1.314977794666713,0.7666666666666666,33.71965676651496,13.960236742443088,15.76376240908682,12.77217152789054,8.08887544468061,-2.061236996203087,5.08931909765518,22.47811703699312,-2.173913043478268,1.69
100326,25.0,Female,164.4,53.1,19.6,unclear,Knee,patellofemoral pain syndrome,1.12887513,60.50420168067227,1.11946783716719,0.625,24.65487170711685,11.682071881569447,11.606805449641064,14.016644620704035,6.608543945155526,-1.578901485284569,0.4437009902434994,28.43804712005246,0.0,1.21
100327,23.0,Male,184.7,71.2,20.9,unclear,Knee,patellofemoral pain syndrome,1.124514525,52.36432878451285,1.2886111561191669,0.7416666666666667,32.08900284771016,18.21296509491803,6.643922331856546,14.712719261604535,2.7233944509997228,0.467104604941869,-0.021155669721994,4.467437827617614,0.0,1.58
100328,30.0,Female,173.7,62.3,20.6,unclear,Knee,patellofemoral pain syndrome,1.1165,55.38461538461539,1.2094841284990596,0.6770833333333334,27.68009572345256,22.019949521961166,17.676659616399846,8.924918312901431,9.570026006371954,1.1768117924071806,1.3595030056986488,14.542462762088114,1.84615384615384,2.03
100329,34.0,Male,179.0,73.3,22.9,unclear,Knee,patellofemoral pain syndrome,1.115977318,52.36432878451285,1.278724009692,0.7583333333333333,26.846417755049004,15.853972499886376,15.8087388997185,7.380653216282122,5.662337072698956,4.065208880700244,7.18880157002761,-25.717898427147183,-4.395604395604395,1.56
100330,22.0,Female,171.8,56.5,19.1,unclear,Knee,patellofemoral pain syndrome,1.123970794,51.338698038529664,1.3134123428313007,0.75,25.82294240681525,-1.4180165669709237,19.48993461641539,13.415221947756132,10.333710523608604,1.9943673704064493,1.4278621826758184,-200.0,2.2222222222222143,1.11
100332,34.0,Female,158.1,44.9,18.0,unclear,Knee,patellofemoral pain syndrome,1.126458297,51.986237097278696,1.300120618203766,0.7354166666666666,37.19184532852773,18.374946265354872,17.935339943163882,11.116083007608689,8.372606560121266,-0.0746859493854317,1.5869017411169113,-1.0225472439195815,-1.699716713881029,1.91
100334,45.0,Male,181.3,82.9,25.2,injured,Hip/Pelvis,pain,1.115942148,50.63291139240506,1.3223914449086849,0.76,28.82750216942611,12.980901629262933,17.073816365373986,14.280777571081654,6.613915361659153,-0.6692480265337684,7.923102083725357,16.61184247710526,0.0,1.51
100335,43.0,Female,173.0,61.9,20.7,injured,Hip/Pelvis,other,1.116798464,53.932856623439584,1.242438290682431,0.705,25.47902923572559,18.74767820549923,13.680745980919475,12.652918438371684,6.3120517577059765,2.128187217267435,6.043248628546019,14.055867386536024,-0.7092198581560448,1.83
100336,42.0,Male,177.7,74.6,23.6,injured,Knee,pain,1.114207227,55.38461538461539,1.2070578292128036,0.7041666666666666,29.424416341481248,19.69082660617092,17.020680238741456,13.428560756950915,4.107055792632568,0.853426668143829,9.430534429114232,23.767749376009508,-1.1834319526627337,1.39
100337,58.0,Female,158.7,99.6,39.5,injured,Knee,osteoarthritis,0.481889959,36.1998361998362,0.7997336729027311,1.24125,16.220680702214736,24.892112113878937,5.509509073059176,15.988009902197602,13.705629220382743,-2.380255690144582,2.5301961014094614,27.61378810699357,0.6042296072507604,2.75
100338,22.0,Female,167.0,52.0,18.6,unclear,Lumbar Spine,pain,1.114207543,51.17294053464266,1.3065880894800004,0.7462500000000001,37.03349623207328,13.576354957854242,21.50127921011174,13.46817140719094,5.261958613438987,1.1370974267088851,4.218069331991185,-88.85559631069015,-3.015075376884432,1.28
100339,65.0,Male,179.0,65.6,20.5,unclear,Lower Leg,calf muscle strain,1.121751768,51.55764392481871,1.305603442471859,0.745,38.36223437663381,18.60335874389927,16.861557314728817,14.57230060958052,2.0252702935015345,0.5086014940305426,1.0491534524401924,-33.33749462919394,2.684563758389264,1.55
100340,27.0,Male,174.0,71.2,23.5,healthy,No Injury,,1.116180952,52.17489933647138,1.2836080949034043,0.7875000000000001,38.58727500076952,30.0127396413342,17.70452287436425,12.68433668931414,2.921869555969815,-1.7379701143415087,4.046257846528202,3.0775138502772825,-0.6349206349206354,1.53
100341,49.0,Male,178.4,78.3,24.6,injured,Lower Leg,other,1.119086217,52.40174672489083,1.2813537179428502,0.73,29.62720469468411,25.10381420828512,15.522295537059549,17.569842551438416,6.532441777750533,-1.0682593255069437,5.671129637847897,-1.3877906021178106,0.0,1.68
100342,42.0,Male,172.2,62.9,21.2,unclear,Knee,pain,1.115239961,55.55555555555556,1.2044591577168386,0.7,31.205940654796223,23.679523504018626,15.2759409698508,11.021363813373345,3.6407418611017945,-1.389127640423256,5.438095229778897,6.39394702767686,0.0,0.88
100343,30.0,Male,180.4,86.3,26.5,healthy,No Injury,,1.10321638,50.10460251046025,1.3214642825179488,0.775,27.476223989167693,12.534686427569174,20.03735074965136,2.6039543457960166,3.090139721458522,0.2120722886657324,4.829341177655499,34.58229286607556,-2.5806451612903247,2.21
100344,38.0,Female,172.7,62.1,20.8,injured,Sacroiliac Joint,SI joint pain,1.11822539,52.63157894736842,1.2747769444240484,0.7275,38.88470647725126,18.419170761858865,16.98638399664332,15.898521994370434,5.243133578888409,1.1593230902498683,4.920278592622029,-19.75710238624378,-2.0618556701030943,1.92
100345,32.0,Female,167.6,76.7,27.3,injured,Other,fill in specifics below,1.11853367,51.836094939543216,1.29477313010575,0.735,33.12517246362992,24.329490944395992,3.243567000579305,19.427554426949563,4.9779184924882784,-0.3796054369024737,4.548178820875916,16.845455063651816,1.360544217687076,1.2
100348,34.0,Female,156.0,47.8,19.6,unclear,Knee,pain,1.117061242,55.29953917050691,1.2120114479893536,0.6925,28.796192991033564,12.926763693205707,7.3970574199102685,15.912045469546168,6.705347030744751,0.0830959288727331,5.490889388202761,-16.060537601386198,-2.1660649819494444,1.08
100349,53.0,Male,172.5,81.2,27.3,injured,Hip/Pelvis,pain,1.113866559,52.00451722190853,1.2852650776060244,0.74,30.032478419786656,18.13503760550275,10.285949517327593,11.929450286990338,5.23107058735181,-2.858487527239077,6.812622267407329,23.242363853260667,-1.3513513513513526,1.24
100350,42.0,Female,161.0,68.8,26.5,injured,Knee,OA,1.171221154,54.34039644565961,1.2932233579229035,0.7208333333333333,34.04026277241732,10.667301902708786,16.504477296411242,12.587946054230514,7.835248481175167,2.434778842360161,6.048116581641373,83.93874743541862,1.1560693641618456,0.86
100351,55.0,Female,167.5,70.6,25.2,injured,Knee,OA,1.161607969,54.753643303261626,1.272880061439091,0.6958333333333333,27.694849869025063,12.586166063587076,20.39191821663124,12.314802694859694,10.910826723608194,1.120367491762272,4.977956865083844,-18.08300182379084,1.1976047904191576,0.82
100352,64.0,Male,187.2,88.0,25.1,injured,Knee,OA,1.16836464,51.06382978723404,1.3728284519319236,0.7541666666666667,30.790795764238283,14.885826333167309,18.447537382658645,14.101300113144545,6.750934312974443,-1.1047775773842927,0.1836774590744621,26.05676854600152,0.0,0.82
100353,50.0,Female,154.0,52.0,21.9,healthy,No Injury,,1.190812766,59.75206611570248,1.195938121781793,0.65,26.64918566242349,8.913446967569792,22.62391343483808,12.924113602135916,9.822768523005074,-0.411770681211788,0.704764596243689,-198.7066563076801,0.0,1.27
100354,49.0,Female,161.3,58.6,22.5,injured,Knee,OA,1.17089977,60.0,1.1708997695526957,0.6479166666666667,33.56064933150793,17.105654388607558,15.72394650191694,15.803869038705814,9.585362192315603,-0.0434187312447706,5.483460893914097,-31.98080085897674,1.9292604501607649,1.84
100355,40.0,Male,172.2,78.2,26.4,healthy,No Injury,,1.162510403,51.06382978723404,1.3711036254370292,0.7458333333333333,41.604594687819,21.21020002766997,26.66173743826683,11.587883376036045,5.419003358257338,-1.1785126292980042,10.70650076190606,14.651112739850982,-1.117318435754186,1.2
100356,49.0,Female,166.0,60.7,22.0,injured,Foot,plantar fasciitis,1.014960438,56.14058180860866,1.0847389681410804,0.6875,25.9373924787283,21.196479853927897,11.477207789360763,12.527396219478977,5.727916817934405,1.055265124602479,1.8021552330844703,1.50694023918509,-3.636363636363624,1.77
100357,43.0,Female,168.0,63.2,22.4,unclear,Knee,pain,1.11516155,52.63157894736842,1.271284167122597,0.73625,32.06700956573121,18.912716257786045,8.118800070377773,15.541905940947508,4.517266896708014,-1.706293308273147,4.862412454435413,5.970253544815883,-1.018675721561978,1.2
100358,31.0,Male,167.0,75.0,26.9,injured,Knee,patellar tedonitis,1.117119778,54.73225404732254,1.2246425566441714,0.7124999999999999,30.76837576296586,19.44736102542109,20.504278415296,13.046938105146891,3.187666886034634,-0.4529111166940511,2.1996868218936987,10.738044153987438,-0.701754385964913,0.91
100359,48.0,Male,182.0,66.6,20.1,healthy,No Injury,,1.118678637,49.535761656973776,1.3549994991409189,0.8075,34.206437060212295,19.359535270106,19.93848555524443,17.114101840877296,8.485582187133101,0.1865805965872762,4.236561111273041,-8.79585675010451,1.8575851393188727,1.17
100360,66.0,Female,172.0,69.2,23.4,injured,Ankle,pain,0.611579609,56.87203791469194,0.6470258607866125,0.7324999999999999,14.273677830160238,19.40832251975048,4.271010671365127,12.83006462021941,6.836010160613359,-0.5728823847967761,2.3555390816762163,2.227617936192432,-0.6825938566552908,2.83
100361,30.0,Female,175.0,82.6,27.0,injured,Hip/Pelvis,pain,1.117888407,53.333333333333336,1.2576244577560658,0.7062499999999999,32.86897176572239,19.859946335178392,10.52055662521921,16.018492230999215,9.784109952252916,-1.106036666907031,3.144509685552353,-0.3055055871691743,-1.7699115044247726,1.22
100362,36.0,Male,173.4,84.2,28.0,injured,Knee,patellofemoral pain syndrome,1.257356883,53.73134328358209,1.4043498561184116,0.7145833333333333,34.62054372688402,18.173811431628472,13.85103822330266,13.071124490425468,7.671977311907282,1.60596943565134,6.566208429012803,3.677856694245655,1.7492711370262328,1.38
100363,34.0,Female,166.5,57.6,20.8,injured,Knee,patellofemoral pain syndrome,1.235749004,53.13725490196079,1.3953994187100405,0.725,36.771930234974775,14.966562489822508,27.76847966193873,11.913090692753832,9.24905512746445,-0.8376493631002093,8.366785664460771,-10.586699053352236,0.0,2.09
100364,25.0,Male,178.7,75.3,23.6,injured,Knee,pain,1.119867887,61.38147566718995,1.0946708598878867,0.60875,23.616822653652832,23.918815081150623,7.963113054699814,9.694589217997033,5.942698439488813,0.023771170575479,6.225957473631508,14.160952290778823,-2.0533880903490687,1.54
100365,43.0,Female,162.1,67.5,25.7,injured,Sacroiliac Joint,pain,1.116205689,57.76198439241918,1.159458659155182,0.6775,32.71670080151813,25.15267301854134,8.062979780244868,17.25897807996825,8.217580773753564,-1.329552098315823,4.492608426777533,10.409401512635382,-0.7380073800738014,1.34
100366,48.0,Female,161.0,65.2,25.2,injured,Lumbar Spine,pain,1.1175183,54.7945205479452,1.2236825388301091,0.705,25.00609606111459,9.187255241435969,18.624017378901296,11.806086730877905,9.533791548764574,-1.0953173178581466,1.1429092509699892,-19.120943337987896,-2.836879432624116,0.76
100367,34.0,Female,169.2,63.6,22.2,injured,Thigh,hamstring muscle strain,1.119127947,53.45238095238095,1.2562211201378977,0.7324999999999999,27.175470758751946,17.419926732553446,23.51758173066936,11.229127257237153,8.702059822946197,0.9993289528160004,4.6625938605192445,-0.6489841151762107,-0.6825938566552908,1.73
100368,40.0,Female,161.3,60.1,23.1,injured,Knee,patellofemoral pain syndrome,1.118465175,60.60606060606061,1.1072805232129768,0.625,21.71199841579073,11.072017323424795,9.535608896944863,12.80258946056196,6.472144804869285,0.5646818169959542,0.1974648232024732,0.4156710907911692,-2.40000000000002,1.65
100369,32.0,Female,172.0,57.6,19.5,injured,Ankle,pain,1.117254494,56.7379057497988,1.1814966278380783,0.68625,24.132445167505125,23.15877015095933,8.315170260355671,16.78940860391556,5.88672974358138,0.0107474683895483,7.186391717790388,-8.90903250455021,0.3642987249544548,1.01
100370,57.0,Female,170.0,73.3,25.4,injured,Knee,patellofemoral pain syndrome,1.116772245,53.45238095238095,1.2535768451342353,0.72,34.61262727406313,12.189884162929207,18.026586768031223,14.742157088080925,9.038472461969365,-1.3837177449917766,1.890755293344777,2.666651150317902,-1.3888888888888902,1.58
100372,44.0,Male,171.0,84.3,28.8,injured,Lower Leg,calf muscle strain,1.117737875,51.61314192689064,1.2992499809855496,0.76875,39.52844453923871,26.49235854651688,13.591257167222766,14.192004967917596,5.775649400361046,0.4194519107376682,4.756914591923495,1.565530451278702,-0.3252032520325134,0.97
100373,36.0,Female,162.7,49.6,18.7,injured,Knee,patellar tedonitis,1.118404079,58.25242718446602,1.1519562013626856,0.6575,31.92224909087804,23.382992778923075,3.393083543890932,15.182138300750886,5.4192192534404935,-0.4639032534221574,1.8816551867601727,20.672847884454463,-2.281368821292778,1.59
100374,33.0,Male,186.0,87.0,25.1,injured,Knee,patellofemoral pain syndrome,1.115292949,48.3385153517295,1.384357373542811,0.7925,40.20940959117297,14.523440708471284,17.816829842559834,12.211308541695375,2.5694707195678705,-2.2243126501162704,2.657507824527766,-8.174136754749254,0.6309148264984233,1.26
100375,44.0,Male,184.0,84.7,25.0,injured,Ankle,other,1.116635026,50.314686544073695,1.3315872681785643,0.7575000000000001,20.97023082931662,17.536610363956807,8.29930414524057,12.8597207292201,4.406165068244034,-0.5650775536024895,3.332333272945274,34.98569501427112,0.6600660066006606,1.64
100376,24.0,Female,170.2,60.2,20.8,injured,Knee,patellofemoral pain syndrome,1.115898444,52.0609824957651,1.2863327727949918,0.7425,32.89024021723685,17.215746558977493,13.631837561735855,16.147713885310562,9.219925732778,0.5932470349649552,1.7520471904493262,16.36087006819883,1.346801346801348,1.25
100377,45.0,Female,169.0,57.4,20.1,injured,Knee,patellofemoral pain syndrome,1.113761168,54.7945205479452,1.2195684790312369,0.6924999999999999,32.96379897371793,21.480129832156123,14.195086324631584,12.326005743951434,4.364224215704109,0.4024573342198054,2.8427981556558723,-1.390340593739735,-0.7220216606498202,0.95
100378,34.0,Male,173.7,65.0,21.5,injured,Lower Leg,medial tibial stress syndrome,1.118129985,52.63157894736842,1.2765379242003967,0.76,35.91872208656554,21.93010569393868,21.256009769948182,19.43071217300086,7.704521810943831,0.2133630738594942,6.431390882233895,2.8868861043705367,2.6315789473684235,1.37
100379,49.0,Female,160.2,66.3,25.8,injured,Knee,pain,1.120173737,56.07476635514018,1.1985858990665976,0.7037499999999999,38.0345578083211,23.823748546993123,16.000173516684285,18.24665273507608,9.660358769795057,-2.03068226003648,4.873891221119617,20.714278973536384,-3.197158081705162,1.01
100380,33.0,Female,179.2,66.5,20.7,injured,Knee,pain,1.119258048,53.09734513274336,1.265126791804581,0.72875,27.793429014279468,19.551438258772897,8.75800819034212,16.48285808264199,2.6031898965849805,0.2582159547878122,3.2168685737504554,24.48470224312105,0.3430531732418451,2.02
100381,47.0,Female,175.1,101.4,33.1,injured,Lower Leg,peroneal tendonitis,1.122987637,55.29953917050691,1.2185785222930037,0.725,28.52422161121376,17.055503869285108,15.210444370481238,14.004935955902363,11.351362596853091,-0.2272998244088957,3.1014990201655706,9.18779068665286,1.3793103448275874,1.22
100382,33.0,Male,178.0,81.2,25.6,injured,Lower Leg,pain,1.115352324,50.95564370717634,1.3146765589212146,0.755,36.10853708294749,21.382486451992072,18.34202983903192,15.71769150364418,3.058149595868501,-0.5764192094850079,7.980644361837426,-1.98976406764778,-1.3245033112582794,1.53
100383,44.0,Male,179.3,94.2,29.3,injured,Foot,plantar fasciitis,1.11456937,53.57249626307922,1.248464159676289,0.7224999999999999,29.74191060119336,14.905436569755178,16.88138678736885,10.846628668387185,3.281170942675715,1.440834022933293,1.09527991538502,4.564976064085029,2.0761245674740505,2.87
100384,72.0,Male,166.0,65.2,23.7,injured,Knee,pain,1.113412377,54.73225404732254,1.2205991628624324,0.6975,32.340869428983865,15.272183752683052,15.247949981342256,12.311508509054296,4.906370288491155,-1.3394126923983078,3.40820859599324,-4.195865655455715,-3.584229390680991,2.37
100385,43.0,Female,171.1,58.8,20.1,injured,Sacroiliac Joint,piriformis syndrome,1.11851455,49.13014386082302,1.366007210663111,0.785,38.538296792109975,23.03180035270924,12.181480025264705,14.44827981439035,4.120877740515619,0.5419604658199613,4.895170974765949,15.405833278701316,1.2738853503184724,0.67
100387,51.0,Male,175.3,107.7,35.0,injured,Lumbar Spine,disc degeneration,1.113556791,56.07476635514018,1.1914581645341764,0.715,39.34301882545441,27.98651381187809,8.296753406512218,16.695464251734506,6.826502080354528,-1.756287844985537,6.1076505724033545,-7.541932764761182,1.3986013986014,1.29
100388,50.0,Female,163.5,65.4,24.5,injured,Hip/Pelvis,bursitis,1.357754351,63.82978723404256,1.2762890902687989,0.61,42.9342306132541,23.77239765262373,17.951149482155895,13.636792685639,5.642694139723339,-0.5563147251034497,2.200245384066848,-5.4188284955993735,0.0,2.32
100390,27.0,Male,182.0,70.5,21.3,healthy,No Injury,,1.117056554,50.2092050209205,1.3348825821567174,0.7625,33.549057497110255,12.770249029098752,11.937298594958506,15.187472319253327,7.2956402365154736,-1.2137095649937957,1.747472692175914,20.808400264500936,-0.6557377049180334,1.43
100391,63.0,Female,151.4,59.3,25.9,injured,Knee,osteoarthritis,0.574114916,46.06950216641613,0.7482973654664926,0.93125,18.65337809089226,25.09741611946653,2.323283751459384,12.704470932605329,7.269449414622277,1.348530624835628,4.169387232782856,-40.31568616158438,-7.78523489932886,5.59
100392,73.0,Male,179.6,68.9,21.4,injured,Lumbar Spine,low back pain,0.714122508,43.71599203715992,0.980099045461138,0.9675,12.578124803573472,25.918393971744543,-3.4744401304392696,17.790843135927382,3.812581352133482,-0.354432236094652,2.6050393707442847,-19.75151021347926,0.5167958656330753,2.29
100393,52.0,Female,158.0,51.0,20.4,injured,Foot,other,1.112881759,58.96841495218777,1.132357189431461,0.65,17.344608376614786,13.603939638385402,15.216560631689145,7.077917891872017,7.267726506104797,0.598718460042021,3.9065093477411055,24.081200781964053,1.53846153846154,1.83
100394,30.0,Male,179.5,72.2,22.4,injured,Knee,other,1.113503771,49.48474645444343,1.3501233219074098,0.7575000000000001,29.80170721271304,20.580044985843013,11.736815546088796,13.08621001123161,5.673911855165977,0.3337790775637782,5.744956117035532,12.497245432763728,-1.9801980198019813,0.95
100395,54.0,Male,179.2,72.9,22.7,injured,Other,fill in specifics below,1.114150355,53.09734513274336,1.25898990105598,0.71875,33.01721465024502,23.007124455543924,8.618579753470549,11.863403704754218,3.0984925975120934,0.7167337521941004,5.017785376044621,-4.854043912701332,-0.3478260869565143,2.17
100396,22.0,Female,162.5,57.3,21.7,injured,Knee,other,1.116156568,57.83166109253066,1.1580124390387962,0.66125,22.90288302290668,21.25235667209761,0.2250338582000525,15.783839702323348,3.8577999825040585,0.2258943261493573,8.149229722362897,-0.5680108721985825,-1.134215500945189,1.26
100397,48.0,Female,163.0,68.8,25.9,healthy,No Injury,,1.118789066,56.20639726207713,1.194307327487445,0.6937499999999999,33.6663844024348,14.999627353781596,20.426970884543792,12.78109214249716,7.353928561373097,0.8440144362536426,6.806406203674496,-17.19973292092863,-0.3603603603603687,1.21
100398,74.0,Male,184.5,100.9,29.6,injured,Knee,pain,0.415102802,44.44688323090431,0.5663560636929674,1.005,15.556772298277792,48.2019722552996,-19.60507017706769,23.813122686853426,-0.274011034296616,-0.1370468735947614,-0.0932518820968162,4.800949127969501,-0.4975124378109347,5.14
100399,33.0,Female,165.1,61.0,22.4,injured,Lumbar Spine,pain,1.1113231,53.57142857142857,1.2446818724074202,0.7324999999999999,33.74084968145496,21.67009936209724,15.35651832907989,9.696131665537472,4.614537416578437,-1.07928906213104,8.506996678741068,7.514339275180611,-2.0477815699658724,2.53
100401,53.0,Male,176.0,85.6,27.6,healthy,No Injury,,1.118945137,53.81165919282511,1.247623828220355,0.735,32.38691927692207,20.35978571566482,16.823415786530898,17.34464525363765,2.331689341481024,-0.6284817588676341,6.0231041676664105,6.270244702148608,0.0,0.83
100402,40.0,Male,180.0,78.4,24.2,injured,Other,fill in specifics below,1.115759082,54.92019605378911,1.2189667966530373,0.6925,27.26056965858811,12.55137533138125,17.990669858781736,12.345000098723006,-0.1751505012167914,0.2739263058666092,3.486486347823097,-12.608794048073618,-4.332129963898921,2.19
100403,42.0,Male,184.0,72.6,21.4,injured,Knee,meniscal tear-lateral,1.116734263,51.33707494222516,1.3051831693070763,0.7775000000000001,34.347869743525905,22.206966116700755,18.782224797828,13.922211504434136,5.819763452482562,-0.3358474123882224,7.404467654794945,26.503844107184023,-0.6430868167202577,1.45
100404,53.0,Male,176.0,104.8,33.8,injured,Foot,plantar fasciitis,1.215159334,51.17294053464266,1.424774319009972,0.7625,37.251945128771695,23.834228280767576,9.918205002087856,9.747210034886168,5.580681916575501,1.1691693401142813,3.884740427566751,-8.184344858641643,0.0,2.16
100405,45.0,Female,168.5,77.6,27.3,injured,Hip/Pelvis,bursitis,1.118996704,52.863436123348016,1.2700612590249607,0.74125,33.91040469171077,19.948978446100323,15.48443716826289,14.324126812837992,9.731875334807553,-0.2590529148220242,4.531155291781249,19.534967985112864,-1.6863406408094526,1.3
100406,43.0,Female,175.0,72.6,23.7,injured,Lumbar Spine,disc protrusion,1.117082153,55.29953917050691,1.2120341357048716,0.70875,22.82832457610175,14.923004375576786,17.549468375447447,8.315875857175861,6.689359410893223,0.7390793525499573,6.102268663755709,-10.369814270549224,-1.0582010582010513,2.12
100407,54.0,Female,160.0,54.0,21.1,injured,Hip/Pelvis,bursitis,1.211036572,59.70149253731344,1.217091754611158,0.6312500000000001,34.62522476122126,24.83717609213805,12.062257933449448,12.073836547722395,9.04011232389566,0.3774905769319689,6.399962975567339,-13.672093854732116,2.7722772277227654,1.29
100408,34.0,Male,181.0,77.6,23.7,injured,Hip/Pelvis,pelvic dysfunction general,1.109434473,49.58677685950413,1.3424157123970737,0.7825000000000001,32.496553609098726,18.73319150397934,15.373533813101943,6.239789423706053,5.482420284815872,-0.5953138141152929,5.181348085771136,24.828059950258847,1.2779552715654965,1.6
100409,37.0,Male,183.3,103.9,30.9,injured,Foot,plantar fasciitis,1.119848024,50.52653972981598,1.3302694849479302,0.7987500000000001,41.57623222315021,22.67126448394876,14.728637002647847,16.426442250776496,4.2364747797804965,-0.3717598733014604,7.522904732450702,-1.2696972952368335,0.3129890453834049,1.39
100410,37.0,Female,171.0,68.5,23.4,injured,Knee,osteoarthritis,1.119081552,52.40174672489083,1.281348376592656,0.745,24.76352031045513,7.56802008521529,10.83337109871438,14.999366227513937,11.158690128714197,-0.964922657366566,1.6595417869410016,-15.004499146662925,1.342281879194632,0.9
100411,27.0,Female,170.7,57.3,19.7,injured,Foot,metarsalgia,1.118841114,54.7945205479452,1.225131019989913,0.6924999999999999,32.07120043451556,14.022990309789115,14.223850557956906,12.733969334714349,1.941377192728784,1.9898542921703344,2.309327297709028,-13.407216785489906,0.7220216606498202,1.29
100412,40.0,Male,180.0,94.1,29.0,injured,Ankle,dislocation,1.114063722,49.07995985279358,1.3653424299365318,0.7887500000000001,34.7253902329868,25.55118216994028,13.77623197608705,15.41971969504444,6.449333122589355,0.5910942645749098,3.586749205264878,4.625448022621021,-1.584786053882734,1.03
100413,56.0,Male,183.2,77.1,23.0,healthy,No Injury,,1.124681425,53.333333333333336,1.2652666034347877,0.7162499999999999,25.22821182319143,22.16865792063445,4.759125005536034,16.132202863202565,8.368867871908868,0.9647294561243565,3.3974700473892208,0.3054192980257471,-1.0471204188481762,2.41
100414,26.0,Female,177.0,67.5,21.5,injured,Thigh,ITB syndrome,1.11939933,52.230871463831406,1.2859099804691934,0.7625,41.15073861643828,22.06689237296793,12.91782765531568,17.103692357895873,5.29653510283633,-0.6003662361848063,5.722069983653314,-8.291514419278268,0.6557377049180334,1.01
100415,41.0,Male,172.0,86.7,29.3,healthy,No Injury,,1.114856745,54.17634829399535,1.234703845117016,0.705,25.82563423938771,21.46983353493472,5.394869343926921,14.605211305568108,3.792717699546122,1.061452427667095,2.828976812912534,14.675087112746604,-1.418439716312058,2.07
100416,32.0,Male,183.0,72.8,21.7,injured,Knee,pain,1.115202311,49.63949080477434,1.3480007930048932,0.7575000000000001,24.35965333591992,16.300447542108763,12.60865781325182,12.179589193883183,4.8691241607874645,0.4792243771824445,3.484438355131581,-2.2418280246054256,-0.6600660066006606,2.24
100417,46.0,Male,177.2,96.0,30.6,injured,Thigh,ITB syndrome,1.116411585,50.10460251046025,1.3369028725687464,0.7775000000000001,32.286075965439125,15.023346859921157,14.631252403286537,12.557554912472238,4.702130143249142,-2.1117096705353844,10.11686041279043,45.21520692124884,-0.6430868167202577,1.28
100418,36.0,Female,160.0,55.0,21.5,injured,Hip/Pelvis,pain,1.118487337,56.60377358490566,1.1855965771939814,0.67125,30.52809456456862,18.964802214835856,11.833658253259966,13.507567933882054,6.033107170513119,-1.40382620527595,4.789246455392277,-6.239187066352651,1.1173184357541992,1.58
100419,34.0,Female,172.6,62.4,20.9,injured,Knee,other,1.114788753,51.44806489094052,1.3001223828911628,0.755,36.67340320369209,23.88880208161818,7.97814194082496,16.062515930738957,3.3850104756948154,-1.229791707976002,4.16653153309676,3.1439558680141504,0.0,0.82
100420,44.0,Female,157.0,49.8,20.2,injured,Lower Leg,calf muscle strain,1.119927708,56.07476635514018,1.1983226474698006,0.695,33.97022644734005,22.46534075862977,11.79646501174967,11.569737026019324,8.47461640109142,0.5378095572328148,8.151341465632681,8.330450410122216,0.0,1.22
100421,35.0,Male,172.0,72.0,24.3,injured,Sacroiliac Joint,SI joint pain,1.116242615,49.07995985279358,1.364606597368248,0.795,33.40865349603325,22.23028092420797,13.515131332401277,15.257102238452864,2.534695172261643,-1.446286944647029,8.656763692187909,11.620166074561856,-2.5157232704402537,1.43
100422,38.0,Female,169.3,80.7,28.2,healthy,No Injury,,1.122536406,50.52653972981598,1.333011982360986,0.765,39.34235965393273,21.79682978837763,14.215055528828495,12.144567267543104,6.090857095360031,-0.0227086677217227,3.215132239529864,-13.756498013794529,0.0,1.09
100423,54.0,Female,158.2,60.2,24.1,healthy,No Injury,,1.118051022,54.237495413966,1.236843943520233,0.73,35.615629816772326,21.316739679535605,11.94275827433899,11.809293709943471,8.921551166488337,-0.1582088363119995,4.455749858926245,33.66792054550011,-1.3698630136986314,1.24
100424,54.0,Female,173.6,84.2,27.9,healthy,No Injury,,1.112035631,50.10460251046025,1.3316626686728297,0.775,35.265539137404346,18.81136926481389,7.900933096898891,9.380252475238596,7.879126445623141,-0.2255349376814241,5.7155003645134,19.72924411934169,1.2903225806451624,1.14
100425,56.0,Female,157.5,59.9,24.1,healthy,No Injury,,1.12406491,52.80547182935312,1.2773010611633997,0.7375,30.444816472857184,20.655530515268445,11.944653495695247,15.601544191278728,8.636663134232306,1.55809686217182,4.015423087133746,-23.61126733566309,-0.6779661016949158,0.82
100427,31.0,Male,181.0,81.6,24.9,healthy,No Injury,,1.119594077,52.74750753535822,1.2735382625468028,0.74,30.00504515059697,23.61523816070656,8.306307884471915,14.38974792472838,4.75825747737963,-0.4220062688537219,9.504835699422692,-15.404943808638032,0.0,1.6
100429,66.0,Male,169.1,72.0,25.2,healthy,No Injury,,1.11475149,52.28782988418455,1.27917733456876,0.7525,33.79770529670017,25.53105170678979,9.089878217129517,15.18325225690712,5.948350756853047,0.1315741802719144,6.9079404421207045,18.760448197471835,-3.322259136212628,1.95
100430,35.0,Male,177.1,69.1,22.0,healthy,No Injury,,1.117941219,52.98039062804569,1.2662389770574456,0.745,36.29300984827432,24.22544596700284,10.617402716028156,14.088496449075476,5.382064153448465,0.212792695945496,2.7672648500925026,4.894683735148277,0.0,1.31
100431,41.0,Female,176.0,65.4,21.1,injured,Sacroiliac Joint,piriformis syndrome,1.117340327,48.88003982080637,1.3715352515785482,0.795,46.97808039742768,23.236783709782152,29.848034707913904,13.420424339083793,5.575353935940647,-0.2880181741591827,5.569086306687505,5.392078379132653,0.0,2.99
100432,57.0,Male,174.7,82.5,27.0,injured,Knee,pain,1.114089539,52.0609824957651,1.2839881936744493,0.7424999999999999,27.63429180987237,23.39762146868453,13.913310495793304,11.1080314183774,5.56533904658852,-0.8324783476032547,7.0945452063414045,6.707426760955064,0.6734006734006741,1.73
100433,53.0,,,,,injured,Knee,pain,1.113930467,52.74796049806784,1.2670959067116396,0.74375,28.465060895617853,14.7671817023393,11.425149089298674,13.483134690151882,7.523311528438615,-0.5416133721988863,7.034609293019421,30.954754229264296,-0.5602240896358524,1.0
100434,51.0,Female,,,,injured,Lumbar Spine,disc degeneration,1.107742488,60.88876228457485,1.091587910067229,0.6291666666666667,24.85040605886832,19.446877044976823,9.854810928065763,9.032798617313354,7.180339105713379,0.7913574063467551,4.478160753836245,-22.43648238344812,1.3245033112582734,1.17
100435,52.0,Female,169.9,72.2,25.0,injured,Knee,OA,1.168796059,54.753643303261626,1.280805680986624,0.6916666666666667,39.00643348463655,25.89175124870143,10.714330021678029,12.255564536084329,4.480375791579514,1.7180494041856371,9.75668294755492,0.6842668820880298,4.819277108433734,1.11
100436,56.0,Female,159.0,67.6,26.7,injured,Knee,OA,1.165951068,65.45454545454545,1.068562929124446,0.5833333333333334,23.53396985524938,14.112913833691245,11.782976236769615,12.398717685757708,6.485778491406855,-1.70377709997672,1.9277218012312467,-19.09791948458801,0.0,1.25
100437,62.0,Male,178.5,75.2,23.6,injured,Knee,OA,1.16809923,54.13533834586466,1.298758711518233,0.725,37.76130539403482,21.09413627719116,7.567944752309906,17.198849394880412,2.481446154379159,0.5067689398357429,5.484214315895527,-17.90384042816788,0.0,1.3
100438,56.0,Female,165.8,62.0,22.6,injured,Knee,OA,1.155949159,50.43952526346892,1.3750978534006837,0.7583333333333333,33.24644720006455,17.418047476131655,22.48877933117965,7.633522580905092,7.583895452881258,-1.2477675167171585,9.779484693976071,3.113036022199497,-2.1978021978022046,1.14
100439,52.0,Female,172.0,70.0,23.7,injured,Knee,OA,1.169078673,51.986237097278696,1.349311634543401,0.7583333333333333,33.231399829719265,17.105412759982883,28.057709500147705,13.783289046197394,11.45570675862339,-1.5975834728324885,1.886557991945208,31.507081665261087,0.0,1.02
100440,59.0,Male,173.1,71.4,23.8,injured,Knee,OA,1.174614039,51.06382978723404,1.3801714961503435,0.7666666666666666,40.181399462673824,19.967633488800573,18.287465473421868,13.680211102025964,5.112814662131832,0.018377851688851,8.432116465093141,6.965518028265207,2.173913043478268,1.14
100441,65.0,Male,181.3,87.0,26.5,injured,Knee,OA,1.172555046,54.857737682165165,1.28248208154938,0.7083333333333334,27.980386248957046,16.116573603284948,15.940424972269058,11.209720228469603,9.085138088343706,-5.320898374501181,7.627903248141365,-4.415493510287678,0.0,1.63
100442,57.0,Female,175.0,82.6,27.0,injured,Knee,OA,1.151999633,56.25,1.2287996080695776,0.7,36.25140581747252,19.852625872907986,11.331091848899508,14.432754524298602,5.757118267401097,0.4692819658721247,10.6159707442151,-15.235097878528109,0.0,1.14
100443,46.0,Male,192.0,88.8,24.1,injured,Knee,OA,1.161459796,47.21362229102168,1.4771157921487128,0.8125,38.07698792047154,20.50677069056068,14.911550100333416,12.761635836745407,5.199485575842061,-2.0513067421217035,9.878033106745008,0.6807462025954732,1.025641025641022,1.81
100444,45.0,Female,169.0,58.8,20.6,injured,Knee,OA,1.163468031,52.17391304347826,1.3377601996165012,0.7125,28.567308532224104,14.309126920688772,18.734689169959445,12.494684641454452,7.841006943673067,-0.6301514992064621,4.647285698479245,9.31131578737211,1.1695906432748495,0.96
100445,47.0,Female,162.0,62.0,23.6,injured,Knee,OA,1.152795931,57.142857142857146,1.2104357274919122,0.6666666666666666,28.21028434746796,4.671855052968541,18.55195943700506,9.917321244600972,7.137271962787955,0.8271021856977144,4.035666431502837,-69.11813698420447,0.0,0.74
100446,45.0,Female,174.0,62.4,20.6,injured,Knee,OA,1.154679875,53.333333333333336,1.299014858826152,0.7166666666666667,30.50885052981596,7.422320989645272,22.8933094850943,8.474990035572212,8.630951111914449,0.6959827362257385,6.443220233768998,6.808635175743564,2.325581395348829,0.68
100447,42.0,Female,169.0,69.4,24.3,injured,Knee,OA,1.154108033,54.753643303261626,1.2647100528147477,0.6958333333333333,25.03908059131976,6.350180574400836,17.395540922659467,10.388668559147089,10.62060553574302,-0.916615027979985,5.67837626581845,170.46682260705114,-1.1976047904191576,0.87
100448,42.0,Female,157.4,65.6,26.5,injured,Knee,OA,1.157413417,55.38461538461539,1.2536779743489703,0.7041666666666666,40.86447773884223,22.49055448498444,15.33174821612212,14.891194803644416,9.9471765382353,-0.0392002651339471,6.132853241618543,-0.6558173394888345,1.1834319526627337,1.08
100449,44.0,Female,164.0,71.4,26.5,injured,Knee,OA,1.171002771,57.371428571428574,1.224277075297176,0.6666666666666666,18.81150666861604,8.68145400855932,19.08485997663043,10.733694125988947,10.92914553442323,0.2895204625533654,5.248041555997739,26.33117630387148,0.0,1.53
100450,48.0,Male,168.0,83.0,29.4,injured,Knee,OA,1.161181025,54.54545454545455,1.277299127784162,0.725,28.67931921160116,18.221829981290945,23.250333028720952,16.23081001469711,7.707427866123812,-0.1010363918860799,5.430313665974312,34.49283794836139,0.0,0.79
100451,54.0,Female,168.2,66.4,23.5,injured,Knee,OA,1.162437502,52.17391304347826,1.3368031271611271,0.7333333333333333,29.46203528720557,4.948551252202512,26.22169247110741,9.621096786640212,9.418298926493168,-0.0272801046873796,8.483676084540262,181.07083277604937,0.0,1.18
100452,62.0,Female,171.0,77.8,26.6,injured,Knee,OA,1.166991293,59.38219753420945,1.179147452314245,0.6708333333333334,26.51189913674688,23.10274134734613,18.11881477133464,14.954947427020638,11.10254437075866,-0.9870900881231084,4.907781485660429,-4.794589020469703,-1.2422360248447326,1.46
100453,54.0,Female,152.5,52.6,22.6,injured,Knee,OA,1.170510489,57.832258064516125,1.2145667201312829,0.6791666666666667,30.68811464237405,10.641513875928466,18.289266080353144,14.43059497924316,9.944113654267342,1.1213835366835605,4.6540514240058215,18.37279595568816,1.2269938650306704,1.19
100454,63.0,Female,164.3,75.4,27.9,injured,Knee,OA,1.160503481,60.76057541660733,1.1459971870543142,0.6375,35.44156594125309,20.33240557590362,10.737605027411371,7.6079369016472675,8.877384472166236,-0.0588746312194246,3.284134171337169,14.919094958101171,-1.307189542483673,1.79
100455,47.0,Female,170.8,64.6,22.1,injured,Knee,OA,1.172877493,52.55474452554745,1.3399522675578834,0.7625,30.467159790059554,12.3346097448151,15.466898940839968,15.075951120534212,10.964256096082034,-0.2819550822974288,4.377594563380154,30.66591904903024,1.0928961748633987,0.77
100456,43.0,Female,176.7,64.6,20.7,injured,Knee,OA,1.153710748,53.23529411764706,1.3012408202482215,0.7458333333333333,32.26444387973197,14.485475552258777,12.851710243257964,14.53827516557087,11.587676456578455,2.677981338332196,5.06676616268013,-13.452208690667236,1.117318435754186,1.11
100457,52.0,Female,160.8,67.6,26.1,injured,Knee,OA,1.165966183,56.25,1.2436972618395048,0.6895833333333333,33.319783929572736,20.690575615503327,14.892082683571358,15.600424724595516,5.122563625060802,-2.014847196676543,8.526025761115491,-9.226306478464338,0.6042296072507531,0.84
100458,66.0,Female,164.0,70.2,26.1,injured,Knee,OA,1.179015155,60.0,1.1790151551015469,0.6166666666666667,36.56091926712702,26.022524458973507,2.2795743919610683,10.84083383797472,2.5609633977803785,-0.2501448296804381,2.9778195001166985,-2.783194104270711,0.0,1.99
100459,65.0,Male,168.1,80.0,28.3,injured,Knee,OA,1.150145461,55.49194991055457,1.2435947798424691,0.6875,32.02224833685733,23.119278287546944,13.570524551563835,10.05612086212469,3.6437684452484063,1.4125578125014973,11.054618596462788,-24.421545944462466,1.2121212121212075,1.64
100460,59.0,Female,163.0,58.4,22.0,injured,Knee,OA,1.162082965,52.17391304347826,1.3363954098621051,0.7375,34.875205460939185,15.220032291576292,14.726689396419228,13.496878748772556,7.804363519908882,1.8851361469789267,2.7446466351714567,-0.2639986863502653,1.1299435028248697,1.22
100461,46.0,Female,164.0,77.4,28.8,injured,Knee,OA,1.159567197,53.333333333333336,1.3043023484446783,0.71875,26.452455460463625,19.26324014174917,23.60540542009408,6.093514588194007,9.740814792179016,0.8125392723084559,2.72682988460112,17.556235025546457,1.7391304347826024,2.33
100462,57.0,Female,165.1,64.6,23.7,injured,Knee,OA,1.144682952,55.59928443649374,1.2353036854426156,0.6958333333333333,28.277465130888288,14.586487242279482,17.62680518322322,11.384335744595312,5.455736666486905,1.8461076701048824,6.743877001741411,-16.65431977474462,-1.1976047904191576,1.44
100463,65.0,Female,163.6,92.0,34.4,injured,Knee,OA,1.139977892,56.69467097862767,1.2064766024350648,0.6708333333333334,18.79935191799194,8.23201977374131,12.921525148280796,7.939105701092046,15.05488807820674,-0.8190066872540571,7.231838333325966,5.976766527983348,-1.2422360248447326,1.24
100464,68.0,Female,149.6,57.2,25.6,injured,Knee,OA,1.170489214,64.00126422250317,1.0973336383165408,0.5958333333333333,31.65759470729185,17.033683386316028,7.982837735925868,17.048735864482822,7.959232403841715,-0.2820937477220073,5.047023319030613,5.914828175166238,1.3986013986013937,1.3
100465,45.0,Female,160.9,57.8,22.3,injured,Knee,OA,1.16864643,60.50420168067227,1.1589077102151213,0.6416666666666667,33.4004255742766,15.054265067406387,4.774535955421874,16.64037768259011,6.461696828761192,0.5773056045962965,3.5960507357013256,-12.467328633860651,0.0,1.7
100466,79.0,Male,174.2,77.8,25.6,injured,Knee,OA,1.171444576,58.77648940423831,1.1958496713990423,0.64375,40.44370116083985,29.285008467846296,19.811001293162,15.26328356113612,8.091446823669653,-0.2638652269962731,5.852954353951128,1.8810533908904687,-1.941747572815544,1.35
100467,50.0,Female,160.0,51.6,20.2,injured,Knee,OA,1.167058344,63.1578947368421,1.108705426970192,0.6041666666666666,24.423046382265085,20.902670109360148,14.227568956030266,9.814728359366974,6.847559021900082,-1.0986831526733336,8.668210375824644,19.806282414646653,-1.3793103448275814,1.17
100468,56.0,Female,146.0,62.8,29.5,injured,Knee,OA,1.170720749,65.45454545454545,1.0731606863360377,0.6125,29.72725421720878,23.681099671212312,16.506553683940766,13.233314581723128,10.338083392709294,-2.3349008703840743,3.660938676819862,3.1274546774726035,1.360544217687088,1.41
100469,60.0,Male,179.2,81.4,25.3,injured,Knee,OA,1.25192407,57.6,1.3011579418100183,0.675,44.325344071199,28.62440176898795,16.655952764617957,8.878238373187582,5.82986743323025,-1.8791270310939183,8.003432481128527,-1.4773490939909502,-2.469135802469143,1.72
100470,42.0,Male,178.4,86.2,27.1,injured,Knee,OA,1.171572591,51.8963922294172,1.3546308079009717,0.7458333333333333,33.161181136370885,13.931963153044038,15.036733958765804,13.63918577654416,7.890920904609175,-0.1926539712098234,6.299121924915925,-0.0287564485108924,3.351955307262573,1.36
100471,56.0,Female,157.0,58.4,23.7,injured,Knee,OA,1.15978275,55.59928443649374,1.2515988844643668,0.6875,26.955776692276743,23.836832443911977,11.626100626192734,10.11779148210853,6.053579121309515,0.442133606707608,11.31762011728719,-1.5632685889358409,-1.2121212121212075,0.97
100472,67.0,Female,158.5,61.0,24.3,injured,Knee,OA,1.164017593,54.54545454545455,1.2804193522652982,0.7,29.787452623321883,17.565040157473355,17.942260251504,11.91826254570843,8.327085237494137,-0.2197025223645228,6.922956970891265,-21.22625649967941,0.0,1.51
100473,45.0,Male,179.0,68.4,21.3,injured,Knee,OA,1.156637143,51.246200607902736,1.354229321759863,0.7333333333333334,29.52541102036264,26.34373834470903,17.728433933359838,13.529502435563437,5.959491341834768,-2.569110962981047,9.855354448998044,12.304545302459076,2.27272727272728,1.18
100474,51.0,Male,178.2,87.6,27.6,injured,Knee,OA,1.145087934,52.94117647058823,1.29776632518297,0.7416666666666667,28.5371023895886,16.329602744990922,20.87247738749894,11.494031947992616,7.275766982671207,0.2442157259042607,8.702321812079086,-16.565689372513,0.0,2.23
100475,51.0,Female,162.5,64.2,24.3,injured,Knee,OA,1.177339313,59.01639344262295,1.1969616347070853,0.6666666666666666,31.43655544108421,21.20479578994744,11.46661127984424,15.460812203175331,2.99420224781836,-2.4513314548979284,8.745298870306286,81.7224885235122,0.0,1.27
100476,44.0,Female,171.0,60.2,20.6,injured,Knee,OA,1.158264163,53.53383458646617,1.2982210830867078,0.7083333333333334,32.823337017113204,16.28201275909698,15.834540118303291,14.099872745906907,9.63016749380284,-0.9807786940397129,7.930826882235639,13.543557517059964,0.0,1.39
100477,53.0,Female,157.9,53.8,21.6,injured,Knee,OA,1.148240936,56.25,1.2247903318135178,0.6833333333333333,31.241282126625208,21.540029367603523,4.828310381058224,15.228863122067027,3.813163232729874,-1.9187993625008908,8.452223996917999,12.882615667986936,0.0,1.13
100478,75.0,Female,170.0,69.0,23.9,injured,Knee,OA,1.15020133,55.06752789195538,1.252441417883402,0.7,23.630246146616145,18.55485449929448,13.355865772089093,9.615602893241626,9.095857202291205,1.2911215284808084,5.400904831325335,14.793383346355265,0.0,1.4
100479,65.0,Female,149.2,61.4,27.6,injured,Knee,OA,1.164498761,55.59928443649374,1.256688245730096,0.7041666666666666,37.85414384194286,14.175338717175949,16.84154935209635,15.329669214858711,9.43989373367704,2.1119797809929075,8.351494455911082,-132.65773461248168,3.550295857988169,1.54
100480,44.0,Female,173.3,78.8,26.2,injured,Knee,OA,1.172503091,55.38461538461539,1.2691165903356405,0.6916666666666667,27.46893083702136,22.45895676610997,9.477351160067506,15.041348579926597,7.803296074064061,1.3334732184823777,6.832099110764327,1.2898612698307197,0.0,0.83
100481,46.0,Female,150.9,83.6,36.7,injured,Knee,OA,1.183427919,64.72007722007723,1.0971363000206449,0.6125,41.15534909821997,24.41224183142651,11.566531722821177,21.448506645277845,12.226608475409693,1.9627490045355769,2.222962924790601,-25.78324755829203,1.360544217687088,1.63
100482,49.0,Male,180.0,80.4,24.8,injured,Knee,OA,1.213685349,53.333333333333336,1.3653960178233282,0.7375,29.77427170415621,9.94969856289563,21.36774051931611,16.5647231168117,11.241111084914206,-0.0244289160800348,8.526174792647668,63.25045944277337,1.1299435028248697,1.0
100483,53.0,Male,178.5,81.8,25.7,injured,Knee,OA,1.224328159,58.65653738504598,1.2523703559332364,0.6833333333333333,42.18217936672363,24.222428985427896,15.50215859124436,22.65204787031989,9.697084603721578,0.8375805439485324,5.590197689609603,11.316452120852896,0.0,1.42
100484,42.0,Female,164.2,54.4,20.2,injured,Knee,OA,1.174656433,55.59928443649374,1.2675209900065898,0.7041666666666666,30.402524437854936,24.825023179298583,15.176448395697452,17.486680117332607,6.834270896573583,-1.2884453647323175,6.809210717831089,1.890784656294042,1.1834319526627337,1.94
100485,63.0,Male,183.5,79.2,23.5,injured,Knee,OA,1.110715085,52.55474452554745,1.267970306726369,0.7354166666666666,40.82442320865744,23.032164697980875,10.073736938604384,14.404348365679096,1.7181564624840495,1.2133367911351391,7.604370980788703,-32.67725387816682,0.566572237960353,1.7
100486,71.0,Female,175.0,84.0,27.4,injured,Knee,OA,1.214494401,58.53658536585366,1.2446531166361854,0.6666666666666666,30.66063334133844,10.184413209825788,16.87287707756887,15.148601644181865,10.999922537312568,-0.8314059295947509,1.2648202563351632,14.920716455261005,0.0,1.61
100487,48.0,Female,165.3,61.2,22.4,injured,Knee,OA,1.106711479,54.54545454545455,1.217382626615712,0.6958333333333333,23.76428869984551,18.907060388192,12.416377536481596,14.046785997723436,8.239130353635193,0.666833984812689,4.613678871388773,7.633409534101815,3.5928143712574885,0.9
100488,82.0,Male,185.3,85.5,24.9,injured,Knee,OA,0.411213723,40.62083412683299,0.6050726488226441,1.05,12.22447972525623,23.531126584364227,0.2857455174318888,19.12281358890061,2.476680934989113,1.87980683881926,-0.2615500610242005,-7.569579604994138,1.5873015873015817,2.13
100489,57.0,Female,180.7,73.8,22.6,injured,Knee,OA,1.120346474,60.3781512605042,1.113307521594495,0.6416666666666667,27.17063978762832,22.4862420449492,-1.8398535902166373,17.018145822695242,5.054079149176368,0.9455154208466529,0.1834223559703203,17.765832805041878,0.0,1.77
100490,62.0,Male,176.0,83.4,26.9,injured,Knee,OA,1.127418755,54.44292549555708,1.2425094191032915,0.7041666666666666,22.3684302542624,17.459503187423422,14.64728023120811,13.326572439366286,3.768464427958082,-0.2919048132445103,14.085921490104209,27.32604520926603,-1.1834319526627337,1.6
100491,58.0,Male,173.7,79.2,26.2,injured,Knee,OA,1.126641144,54.13533834586466,1.2486939341758694,0.7291666666666666,28.92593790987541,22.084311985373493,17.282216290261655,11.080839947546403,4.71022858943692,-1.2626645730805897,9.016970062558826,12.88199042311922,1.1428571428571388,1.11
100492,51.0,Male,180.1,77.6,23.9,injured,Knee,OA,1.119812719,45.86264594677045,1.4642437023908248,0.85,41.58540090666088,21.192421563568537,20.25441776442105,12.769515808065488,5.125564527486305,-2.942167285751455,4.2141594654510985,-12.914299965717976,0.0,2.0
100493,46.0,Male,168.7,75.7,26.6,injured,Knee,OA,1.109159744,51.06382978723404,1.3032626992406742,0.7583333333333333,31.81083020218909,11.745607240053271,11.320827740515622,9.642656387483676,3.114054052397213,0.7228362041145651,3.266615180927105,40.59631424071264,0.0,1.83
100494,56.0,Female,161.3,67.3,25.9,injured,Knee,OA,1.1292496,51.613566289825286,1.3127526601400406,0.7666666666666666,34.064350106736754,14.67914133337495,22.13938561500704,15.185905728352225,9.430462030641348,0.9972664453893167,6.628799320098246,54.83575433434012,-1.086956521739141,0.82
100495,49.0,Male,188.2,95.3,26.9,injured,Knee,OA,1.1323702,49.91379310344828,1.3610844501576875,0.7916666666666667,31.648247589730488,7.397015936247275,15.693121687837522,13.830333561602764,5.790574751378752,1.3298403845732802,10.090074271779423,52.19805080939764,-2.1052631578947434,1.15
100496,55.0,Female,159.4,66.1,26.0,injured,Knee,OA,1.130026101,58.65653738504598,1.1559225320926232,0.6625,22.39624876044141,11.135737734375695,12.461181524501264,12.546006883151044,7.459524921702753,-0.5105576252210746,4.16076121977929,-14.849688130800542,1.2578616352201213,1.53
100497,40.0,Male,195.1,94.0,24.7,injured,Knee,OA,1.110000622,49.23119932904669,1.3528132584223322,0.8,38.06855987942174,22.9907181789441,8.853285008036188,12.792726617099376,1.5032933229232772,3.18646076791691,4.895971441849824,-5.667308771137972,4.166666666666665,1.69
100498,70.0,Female,168.1,74.8,26.5,injured,Knee,OA,1.13625299,63.8590391908976,1.0675794739993878,0.6166666666666667,23.277445760833416,17.43491413485596,7.607989252953461,15.300185338497352,8.373664889403141,-0.5105872821690969,7.961483080274073,37.49276107390034,-2.702702702702711,1.56
100499,26.0,Male,184.6,73.0,21.4,injured,Knee,other,1.120679237,53.81165919282511,1.249557349454479,0.715,24.553913898877795,17.333118712390355,10.103438578809351,14.576797215340484,3.7420254358170943,-1.00950836359472,8.372803272732474,20.15111243926897,-2.7972027972028,1.15
100500,29.0,Male,178.3,79.4,25.0,injured,Lower Leg,medial tibial stress syndrome,1.116256637,52.516662836129626,1.275323207452423,0.72,28.669662927091792,25.241947139210453,10.309586355646104,13.116541519865436,8.215772035070922,-0.2104451335472437,8.573542536126688,35.0611712667157,-2.7777777777777803,0.94
100501,48.0,Female,169.0,65.9,23.1,injured,Hip/Pelvis,pain,1.12443037,55.42754736303124,1.2171958749956366,0.6975,30.419953041824897,22.99327096591944,5.425785760841721,15.845786084326445,4.639552376607058,1.3443204261817088,1.9856036509450588,-12.236739464180676,2.150537634408604,1.01
100502,47.0,Female,171.0,80.4,27.5,injured,Foot,plantar fasciitis,1.121724458,50.84745762711864,1.32363486086085,0.77875,30.968341175210128,30.389576230763986,5.239785889128593,20.0130219589506,10.10907464382048,-2.970263790869686,3.94634514571707,-9.586187798525886,0.96308186195826,1.33
100503,55.0,Male,182.0,75.2,22.7,healthy,No Injury,,1.114649008,46.06678652480179,1.4518303332215636,0.83375,45.16545408716411,24.96852609321818,10.53259395005063,12.99272482463713,2.2333446335526355,1.835314586346657,5.955316012384145,19.174716282958983,0.2998500749625123,1.55
100504,71.0,Male,177.8,81.5,25.8,healthy,No Injury,,0.709490511,60.75988309490848,0.7008036634655388,0.64,14.814600326860614,22.51057621778284,-8.34309844353839,11.290466025938064,6.415225062281829,-0.0538114443895806,1.3462088149390783,-4.651363221921943,-4.687500000000004,2.62
100505,49.0,Female,120.0,74.1,51.5,healthy,No Injury,,1.117586138,54.4220485396956,1.2321387175095146,0.715,29.277546561949865,18.503234553417617,8.667210890624524,13.351238275729756,4.478469837281796,-0.8191678920911949,6.307840148983063,-5.798435773545509,1.3986013986014,1.87
100506,56.0,Female,157.0,69.9,28.4,healthy,No Injury,,1.120074358,58.25242718446602,1.1536765882266968,0.665,27.876865620590934,12.00238288428164,15.013132794629616,10.50981306294325,8.147400376080082,-2.107580483113691,4.03796530755508,29.9961973433512,0.0,1.39
100508,49.0,Female,165.9,52.8,19.2,healthy,No Injury,,1.122381824,52.17391304347826,1.290739097891355,0.74,32.52369884531768,26.83500767371801,18.93360421009985,11.167487531095086,4.424470561120407,0.7956342120129878,5.820904248047169,-2.873743017417904,-2.7027027027027053,1.02
100509,58.0,Female,165.0,79.8,29.3,healthy,No Injury,,1.014607018,55.81395348837209,1.090702544309735,0.7124999999999999,27.337343043382475,27.048648508111725,4.192656025446493,14.367641785386128,9.522932037141391,1.5740140442902415,6.459322337145397,-10.491397683132991,2.105263157894739,1.95
100510,31.0,Female,172.0,96.3,32.6,healthy,No Injury,,1.115495795,57.69230769230769,1.160115626640169,0.675,25.63745789200874,22.56556463259584,12.37742200005949,13.521275555055505,7.997566771844239,-0.8227279765473644,6.941168505676688,12.303409474558697,0.0,1.48
100511,62.0,Female,150.0,57.9,25.7,healthy,No Injury,,0.919676063,51.39209860239903,1.0737218031244575,0.7462500000000001,25.19075067499932,28.12095435708191,5.025693753296279,14.174506949491043,9.447310122629377,0.8723993990301084,2.700135041939669,13.29698333029236,-0.3350083752093879,2.09
100512,49.0,Female,156.0,55.1,22.6,healthy,No Injury,,1.119187791,55.81395348837209,1.2031268749312425,0.695,33.15708740132419,21.306181253885228,15.26243850773072,12.744291169125528,7.752571798326391,-0.059142452139171,3.239496069046707,15.260783346457396,0.0,1.15
100513,31.0,Female,178.0,86.0,27.1,healthy,No Injury,,1.117086564,51.0642921209095,1.312782775876978,0.75,34.09783349841075,22.26379386875761,4.94969328815713,14.137495157912792,5.811880098997653,-0.521259208770505,5.0861865546357645,-1.905353272802718,2.666666666666669,1.37
100514,48.0,Female,166.5,90.8,32.8,healthy,No Injury,,1.122086931,62.2571243523316,1.0814112796711477,0.6275,40.04528716470293,34.296252690754514,7.535610542470305,17.93639949730621,5.605678077377408,0.6119471318912298,0.7700713080400814,-3.665082442836321,-0.7968127490039848,1.49
100515,48.0,Female,175.0,68.8,22.5,healthy,No Injury,,1.116359608,50.63291139240506,1.322886135447875,0.745,30.30853358959598,25.948203531756054,14.674229611444598,9.73918706845659,6.766201149558522,-1.462134338094334,6.003129857393667,17.27480072082252,0.0,1.38
100516,56.0,Male,186.1,93.1,26.9,healthy,No Injury,,1.11882547,47.90438247011952,1.402582025793233,0.815,34.48365001243474,24.495281327581445,18.04323114282076,11.785209051566206,6.747895810390131,-0.4828442109298184,3.454513481593523,26.607444298174684,0.0,1.22
100517,46.0,Female,163.4,68.1,25.5,healthy,No Injury,,1.120434908,53.21533923303835,1.2632903591861218,0.715,32.86477405682669,21.394670266173897,12.405393547275963,14.479329434386308,8.231496482174613,0.2472069388476998,2.3814982155699087,16.18241914761007,1.3986013986014,1.43
100518,44.0,Female,167.0,64.9,23.3,healthy,No Injury,,1.117337904,53.57142857142857,1.251418452019003,0.705,33.6746768521582,17.283978365751942,13.525227702934751,11.885286202785714,6.626456404398089,-0.1455932656593269,2.263745593296416,22.879296945516323,1.418439716312058,1.05
100520,65.0,Female,,,,healthy,No Injury,,0.920317107,52.17391304347826,1.0583646733592649,0.77125,20.71711783205717,23.507318684041053,11.514255294109262,14.981140356832316,7.475203540113778,-3.982831605164248,4.4199709625741095,-12.09861692459003,-0.9724473257698478,1.1
100521,42.0,Female,162.0,97.4,37.1,injured,Knee,OA,1.174087272,56.25,1.2523597569455125,0.6979166666666666,27.253004470500684,9.550580890126962,17.300280885017727,17.253849388544076,12.034625442562575,1.1255133448914263,1.699759583926814,44.34299639492957,1.7910447761193966,1.88
100522,33.0,Female,155.0,52.4,21.8,injured,Knee,OA,1.154807286,57.48571428571429,1.2053301048013556,0.6583333333333333,32.273730901674185,18.630358519516395,16.650071379267047,15.111486310201707,5.990424582112611,0.7114421265823607,4.518240534281749,2.5915698528665705,0.0,1.27
100523,42.0,Female,165.4,61.6,22.5,injured,Knee,OA,1.211771344,58.11172083860983,1.2511539129727254,0.66,38.32889609111447,24.305870473956503,15.764043323481545,14.774902323566604,5.647502689583641,-0.4041986229458253,5.667664253626349,-9.848834490991832,0.757575757575775,1.08
100524,49.0,Female,170.5,74.0,25.5,injured,Knee,OA,1.119362487,53.333333333333336,1.2592827978110366,0.7166666666666667,23.249896523372968,15.474794665846018,7.1594435092031,12.43733220702864,6.952108168683237,-1.5609738570746006,7.427082674450753,-18.00533682521836,2.325581395348829,1.08
100525,53.0,Female,173.3,60.4,20.1,injured,Knee,patellofemoral pain syndrome,1.119379347,53.09734513274336,1.2648986622151563,0.73,32.01190870855865,19.807649548114327,16.45605720162717,11.675131224752413,8.174711368917164,1.962183180277993,2.1207949398341936,22.4755783243044,0.0,1.2
100526,37.0,Female,153.9,42.5,17.9,injured,Foot,pain,1.119058507,57.142857142857146,1.175011431941213,0.6775,29.151510239685592,25.01061020658937,14.699567979074327,14.781695873702391,4.060807424221286,0.8629211346917359,2.7792095161800416,-24.835293155168213,0.7380073800738014,1.41
100527,54.0,Female,166.6,59.6,21.5,injured,Knee,pain,1.121965456,55.04587155963303,1.2229423466849465,0.6975,30.30812128343109,20.46983106820911,11.19986449486639,14.851236747837838,5.714651318831973,1.4605852028609023,4.378876652973326,11.964268443045354,3.584229390680991,1.26
100528,48.0,Female,165.1,57.3,21.0,injured,Thigh,hamstring muscle strain,1.120692037,54.17634829399535,1.2411664305682204,0.72,33.23673848555114,27.06987863802984,16.035242078110585,15.626784787088246,6.145935273272289,0.6323966964370299,5.504828061874624,7.772006783958388,0.0,1.24
100529,40.0,Female,159.2,90.9,35.9,injured,Foot,plantar fasciitis,0.716830429,45.97701149425287,0.9356186468555644,0.89625,18.39794094116371,21.36323627021163,2.8140299493146244,17.08148829210063,13.97242244617421,0.8326453238775267,4.795625879128976,13.56927234001232,-0.8368200836820029,2.04
100531,31.0,Male,183.7,78.8,23.4,injured,Lower Leg,other,1.122350921,50.52653972981598,1.3327917187761942,0.7825,33.65935343662716,16.481873114241424,13.405155806948152,11.926394006423005,4.48770937871449,0.6764219251485559,4.075848858535569,13.1033896480947,-0.6389776357827482,1.63
100532,50.0,Female,169.0,69.4,24.3,healthy,No Injury,,1.120246331,61.53846153846154,1.0922401727606017,0.64,18.49249979634413,21.520656436160458,9.211747052744954,12.885093308194415,7.795491231704566,-0.3638725023183107,6.520491970529282,-0.8057875918813786,-1.562500000000001,1.05
100533,56.0,Female,152.0,57.6,24.9,injured,Knee,OA,1.113072407,58.77648940423831,1.1366440096272117,0.6625000000000001,42.93594847551296,31.33067916851789,16.680859142322294,12.565340347293091,9.43000379717146,-1.1692908599139065,4.44904207522888,-5.06515407441656,3.77358490566038,1.17
100534,37.0,Male,175.1,79.1,25.8,healthy,No Injury,,1.118265706,54.4220485396956,1.2328879407767417,0.69875,29.11369165124364,27.081547999492063,9.292016195802915,12.305289157730648,7.0839001365465055,0.60359420606436,7.395035788284051,-1.651279988271025,-1.7889087656529612,1.41
100535,57.0,Female,164.4,72.4,26.8,healthy,No Injury,,1.116214594,59.40594059405941,1.1273767396066052,0.6575,39.4214567340714,31.857942472368315,9.503534370095108,14.577892452469122,7.495839813100086,0.9224814091304296,5.857408840091512,11.015788966903534,-0.7604562737642593,1.42
100536,50.0,Female,161.1,63.6,24.5,healthy,No Injury,,1.114610772,60.45378407187452,1.106251191602587,0.625,23.01802796752457,21.851965271678807,12.060173516025085,7.792938684776295,8.650893881494117,-0.8244781174770692,3.77554873749831,-8.35004555339744,1.6000000000000014,2.05
100537,,Female,173.1,67.6,22.6,injured,Hip/Pelvis,other,1.121041329,56.60377358490566,1.1883038088214897,0.68,26.688428902255023,26.91636401509414,6.8422228924656565,11.665208872821513,2.298491722666942,-0.3452529834621732,5.894031774101233,26.08258971497051,-1.4705882352941189,2.56
100538,30.0,Female,157.3,50.7,20.5,healthy,No Injury,,1.119945901,54.7945205479452,1.2263407615276831,0.715,29.69428858816844,22.9931336098586,10.065698547754184,11.469325187315354,6.8623875662515,1.5957738393057936,6.592985544210316,-2.8153767927207483,-2.7972027972028,1.64
100539,25.0,Female,168.2,59.5,21.0,injured,Foot,first ray tendonitis (turf toe),1.122798495,53.932856623439584,1.2491133257603766,0.7275,37.02200426892944,25.357901419138187,15.009350839721254,15.868730725767094,8.033030981533432,-1.5037859685030537,3.0571987007844545,6.759774710546111,2.0618556701030943,1.22
100540,31.0,Female,172.3,81.0,27.3,healthy,No Injury,,1.124625834,53.69154388212684,1.2567693690363289,0.7324999999999999,30.729768018016784,20.329699146728544,4.104606326222381,16.295601089375523,7.500512833267054,-1.067653028218284,4.016937093652995,7.1165470911048585,-0.6825938566552908,1.36
100541,38.0,Female,167.3,63.0,22.5,healthy,No Injury,,1.121576807,53.57142857142857,1.2561660241307273,0.735,32.7574575938373,23.001067872518504,20.49096903094999,14.658262980488674,6.815422888485374,0.9488159935904196,4.313179830151299,-4.376047541565271,0.0,1.19
100542,19.0,Female,164.5,61.3,22.7,injured,Ankle,pain,1.121985646,50.63291139240506,1.329552989994803,0.7475,27.17878117926284,24.053530185235253,9.18085421932329,14.050662248939616,7.7499565354236895,0.3669544902711785,5.367946097757467,8.232454503746057,-0.6688963210702347,1.18
100543,38.0,Male,189.4,76.3,21.3,healthy,No Injury,,1.12036457,53.333333333333336,1.260410141219443,0.735,28.38003064998759,23.73561621137243,10.747017319941495,18.232675693636097,1.745115897952101,-1.2270595006830751,6.187223761206065,13.611043816179064,-1.360544217687076,1.46
100544,53.0,Female,158.6,56.3,22.4,injured,Knee,patellofemoral pain syndrome,1.1197,59.04085772239931,1.1381569298793397,0.65,26.01746755201117,16.25992971299611,10.028338695348005,10.714184235215448,9.137011803684691,-1.139171281964431,4.952399907385308,11.682802472022097,-1.53846153846154,1.84
100545,30.0,Male,182.3,78.4,23.6,healthy,No Injury,,1.117963047,51.94805194805195,1.291247319329173,0.7424999999999999,32.83860795832368,23.479699682304823,89.83703388279271,17.31192437684275,8.01094459153697,0.5743340044209269,8.596101236836331,6.339759831832165,2.020202020202022,1.39
100546,28.0,Female,166.0,59.4,21.6,injured,Foot,other,1.116415241,58.11172083860983,1.152698736263801,0.6625000000000001,29.58826850147534,12.716802875062085,12.321716470877806,12.83638009653226,7.193759742139696,-0.6009984716134307,4.035351213221651,6.304174072095569,-0.7547169811320761,1.2
100547,52.0,Male,177.0,74.5,23.8,injured,Lower Leg,other,1.127137444,49.48474645444343,1.3666541503211342,0.77,34.74137437881933,24.23331063368063,14.330997292378472,12.408952519471566,2.15417074075891,-0.2688645683887358,6.987553699547635,7.583772384304015,-2.5974025974026,1.34
100548,53.0,Female,175.1,56.7,18.5,injured,Foot,plantar fasciitis,1.123549249,52.86394908170195,1.2752283972071423,0.73,29.36124631100421,24.123112819337106,8.146691135702437,15.949086143866383,2.897908025558706,1.410310410581054,4.63218792124176,-0.8851908297272761,-1.3698630136986314,1.74
100549,24.0,Female,179.5,70.0,21.7,injured,Hip/Pelvis,bursitis,1.120600134,45.36878216123499,1.4819936775531843,0.83375,37.389682735354825,21.15112983631113,17.871720672012337,15.0527500316671,7.749506028996809,-1.2477005289240948,4.890188392678519,4.767733351032471,3.8980509745127536,1.74
100550,57.0,Male,176.0,70.1,22.6,injured,,No injury,1.217683358,52.863436123348016,1.3820706112800756,0.71,34.35464483163736,24.07207681917138,19.90607246928694,13.419345787876727,0.9075120480601704,-1.8899027760405387,5.110409495278804,4.855215927220078,0.0,1.61
100551,56.0,Male,176.0,83.8,27.1,injured,,No injury,1.222130113,54.54545454545455,1.3443431244364887,0.73,34.93056177951036,15.341322666828251,20.09521955143456,15.41137011737452,6.15357498061603,-1.1274960199207693,6.244278986232619,-0.7258679722797289,-1.3698630136986314,1.5
100552,58.0,Female,163.0,48.6,18.3,injured,,No injury,1.224807108,61.69706582077716,1.1911249125348855,0.595,30.257709472174525,13.594859363781616,20.083177735785,11.928588780206429,2.8194169022733857,-1.3044002690085423,3.006195435904204,-6.166011742664967,1.6806722689075646,1.95
100553,57.0,Female,165.5,56.9,20.8,injured,,No injury,1.220760383,56.07476635514018,1.306213609439218,0.685,29.07378544443497,9.250476301510032,22.73641173425515,14.82589929084642,10.167697965711538,-1.852357144547612,5.077365589716248,7.02405629602813,-1.459854014598525,1.28
100554,66.0,Male,169.5,67.0,23.3,injured,,No injury,1.221325551,56.60377358490566,1.2946050845013075,0.695,38.6759292262565,19.90492303731135,21.55412895607472,17.74386530161992,4.83070104603803,-0.3951218974701225,6.3518138814709335,-6.89802708840633,0.0,1.11
100555,68.0,Male,162.0,67.8,25.8,injured,,No injury,1.218988327,57.69230769230769,1.2677478599673755,0.6575,31.89973576843852,15.010598841053572,12.054486268829567,13.57028519440413,4.240493117994333,0.3615466913508827,4.219677767215912,15.17354476693795,0.7604562737642593,2.06
100556,57.0,Female,161.2,72.7,28.0,injured,,No injury,1.227729028,67.98921417565487,1.0834708676252214,0.58,34.971267605367416,31.5364207980692,17.586665055802968,21.60500728306432,9.052964318079098,-0.1338998103872029,4.620826661878999,15.881007322448346,-1.7241379310344844,1.85
100557,57.0,Male,178.3,75.9,23.9,injured,,No injury,1.221343663,56.20639726207713,1.3037843600012278,0.6875,33.72594098442255,18.58151041415492,10.824817711991692,14.81523235104453,2.578423869609704,-1.6959293695532902,7.000082957194297,20.860858638951587,-0.7272727272727117,1.52
100558,61.0,Male,172.0,73.4,24.8,injured,,No injury,1.213818757,60.30150753768845,1.2077496629433162,0.635,33.0005418012679,26.12676299787757,14.695113903657775,16.504665122423297,3.1617100677328294,0.516267724013715,3.6428888796438974,5.528265741154543,0.0,1.53
100559,70.0,Male,176.2,73.8,23.8,injured,,No injury,1.21366206,55.68475452196383,1.307720870184091,0.67875,30.58116612615038,23.473516206137333,17.871961051512653,12.679594291917097,6.567777570117301,1.4754109594086362,7.086365014793708,-1.6416682960050255,0.3683241252302111,2.31
100560,33.0,Female,179.3,83.0,25.8,healthy,No Injury,,1.322762541,52.98039062804569,1.4980285774983582,0.72375,48.04911047357268,25.78929175251673,15.90446119974571,13.68819607060616,8.029259725692558,-1.8812730496979035,0.1535511180412853,9.037444677426492,1.036269430051822,1.81
100562,65.0,Female,152.7,48.6,20.8,injured,Foot,other,1.015347917,58.18207401153792,1.0470775392063416,0.6825,26.658950172863825,22.94694526709955,3.4600954088073426,14.906280597815812,2.5274925207145404,-0.6470823405327777,4.4362535993721135,-2.152295911389649,2.197802197802184,1.36
100563,59.0,Male,173.0,68.3,22.8,injured,,No injury,1.21470953,56.87203791469194,1.2815185541712102,0.6575,27.603757848805174,18.28607443966995,15.656902538300068,9.646831165063876,3.892750007630121,0.4959007033738964,3.3269346088421594,-5.21521974498294,0.7604562737642593,1.64
100564,54.0,Female,163.7,64.6,24.1,injured,,No injury,1.219943057,57.971014492753625,1.2626410639621364,0.6612500000000001,29.62477895073277,21.571137602512408,15.61616141313494,13.520963778061931,7.747536486041247,-0.3781190298787642,2.226289696775429,1.5935190873663216,-0.3780718336484018,1.24
100565,40.0,Female,171.2,60.0,20.5,healthy,No Injury,,1.21947227,52.63157894736842,1.390198387803616,0.73,33.377646220490135,21.31962778656105,17.4031661326957,11.545832037342272,7.958422456342099,-0.8000784486008334,6.07035344852331,11.73534527860112,0.0,1.12
100566,64.0,Male,172.3,66.5,22.4,injured,,No injury,1.220353995,53.81165919282511,1.3606947045318112,0.72,40.191650358169454,26.6983528124492,25.13258042790184,12.436723505335072,3.66291072792488,-2.020341539115879,2.521782299572925,11.586956721275456,-2.7777777777777803,1.21
100567,58.0,Male,170.0,63.0,21.8,injured,,No injury,1.216325015,58.25242718446602,1.2528147650478827,0.685,34.72869101097979,20.721713432152377,19.150159347087584,16.945286833999546,4.613871402284941,1.6801589022833614,6.724815309899864,8.893098510766947,-1.459854014598525,1.17
100569,64.0,Male,177.6,74.0,23.5,injured,,No injury,1.266457091,60.75988309490848,1.2506263773880302,0.6225,24.210690383004703,21.6552749915303,10.258097587440822,12.011859347786206,3.093009084441912,-1.5295089649692812,4.565623959239017,19.773616099875937,-0.8032128514056232,2.49
100570,30.0,Female,150.6,51.1,22.5,injured,Knee,PFPS,1.116623573,53.45238095238095,1.253409960536886,0.725,34.870630608405804,24.090571518061587,10.944837513713052,11.870092382164522,3.4308039342829373,0.1894817376808291,5.077026831697829,-1.826047896350548,0.0,1.21
100571,61.0,Male,168.2,66.3,23.4,healthy,No Injury,,1.118999029,55.55555555555556,1.2085189515266137,0.7012499999999999,33.01012508274647,20.11820216703105,15.40301108155738,10.110561469067562,4.131713166621883,-0.7385341581723252,6.0351436873678495,-1.7186703944415151,-0.3565062388591725,1.14
100572,54.0,Female,160.0,78.6,30.7,injured,Hip/Pelvis,pain,1.1205,55.68475452196383,1.2070260493889016,0.71625,28.80295334843987,22.80256595027611,14.620246100070046,13.015301192402028,12.735666391130344,0.7130174918324583,4.26413182172942,-6.323432383858562,-0.3490401396160639,2.09
100573,41.0,Female,173.8,69.4,23.0,injured,Knee,PFPS,1.2236167,53.333333333333336,1.3765687876926165,0.7324999999999999,42.27639427449645,12.395731586817147,25.93590573632556,12.03323058395586,8.639330035296393,0.3847281359587011,6.876559468625271,38.299653580451285,0.6825938566552908,1.22
100574,31.0,Female,170.8,67.5,23.1,injured,Knee,PFPS,1.217524045,57.41626794258373,1.2723126272417722,0.6675,29.370687788262728,21.6545378667054,20.991514685594183,13.750799622637874,11.232364784536635,-0.8909176574268747,5.44734336763584,-23.348449634852606,0.7490636704119857,1.15
100575,36.0,Female,178.4,67.8,21.3,injured,Knee,PFPS,1.225019932,56.7379057497988,1.2954585785258574,0.66125,27.70442158145272,19.53304194455606,16.55920239122714,10.882933337501116,5.4964283657753725,0.0454160296301782,4.341266722971826,-4.565643082855712,1.134215500945189,1.22
100576,56.0,Male,185.3,79.9,23.3,injured,,No injury,1.217984342,52.74750753535822,1.38545718873045,0.7375,39.78802012333768,20.5416142571355,15.291337931714963,14.308396279163077,6.410525587146779,-0.1598152482877153,5.1465814776574375,17.728045552656777,0.6779661016949158,1.0
100577,57.0,Male,168.7,79.7,28.0,injured,,No injury,1.217450869,56.87203791469194,1.2844106670719209,0.69,40.79043200508556,31.41948517651064,20.781282566227883,16.106178776898986,0.6199593874386383,-0.4448878457652128,2.413976294800204,14.813133042322812,-1.449275362318826,1.39
100578,66.0,Female,165.7,68.5,24.9,injured,,No injury,1.221201226,68.96551724137932,1.0624450669012084,0.545,31.30659518251741,27.324403859129053,5.755084657236075,15.13057029800242,7.208425071048451,-1.0201255750712832,2.0931336431912224,7.088447777918013,1.8348623853211024,2.35
100579,58.0,Male,176.1,72.4,23.3,injured,,No injury,1.217379429,58.53658536585366,1.2478139151136785,0.6525000000000001,42.43902821484443,24.481153788777466,11.561269561779133,16.159354512113197,1.526995482544386,-0.3248829195198264,-1.119676986337787,-15.119378991545604,2.2988505747126453,2.53
100580,50.0,Male,178.2,72.5,22.8,healthy,No Injury,,1.122700177,58.39450627515984,1.153574431474472,0.65,22.86250674605424,19.379799683689534,10.562423760025004,11.396229565673297,3.856494064448781,-0.1127610621437982,7.62978853022018,5.542696784535582,0.0,0.9
100581,37.0,Female,164.2,50.6,18.8,injured,Thigh,ITB syndrome,1.119160063,50.314686544073695,1.3345983755025228,0.76,37.4845392389754,30.46468899800771,3.8183486283420063,15.31729933495622,2.681530335449368,1.1634397464661046,5.2539385087116255,4.4750305504298655,-1.3157894736842115,1.38
100583,64.0,Male,177.4,75.7,24.1,injured,,No injury,1.22002799,56.07476635514018,1.305429949171634,0.68,34.129167317819,20.613078075116785,13.718021981341376,12.74575589764473,3.5428481566500984,-1.081588583463831,5.313147337635222,11.867974639616742,0.0,1.93
100584,55.0,Male,191.0,97.3,26.7,injured,,No injury,1.219701452,49.74109255512499,1.4712648764987497,0.775,35.47757513384181,21.834856724945507,10.125046428622165,15.566959267283446,5.198240970737299,-0.1788809605897945,6.555976324499319,-25.999777332491263,-3.870967741935487,1.2
100585,43.0,Female,164.2,56.4,20.9,injured,Thigh,hamstring muscle strain,1.11765156,56.33802816901409,1.190298910953871,0.6812500000000001,24.25535200984143,19.999872518910166,14.257603262689454,10.887925294813355,7.64683639307818,-0.3236266141481558,3.789901061333037,12.24554168022516,-0.3669724770642286,1.06
100586,43.0,Female,159.3,92.2,36.3,injured,Foot,plantar fasciitis,1.117603179,53.33438685208597,1.257303576433062,0.735,25.29053383108493,20.227085548208763,10.31058732600994,11.888629653570275,11.41016049044162,3.867267052976916,5.317972675893177,12.466101154337007,-0.6802721088435532,1.52
100587,32.0,Male,188.6,77.8,21.9,injured,Lower Leg,shin splints,1.116048529,51.94805194805195,1.2890360511789165,0.745,33.63188283898364,16.58241025409474,18.087932375664764,14.539629613419615,5.919028683004765,-0.349247384255763,4.740551722892749,15.90554766221082,1.342281879194632,1.54
100588,50.0,Male,179.3,93.9,29.2,injured,Foot,other,1.117456426,49.28152195911758,1.360503198797706,0.7975000000000001,28.71179013995527,15.597756154624792,16.966856459510268,13.13330647954345,8.692068042272545,1.825209189692354,6.531976622341686,4.965855816779529,0.6269592476489033,1.41
100589,40.0,Male,173.6,76.4,25.4,injured,Knee,pain,1.11790374,50.15690376569037,1.337292348706904,0.7725,42.70944544706657,31.09110840702857,21.572297634163352,19.2364554329162,2.7896072647477124,0.1783022241092551,3.8333933822277215,4.302178961776924,-0.647249190938512,1.41
100590,45.0,Female,167.5,65.5,23.3,injured,Knee,other,1.122292397,54.92019605378911,1.2261044432627952,0.7175,27.690518867444183,26.589875965072306,16.575889620471784,15.442061982455868,9.72927748868854,1.7595414073847897,6.525927990218502,-8.265741892679857,-0.6968641114982584,1.4
100591,51.0,Male,173.0,67.3,22.5,injured,Hip/Pelvis,pain,1.119656939,52.98039062804569,1.2680114836608036,0.74125,32.41950710306287,19.698738006174963,14.125957309471826,13.35376857312811,5.420106672201583,0.9507037566394054,6.450334935520177,-5.714592014011713,-1.0118043844856597,1.23
100592,47.0,Female,170.0,57.3,19.8,injured,Lower Leg,peroneal tendonitis,1.117852539,54.054054054054056,1.2408163186933996,0.6875,27.28017675534562,16.669109571896254,13.964953026973705,11.43539037058092,7.393825467574105,-0.4813410438288459,5.444264329100279,25.34515423925985,2.1818181818181674,1.03
100593,41.0,Female,166.1,68.9,25.0,injured,Thigh,ITB syndrome,1.11962104,55.87915670506412,1.20219309136592,0.6975,26.55510914315599,16.72451421002421,14.331295022994349,15.370870561660087,7.46862816726313,-0.1591950743197441,6.23613003124467,20.341839132259327,-0.7168458781362014,2.25
100594,44.0,Female,156.6,48.9,19.9,injured,Thigh,ITB syndrome,0.912295647,59.70149253731344,0.9168571251066876,0.6475,17.181273169279677,19.07944050009802,7.916160075240896,11.06175995417523,1.7819592966802162,0.680055976049095,3.758918580768345,-16.39194683539413,-0.7722007722007729,1.36
100595,50.0,Female,154.6,64.5,27.0,injured,Lower Leg,calf muscle strain,1.119704168,57.142857142857146,1.1756893759658331,0.6825000000000001,32.03332516229699,21.098334191033192,7.8393094377353725,16.476047261518573,6.25544796672139,0.0991289573037528,4.203872628003973,12.071196431864918,0.7326007326007331,0.9
100596,52.0,Female,163.0,63.6,23.9,injured,Hip/Pelvis,pain,1.117203078,55.81395348837209,1.200993309015373,0.6975,28.17497504175867,23.558726464270656,7.618378962529146,8.193988662632812,4.2208169734444265,0.1389743586969594,7.572426135888818,16.639998219510247,-0.7168458781362014,1.76
100597,26.0,Female,161.9,59.3,22.6,injured,Lower Leg,calf muscle strain,1.116573749,54.29864253393665,1.2338139930078365,0.715,30.397391940758386,24.65019466991484,14.60674238007013,13.332168905254305,8.697365017725334,0.3627319824907415,5.633679996720526,26.25755343591808,0.0,1.36
100598,41.0,Male,178.8,82.5,25.8,injured,Knee,PFPS,1.213595153,49.28152195911758,1.4775520993008422,0.75875,37.50707375104082,21.99081369335445,17.9774989802889,11.41298196831235,6.221845764079992,0.0708751394551925,5.738127701360593,9.607972439216091,1.647446457990124,0.96
100599,34.0,Male,159.1,54.0,21.3,healthy,No Injury,,1.116220625,56.7379057497988,1.180403310688979,0.665,27.57792853551097,22.20848671930356,19.062326560951213,12.488441475704686,4.682180886995919,2.222774034099625,5.385604117719457,-27.285391944175508,-1.503759398496242,1.51
100600,37.0,Female,168.1,54.3,19.2,injured,Hip/Pelvis,other,1.120705668,52.863436123348016,1.2720009333580349,0.7175,33.7022052280972,20.843780389325268,13.326332306251391,14.656880322428137,3.1388463220174803,-0.9596054315333188,4.831729164521136,22.18203149248596,-0.6968641114982584,1.41
100601,60.0,Male,181.3,105.4,32.1,injured,Ankle,achilles tendonitis,1.11852434,50.79382106844025,1.321256876113962,0.7725,41.43562753249876,26.17198468963156,10.607561665028214,17.771332495251528,3.420301685159872,1.9600391040416725,9.346669780953311,-3.9743773780216274,0.647249190938512,1.63
100602,43.0,Female,155.2,59.4,24.7,injured,Foot,metatarsal stress fracture,1.130918087,55.04587155963303,1.2327007146335431,0.7062499999999999,37.74948373248992,30.66118336352196,20.4502337013032,16.862429330429514,14.591628550033398,1.6253769273151566,4.443038354637251,-3.6014601087865903,-1.0619469026548762,1.32
100603,34.0,Female,170.1,66.8,23.1,injured,Ankle,other,1.01050905,51.28251956852085,1.1822955886647326,0.7675000000000001,33.76753978145223,22.13094015314532,16.414740718383342,8.919643958867855,6.089482612073594,-0.6137243647429396,1.5137309121498177,34.0781304853471,0.6514657980456031,2.04
100604,38.0,Female,158.3,61.0,24.3,injured,Knee,other,1.123579095,57.6232977548767,1.1699267323947613,0.675,32.16399678997175,24.95165359129542,3.575937977631237,20.535891084623582,5.437698807280994,0.4527228782003406,3.7713106558734175,-5.505185594988476,0.0,1.41
100605,46.0,Female,168.5,52.0,18.3,injured,Knee,patellofemoral pain syndrome,1.116509444,52.516662836129626,1.2756120402069346,0.7375,28.707105918090804,20.86777743453453,13.50438354438134,10.912098820702049,5.744606292729584,1.51223334946642,3.819939707746768,5.871241429210771,-0.6779661016949158,1.38
100606,33.0,Female,156.7,55.1,22.4,injured,Lower Leg,shin splints,1.118798716,53.69154388212684,1.250257564772353,0.7175,35.5645540563138,24.229124786418048,10.40117675974368,14.97155340788654,6.765917114748989,-0.2796669840071408,4.962820892331235,-16.84601249565608,0.6968641114982584,1.22
100607,32.0,Female,160.0,55.3,21.6,injured,Ankle,ligament sprain,1.119625864,59.40594059405941,1.1308221230934443,0.65,27.857886481350988,17.859114588236267,13.337638054767549,12.18017666032376,7.245963063739014,-0.1947769555052981,6.435946339899456,-4.976308714638617,0.0,1.14
100608,59.0,Male,172.0,70.4,23.8,injured,,No injury,1.217675372,51.06382978723404,1.4307685617499042,0.75375,46.98827084219312,30.27303485452521,13.929997379065584,12.475402125892654,1.0087762515298118,0.5527754389478332,5.077689157120663,6.444559410117753,4.311774461028189,2.16
100609,61.0,Male,178.5,89.7,28.2,injured,,No injury,1.225347193,58.96841495218777,1.2467907689506352,0.6575,29.734559179473425,16.636210310502612,9.30540148499344,16.912742271671195,6.070620532303979,-2.1359966735742844,5.903183446174966,-5.844648795621064,-0.7604562737642593,1.13
100610,59.0,Male,177.2,88.8,28.3,injured,,No injury,1.221286389,52.40174672489083,1.3983729152978683,0.735,42.67844366147051,13.888404743550929,17.12545787658115,14.825671115251708,7.784122075576873,-1.141483755403394,0.0001322261119439,13.079613837070164,1.360544217687076,1.58
100611,64.0,Male,181.5,83.7,25.4,injured,,No injury,1.214081246,57.27956254272044,1.2717501051655402,0.685,37.61201552275992,23.42984002616521,1.243653297520842,14.305819117893735,0.7402347157438851,0.4407481959889616,1.9378588925055675,0.361598260601774,1.459854014598525,1.9
100612,60.0,Male,178.5,87.0,27.3,injured,,No injury,1.218865558,54.54545454545455,1.340752114194544,0.7012499999999999,35.11806358423655,26.90070433224626,18.43446946110273,13.572683672123969,7.760842598277154,0.0858165828971575,3.91669122633108,7.408613435782734,-0.3565062388591725,2.79
100613,61.0,Male,175.5,95.4,31.0,injured,,No injury,1.227309016,55.04587155963303,1.3377668277029533,0.7224999999999999,40.28332524256777,21.81489916547733,24.883912386647868,17.308681236091395,4.731183790556795,-0.4764333638245963,4.053939725699114,9.76608145890795,-0.6920415224913502,1.16
100614,62.0,Female,155.0,53.6,22.3,injured,,No injury,1.220084453,57.971014492753625,1.262787409081958,0.675,33.35956143116249,20.112776162945085,19.37397911098461,15.577400765933618,7.659653573763357,-0.2251686053857091,5.125547981335368,0.4473013952326786,0.0,1.82
100615,56.0,Male,170.0,85.1,29.4,injured,,No injury,1.224913279,55.4915514592934,1.324437483247034,0.72,46.17521226787531,23.09680363163367,17.248692506930297,16.659655457432684,3.2721293221636625,-2.097664189165448,5.3735327063751015,-5.567814045825333,0.0,1.24
100616,56.0,Male,176.4,82.6,26.5,injured,,No injury,1.214534211,57.69230769230769,1.2631155798661462,0.67625,29.87795431790886,20.876681887521155,18.057895540356228,16.187674824682453,3.36309766907628,0.1686209101586226,5.241763852622883,-12.43625648282276,1.109057301293893,1.09
100617,59.0,Male,186.1,85.5,24.7,injured,,No injury,1.216517034,48.88003982080637,1.493274659741789,0.77875,43.31749730213505,23.77574912416793,10.503109720290023,14.239608345977931,3.514155200407962,0.8833146214516069,8.122702480774311,2.255573324376296,-0.3210272873194152,1.63
100618,59.0,Female,156.2,55.1,22.6,injured,,No injury,1.217937445,54.66998754669987,1.3366863458037983,0.69875,35.931361495361216,23.422192220694345,17.558781015609185,11.889242235448034,6.481435245742636,-0.6644862867975356,4.610891958679953,27.847410845691016,-1.7889087656529612,1.22
100619,60.0,Female,158.5,71.5,28.5,injured,,No injury,1.22178795,57.6232977548767,1.2721867033891958,0.6825000000000001,35.413345211768984,18.587660771704705,26.995278895170365,13.400289886689812,5.9207528237166684,0.5472397456366584,2.0232823950786045,-18.9038310200488,-0.7326007326007331,1.42
100620,66.0,Male,181.2,68.4,20.8,injured,,No injury,1.218158506,54.054054054054056,1.3521559412956103,0.7,33.991647654484495,23.8276201504504,10.84632321723532,14.439268675597866,4.101676284674573,0.6313283605560649,4.249032474099438,14.5812188095205,0.0,2.15
100621,41.0,Female,173.2,83.1,27.7,injured,Foot,plantar fasciitis,1.115931917,52.0609824957651,1.2861115346819476,0.73,25.07497095517513,22.66942980195589,3.993957557836457,14.93660659251098,9.62580135380596,-1.4821287902361608,6.018655048326304,8.666696693946866,0.0,1.36
100622,52.0,Female,163.3,69.1,25.9,injured,Knee,patellofemoral pain syndrome,1.1174,52.17391304347826,1.2855289389423237,0.75,40.90360521316711,30.16222985296013,7.803905418156309,13.95074617244694,6.288448773360384,0.7442516360000158,2.274742604575292,5.526506975088056,2.666666666666669,1.08
100623,56.0,Male,173.2,80.0,26.7,injured,,No injury,1.223183985,55.81395348837209,1.314922783361991,0.71,34.07800385239466,18.640465860047605,18.808347990024643,16.919922658320033,7.107212111982564,-0.427093075461749,4.113813170160486,39.87295091081097,-1.4084507042253531,0.92
100624,60.0,Male,166.0,69.2,25.1,injured,,No injury,1.218235972,59.70149253731344,1.224327152223174,0.64,29.34940189024229,24.346525915308906,18.59187684594404,12.380652580242284,1.7884676459649025,0.4416019850826637,5.306276887060374,-9.815717206091485,0.0,1.5
100625,63.0,Female,166.3,56.8,20.5,injured,,No injury,1.218715986,65.39558089807555,1.1181719168041568,0.5825,30.99282685469948,27.07637844187791,-1.418953222549927,17.286049478349142,5.487934778942972,-2.4856591244860327,0.844874905751096,8.471243617042248,-0.858369098712447,2.51
100626,66.0,Male,180.1,93.9,28.9,injured,,No injury,1.224487917,59.70149253731344,1.2306103567738174,0.65625,34.51281047994121,26.90226742360116,12.545416064740229,18.507996424131285,2.834980397132157,1.5857162966572271,4.796643553349345,-2.829266764977722,1.9047619047619149,1.83
100627,55.0,Female,169.1,54.6,19.1,injured,,No injury,1.216063997,57.971014492753625,1.2586262365932963,0.66875,30.68893155024961,23.242686789498904,16.55467163675431,14.811118116526622,4.834815183865064,0.157113654453386,4.959113340023508,-25.08058270982951,0.3738317757009432,0.95
100628,58.0,Female,166.0,59.4,21.6,injured,,No injury,1.224811924,55.236122267788446,1.3304519520169689,0.71,44.74470635089571,31.015666199013232,24.872027666948696,16.009536797940417,2.9414488092707773,-1.7084573774660463,3.182979003369907,1.072090507880516,0.0,2.27
100629,65.0,Female,165.5,66.6,24.3,injured,,No injury,1.219896783,56.20639726207713,1.3022398153547043,0.7024999999999999,44.1247371125275,26.398265862387284,24.109989857666505,17.722994827945996,7.164857311805468,-0.0152185736123506,4.69711402740041,-12.49029367438992,0.7117437722419936,1.53
100630,41.0,Female,167.0,62.7,22.5,injured,Other,fill in specifics below,1.11613941,54.29864253393665,1.2333340475493315,0.7175,28.15080011719096,16.884878860263647,16.280980282033855,12.101836283349972,6.502228140022877,0.8177529537514603,5.533420656301179,19.851436916809963,-0.6968641114982584,1.05
100631,50.0,Male,181.3,76.6,23.3,injured,Lower Leg,calf muscle strain,1.114027426,50.42016806722689,1.3256926374668847,0.765,36.0676932046199,28.999282603015097,18.559844868914823,16.43134881988891,4.624752919243365,1.4648357338366202,5.696331196768449,-0.3397159813438187,1.3071895424836613,1.34
100632,63.0,Female,166.5,61.4,22.1,injured,,No injury,1.225852622,55.81395348837209,1.31779156909382,0.6875,32.41983832576125,19.65519348759798,14.880565997474754,16.734537084274336,6.749075200783313,-1.644432546051752,2.8841423320655446,5.722908793721661,-2.1818181818181674,1.27
100633,68.0,Male,175.7,88.5,28.7,injured,,No injury,1.208656106,58.68005738880918,1.2358508685141605,0.64875,23.289095838336323,19.44107991941925,13.77207615432376,7.646002028822747,7.020288865266057,-1.2488240102337704,4.658742829584796,17.139634529002652,1.1560693641618591,1.51
100634,33.0,Male,188.4,94.6,26.7,injured,Knee,patellofemoral pain syndrome,1.11535624,49.79253112033195,1.344004269035013,0.775,26.40177060383837,21.0089650017835,11.87861856104556,11.814182828518302,2.659405267082848,1.0536403038638458,4.474746462769857,1.4405895544241132,0.0,1.77
100635,29.0,Male,181.4,73.4,22.3,injured,Knee,patellar tedonitis,1.111295861,47.19814289663455,1.4127348634838237,0.8125,31.33778071998131,23.75303853887556,19.541129975808524,15.016971976509025,4.805581984966035,-1.4312911327561215,3.462795660085288,12.058319369634994,0.6153846153846023,1.45
100636,61.0,Male,175.7,79.6,25.8,injured,,No injury,1.218278737,56.07476635514018,1.303558248512427,0.695,36.900437628448174,29.51666238731214,25.651862360964483,15.8672624397468,2.791749782382537,2.0596255355923847,7.654810132506099,-5.77849684769504,0.0,1.51
100637,65.0,Male,179.8,73.0,22.6,injured,,No injury,1.216364259,55.1092884623515,1.324316587332344,0.69,33.53042234662985,20.891159648166287,14.784488532311316,14.98072511430965,5.604028461691698,2.328721125287356,4.764464556129797,7.392888288959622,0.0,1.67
100638,60.0,Female,170.1,69.5,24.0,injured,,No injury,1.220995627,58.53658536585366,1.2515205174162145,0.67,29.805649318171447,27.03338248997333,14.24393728837476,13.560468028014665,7.430105722097906,-1.644306330607834,2.8145554195450218,21.49591151283012,-1.492537313432837,1.62
100639,25.0,Male,183.2,80.6,24.0,injured,Knee,pain,1.116938962,50.10460251046025,1.3375344069959467,0.78,39.22486160248047,19.682667793653064,24.16450697143016,13.864851552177855,5.165836771025147,-1.2798134126544642,4.774498514834626,0.4968418475682536,1.282051282051283,1.32
100640,60.0,Male,184.5,75.8,22.3,injured,,No injury,1.219218053,57.41626794258373,1.2740828649620772,0.6575,34.23686517433663,30.59336120940224,1.843581241103737,19.588978009460952,2.928372597407144,-0.6542548230890819,1.1605748207074496,-5.560040978545393,-0.7604562737642593,1.63
100641,57.0,Male,173.0,74.7,25.0,injured,Knee,ligament tear/rupture-ACL,0.914252858,51.06382978723404,1.0742471081874134,0.765,17.825628233884913,21.22595660657633,5.980077806008403,10.78790229717234,8.216637466705432,1.9325853061628209,3.788972195591309,-45.7069083587294,0.0,2.31
100642,37.0,Female,170.2,81.2,28.0,healthy,No Injury,,1.111769757,52.63157894736842,1.2674175231450775,0.735,24.30519282437399,15.029980753877028,13.633423694137054,13.32737704649697,8.20962519099403,0.2459351802185008,7.476723545898667,15.78033720257286,0.0,1.15
100643,39.0,Male,183.6,81.9,24.3,injured,Hip/Pelvis,pain,1.113816239,53.333333333333336,1.253043268694168,0.7124999999999999,24.902990726052906,12.57283365410842,14.722440281641994,10.262379907767468,5.066727562032911,-1.0797756907764868,7.445281593211369,22.61381635049804,2.105263157894739,1.13
100644,57.0,Female,173.6,57.5,19.1,injured,Knee,pain,1.115165645,53.333333333333336,1.2545613504357136,0.7024999999999999,25.019551313135707,28.61639162145907,-0.5345419501403585,16.926796905872788,6.095419884175231,-0.4078154048607993,2.506725880232284,12.542844518282834,-3.558718861209968,2.33
100645,48.0,Male,187.1,83.1,23.7,injured,Foot,plantar fasciitis,1.115847995,49.38271604938272,1.355755314110941,0.79,32.41150712155394,21.720079360385785,15.945053728839843,14.31857119876802,3.619440774539011,1.819370339679874,7.848070759046372,-1.1449488721303709,0.0,1.67
100646,33.0,Male,181.4,90.5,27.5,injured,Knee,patellofemoral pain syndrome,1.119169254,51.502145922746784,1.3038321813184168,0.77,30.819896828642896,17.033175565669993,14.508348476723384,14.625373334370387,2.983600930294399,2.014759001480181,5.336899082303882,-51.10737730551519,0.0,1.9
100647,58.0,Male,178.2,79.2,24.9,injured,Knee,Knee OA,1.167927936,55.38625407966789,1.265147441972203,0.7,22.512043729686383,21.25440476327902,15.935871092505051,10.202216166577756,8.69357462560037,0.9818832230553384,7.219322616700934,-15.328738236401216,2.3809523809523885,2.38
100648,50.0,Male,179.5,77.0,23.9,injured,Knee,Knee OA,1.227854444,58.53658536585366,1.2585508048364178,0.6416666666666666,27.336998521040584,16.548852704301833,10.638159912447527,11.0706717248979,3.822416330805094,0.765921269241294,8.943863935395914,-15.901394330594544,2.597402597402606,1.09
100650,53.0,Female,164.2,58.8,21.8,injured,Foot,pain,1.117781442,53.57142857142857,1.2519152149808277,0.7424999999999999,36.78339385572252,26.391406827447067,9.469484777274822,15.873683813003067,11.57401974152047,-0.7067660564066229,2.2412599002255784,6.141981576705127,-0.6734006734006741,1.6
100651,35.0,Female,163.0,53.9,20.3,injured,No Injury,,1.124450209,57.21185773567914,1.1792671569473665,0.6725000000000001,28.945500175310144,20.923541668922088,13.026352832471469,15.850093097332804,5.514867115383487,2.463080944812557,2.754814695186859,10.144695372485184,2.2304832713754665,1.49
100652,22.0,Male,181.3,69.6,21.2,injured,Ankle,achilles tendonitis,1.105747042,49.68965398991804,1.3351895530921665,0.775,29.589679056887466,17.216315599481,16.0301834054875,9.9041665727245,6.383988334855014,-0.1381620195708004,4.346572937956242,22.446655790053,0.0,1.4
100653,53.0,Male,171.4,72.2,24.6,injured,Knee,other,1.117831153,51.17294053464266,1.31065702655428,0.75,34.99040571334541,30.34355642325214,5.023756844775489,16.82825626537397,6.42264067217685,-0.6721727253522196,2.663711296848154,11.349257705687355,-1.3333333333333346,1.39
100654,37.0,Male,190.2,84.3,23.3,injured,Thigh,ITB syndrome,1.120188116,48.88003982080637,1.375030911917973,0.7925,35.88051155346528,16.759277250711065,11.549600496298762,14.57145175581657,3.882003162882892,-1.021171752983109,4.518342370744828,-0.2430232097973177,0.6309148264984233,2.95
100655,33.0,Male,176.6,71.5,22.9,injured,Lower Leg,other,1.116381475,50.52653972981598,1.3257030009828876,0.7825,27.396005870301792,24.005614785144783,14.735876718776296,14.414083028084097,6.818408216972094,0.7747564383545242,6.111491024944405,0.5287070869537733,-0.6389776357827482,1.34
100656,58.0,Female,164.6,68.6,25.3,injured,Foot,plantar fasciitis,0.714979892,52.74750753535822,0.81328962727486,0.7825,19.65025524171608,26.4214153943716,0.5387607999564239,15.47409531423224,8.170056409014263,-0.5475048936244133,-0.0340697591947289,24.95710524672096,-0.6389776357827482,3.01
100657,67.0,Female,166.1,75.2,27.3,injured,Lumbar Spine,low back pain,1.01356813,51.39209860239903,1.1833407915433591,0.77,25.91418699920561,22.37464523646382,11.16183100850481,15.347869594601724,7.298994321261178,-0.3890397977651445,2.7043769019347685,9.555406050855805,1.2987012987012998,1.98
100658,22.0,Female,172.0,69.0,23.3,healthy,No Injury,,1.119103468,56.14058180860866,1.196041831341713,0.6924999999999999,22.112919636775644,16.1633590531534,13.481901775253384,12.196062086431368,5.589697417292929,0.9152643561801376,5.586873462681852,26.948863320830966,0.7220216606498202,1.63
100659,53.0,Male,176.2,83.0,26.7,injured,Lumbar Spine,other,1.122049235,51.06382978723404,1.318407850781557,0.775,34.473285791105326,28.26454693354271,9.918927756805358,14.833933141165744,4.598852602943459,1.1575869823753542,2.7405772813390232,7.567851985641281,0.0,1.13
100660,44.0,Male,180.5,86.1,26.4,injured,Other,fill in specifics below,1.119200718,54.98303380671107,1.2213277838680172,0.71,26.98209291488581,26.289258449757696,11.238729410701255,12.05127085239588,1.7859275293508032,1.6729081575482263,6.2507357163640656,-19.984570895190647,1.4084507042253531,1.26
100661,49.0,Female,178.6,106.2,33.3,injured,,No injury,1.161064903,52.17391304347826,1.3355139762371786,0.75,29.354587364769145,15.710771671945077,15.476005611173289,13.280448969062345,8.516457863430784,-0.8838732380828623,4.936861460401271,-46.677355855863325,0.0,1.02
100662,67.0,Male,180.7,93.2,28.5,injured,Knee,Knee OA,1.136021881,52.55474452554745,1.2968712571487366,0.7375,37.54483559167852,27.12656589701907,13.941094330160972,15.911920208841376,3.871402298013581,1.1514853621859606,6.16558745563989,31.84051924807221,-1.1299435028248697,1.13
100663,31.0,Male,182.9,87.4,26.1,injured,Knee,other,1.125149206,51.836094939543216,1.3023602059722106,0.75,23.634984609265985,23.593310728753323,18.132309751367607,13.75748569804913,7.5803301320882,1.077968002587857,4.935774803359067,9.42499631465885,0.0,1.56
100664,48.0,Male,169.5,84.0,29.2,injured,Knee,pain,1.123597116,50.42016806722689,1.3370805681845233,0.755,33.578064499795346,26.537566595152526,13.747302156262368,10.047116757418928,2.4404057388291074,1.1392907014334075,4.243074171913568,-11.912268650444926,2.6490066225165587,1.59
100665,31.0,Female,163.8,56.2,20.9,injured,Knee,patellofemoral pain syndrome,1.120303034,59.04085772239931,1.138507958457339,0.6475,26.148434498425782,18.87853560458136,12.436475848045186,11.82810287067284,3.757044394789677,-0.2589978966972149,3.3313704920391585,-10.447879489066455,-0.7722007722007729,1.33
100666,38.0,Male,170.7,59.8,20.5,injured,Other,fill in specifics below,1.119973871,52.28782988418455,1.285170016572356,0.7525,36.40912436783805,25.17816364542192,20.453983792146783,14.89073389261952,4.343062171145308,-1.666926803956942,4.74896947222696,15.373267964007784,-0.6644518272425256,1.25
100667,39.0,Male,175.3,80.6,26.2,injured,Foot,pain,1.116096843,52.28782988418455,1.2807211268680163,0.75125,28.55880012920716,20.127229983593537,14.476745677129882,12.363580696018827,6.0091189265132,0.8361596526644683,5.208520833202872,28.9243432905388,-0.3327787021630545,1.43
100668,47.0,Male,174.1,90.7,29.9,injured,Thigh,pain,1.123025288,57.83166109253066,1.1651387366017305,0.6975,31.71107396205224,19.798681803560008,13.968097048517832,12.556364076520964,3.3920777141474274,-0.6070228433427769,5.294552211652738,-4.41438541090113,-0.7168458781362014,1.45
100669,42.0,Female,167.0,59.0,21.2,injured,Ankle,achilles tendonitis,1.118304006,54.29864253393665,1.235725926133402,0.6962499999999999,25.73557058630871,19.72843206035193,12.672112916751026,11.861534932724004,9.406849989324554,0.2591011675954293,3.324102341426448,-29.896668394587163,-1.0771992818671543,1.32
100670,39.0,Female,165.6,55.6,20.3,injured,Sacroiliac Joint,SI joint pain,1.12082071,53.81165919282511,1.249715091502575,0.7075,30.19062080295265,22.83905708108692,12.005942721436083,14.909193460537338,6.548737346654134,1.4990162688981958,3.662321122670719,12.233379338304106,2.120141342756185,1.35
100671,43.0,Male,174.6,63.5,20.8,injured,Other,fill in specifics below,1.118979169,54.54545454545455,1.2308770862405318,0.71875,43.94933340080917,22.575083022244293,19.290735696904004,14.372289859356314,3.079007201130008,1.2326645462593262,3.4255583644212857,-3.7287614668923568,0.3478260869565143,1.22
100673,58.0,Female,162.2,57.6,21.9,injured,Knee,bursitis,1.121647274,60.30150753768845,1.1160390377452196,0.645,29.09874712577033,24.24851805073279,6.686716586639223,16.093145724548183,8.21728574183366,1.7261567287380646,1.643168568195669,-6.0437669532321605,1.5503875968992262,1.07
100674,47.0,Female,151.3,64.9,28.4,injured,Lower Leg,medial tibial stress syndrome,1.118209842,54.17634829399535,1.238417399980349,0.7262500000000001,39.79012976879022,29.329198341787247,8.489901254186071,18.04632208080616,3.973315223499497,1.1033314548730024,6.208997312683822,18.84827552763795,0.3442340791738461,2.07
100675,40.0,Female,171.3,64.2,21.9,injured,Sacroiliac Joint,pain,1.122599454,51.282051282051285,1.313441361433506,0.745,29.07581241571998,20.85566611237334,24.33565952827994,11.62890679805338,7.664475298111356,0.2236776788670031,6.131661183920807,-21.122911110205603,-1.342281879194632,1.17
100676,31.0,Female,163.0,75.0,28.2,injured,Knee,meniscal tear-medial,1.120076083,53.57142857142857,1.2544852130095796,0.7424999999999999,42.230233441129485,22.05107805329884,19.18666073115751,15.060639401862083,13.080997063253042,1.4409806814716166,-0.5138974220040298,28.21304427793538,0.6734006734006741,1.58
100677,46.0,Female,164.6,69.7,25.7,injured,Knee,PFPS,1.121120119,52.863436123348016,1.2724713355734345,0.7375,33.90712915746275,16.718195294288986,16.67670332441014,14.129876136994408,5.330593120686863,-0.0504891947998258,4.933361919134563,46.212070374503874,-2.0338983050847474,1.56
100678,45.0,Male,184.9,84.1,24.6,injured,Ankle,achilles tendonitis,1.132963702,51.17294053464266,1.32839994013521,0.7725,36.99382682113685,26.28148179628328,12.460834498629872,13.9349156758647,4.057789479603724,-0.1187877668891022,5.691767275462494,6.68571816417525,-0.647249190938512,1.37
100679,53.0,Female,155.3,57.9,24.0,injured,Ankle,pain,1.05617357,58.18207401153792,1.0891789940507806,0.69,31.325350685699675,26.321689913234977,8.484635248447887,12.615133083750152,9.29363728023195,0.9366536648532618,5.6699220631442655,5.563129682917894,0.0,2.22
100680,27.0,Male,171.6,66.5,22.6,healthy,No Injury,,1.115732998,50.42016806722689,1.3277222679895089,0.7825,36.95246959504482,22.56015448513879,18.48297760617607,12.575347743288413,3.3012386819080395,1.287923091482696,7.304709682884319,7.798355727191464,0.6389776357827482,1.11
100681,33.0,Male,178.0,73.7,23.3,injured,Lower Leg,muscle spasm,1.128310117,55.87915670506412,1.211522987942983,0.695,27.240313019418096,16.789984849974942,15.380706314150348,13.790435013906436,5.691148265270887,-0.4788579720822556,5.841903197031318,-22.20877578328092,1.4388489208633106,1.16
100682,18.0,Female,155.9,53.8,22.1,healthy,No Injury,,1.121211539,55.81395348837209,1.2053024042979297,0.705,34.20056888704289,20.93802599906216,20.20343681603661,13.61390863743604,10.539048522454872,-2.1520923209161773,2.9327880422262567,9.26379537062527,0.0,1.08
100683,20.0,Female,157.9,52.1,20.9,healthy,No Injury,,1.118263507,54.4220485396956,1.2328855164882189,0.7024999999999999,28.157543023676737,13.999721715128706,11.746574870108866,12.252114330273828,5.5307768784115545,1.292997484080669,7.570625059009823,16.911367369778198,0.7117437722419936,2.36
100684,20.0,Female,171.1,72.7,24.8,healthy,No Injury,,1.120978838,56.07476635514018,1.1994473571876858,0.6924999999999999,23.948899781641984,12.051839369407016,16.57120060620126,10.803253971823487,7.680361331487367,0.6301943775336951,7.673700928240208,0.3577054389269937,-0.7220216606498202,1.91
100685,18.0,Female,162.2,63.8,24.3,healthy,No Injury,,1.133426063,54.66998754669987,1.2439351036810415,0.7112499999999999,35.92598956182508,15.61156437863298,19.423324329671424,12.02064669761145,6.437925628108191,-0.7987918151778934,6.103081174900511,1.7000296638308448,-0.3514938488576375,1.63
100686,18.0,Female,165.0,65.3,24.0,healthy,No Injury,,1.120053738,57.83166109253066,1.1620557536374363,0.67,25.42495325708569,6.578034233519071,18.814060715650285,13.1639475725348,7.632856198766211,-0.6693779108961162,3.629902824003444,34.248421350711354,1.492537313432837,1.17
100687,20.0,Female,152.0,54.5,23.6,healthy,No Injury,,1.116041999,59.25962054333512,1.129992524100396,0.6525000000000001,26.21452761993657,17.96990418880875,10.328770717265265,12.925988751929223,5.921033750806046,0.5217265625334129,3.822550987036153,1.8673451345713503,-0.7662835249042151,1.19
100688,21.0,Female,157.8,64.7,26.0,healthy,No Injury,,1.122483629,56.20639726207713,1.1982512737536124,0.69,31.400893335320973,16.210872928672046,21.075154588351367,9.821692817052735,6.605642735276712,-1.321103767660532,1.901828914355033,-11.987948181796384,-2.898550724637668,1.27
100689,18.0,Female,158.8,52.4,20.8,healthy,No Injury,,1.117860228,54.17634829399535,1.2380302020213954,0.705,28.05527634074582,19.32459614289368,16.47258049914156,11.416891105354289,3.013332789025185,-0.0689983421757831,5.2829957818918425,-0.5542244733646022,-1.418439716312058,1.5
100690,20.0,Female,165.2,56.0,20.5,healthy,No Injury,,1.108020317,54.7945205479452,1.2132822466624464,0.705,29.727924344066963,12.591989257457609,10.056312562701503,13.553740280057632,7.803705877368989,-1.5184617996541805,5.598144044189059,-18.443346734337727,1.418439716312058,1.0
100691,21.0,Female,166.0,64.0,23.2,healthy,No Injury,,1.113946708,56.604403313379336,1.1807835105258926,0.66,20.399636584053752,11.119094146377885,13.985443651820017,8.730598196819455,7.300242022881968,-1.299395775280935,4.898419598396703,20.703380662180983,-1.5151515151515165,1.51
100692,20.0,Female,158.5,48.8,19.4,healthy,No Injury,,1.117227331,57.971014492753625,1.1563302871794037,0.6675,23.85014115847082,14.100647123943295,12.77892595325537,12.551862711888813,3.5021028445010605,-0.509660116161911,4.060389483659884,5.518664319664269,-2.247191011235957,1.15
100693,18.0,Female,170.5,67.6,23.3,healthy,No Injury,,1.127447086,54.17634829399535,1.2486476472567478,0.68625,28.39951997675405,13.865243909958838,3.715955735076556,12.910600948161749,2.939352178226076,-0.7684594390047841,1.851826061268012,-9.611927535692349,-1.0928961748633643,1.65
100694,51.0,Male,178.0,78.1,24.6,injured,Lower Leg,medial tibial stress syndrome,1.120077907,52.00451722190853,1.2922898851093234,0.7575000000000001,33.57144792419086,19.00141595297976,14.871952861682228,15.0107489581647,6.031964427040272,0.5021873626237046,7.030528601988365,2.61389919215202,0.6600660066006606,1.27
100695,46.0,Female,163.0,67.7,25.5,healthy,No Injury,,1.118170819,54.54545454545455,1.2299879005586103,0.7175,27.109517208412285,24.23777195669309,14.097571875417325,11.147740487060876,6.711138793454137,-0.8546362871673656,5.811765280237249,16.061407660664926,0.6968641114982584,1.38
100696,39.0,Female,175.2,78.4,25.5,injured,Knee,pain,1.12354365,51.227495908346974,1.3159505000908678,0.765,34.40777289674298,21.82723448418629,12.885510826864426,16.41377446804345,9.196854775761324,0.923784661538326,3.636841188290254,11.910228870854423,2.6143790849673225,1.03
100697,33.0,Female,167.9,63.1,22.4,injured,Knee,pain,1.122591905,55.55555555555556,1.21239925779682,0.7124999999999999,29.43817362970637,14.50027655425068,13.339642485152773,16.786908490980277,8.828825222827021,-0.1202736551486212,7.224112521063455,90.23600389643016,-0.701754385964913,0.94
100698,40.0,Male,186.3,74.6,21.5,injured,Knee,pain,1.114231967,49.38271604938272,1.3537918398194952,0.79,33.21429017962288,12.76977916292497,22.155112407441152,15.000781903497472,4.494513900486368,-0.2230423638763743,5.625709642047243,123.65678930957492,0.0,1.28
100699,37.0,Female,170.3,66.3,22.9,injured,Thigh,hamstring muscle strain,1.120849331,53.09734513274336,1.2665597439030172,0.75,31.93720036832923,19.668573438412288,22.67282341132396,11.567743194327411,10.375026306024871,1.2922414974715657,4.466016989558019,-7.527632522198805,0.0,0.95
100700,45.0,Female,169.0,66.6,23.3,injured,Lumbar Spine,muscle spasm,1.120872216,54.29864253393665,1.2385637982498046,0.71875,31.64964131167585,22.893771981994306,3.653655361048141,16.95831963714232,7.634486812980493,-0.2801446600335668,5.762571126029116,11.71881413585966,-0.3478260869565143,0.93
100701,45.0,Female,165.2,51.4,18.8,injured,Hip/Pelvis,bursitis,1.122776814,55.04587155963303,1.2238267276759789,0.695,24.63990115179508,13.332899346809388,15.821894975655404,10.054562639610738,6.63810886513103,-0.2561110984984949,6.046724964903211,81.63215223359401,0.0,1.12
100702,33.0,Female,170.0,63.4,21.9,injured,Lumbar Spine,low back pain,1.124917199,56.60377358490566,1.1924122307164131,0.6875,26.4975025897931,12.075685943959416,13.115209254261362,12.599493882488012,2.232079159540697,-0.2395884779778765,4.525944334484105,-68.59648900358115,2.1818181818181674,1.58
100703,61.0,Female,166.5,71.8,25.9,injured,Foot,other,0.807450909,50.05230125523013,0.9679317773416654,0.81,26.595260598570064,23.88586641710308,10.307194538673103,17.821533745582478,6.470952239365008,-1.5952674055814464,1.7621355988760126,2.62663772564273,4.938271604938262,1.97
100704,50.0,Male,180.0,84.7,26.1,injured,Lumbar Spine,disc protrusion,1.218544036,53.57142857142857,1.3647693202000082,0.7475,38.215538203381215,23.36508073948533,12.786676195121704,13.747575403497212,5.30818383714433,-0.3201198423638949,4.9786143970208405,12.495811984029269,-0.6688963210702347,1.2
100705,18.0,Female,165.8,62.4,22.7,healthy,No Injury,,1.121795822,55.70661896243291,1.2082675837455688,0.7041666666666666,27.86952721659162,12.589126187535566,16.358001373873982,10.010419689004156,5.351573636727719,-1.2728690632526236,2.6599338916746813,7.681417024123109,1.1834319526627337,1.55
100706,18.0,Female,165.0,60.2,22.1,healthy,No Injury,,1.115392082,56.470900876959874,1.1851040876011538,0.675,24.22472200389973,11.068225304155275,18.80048109102044,6.364061009744134,7.321334614306281,0.1783300280717699,2.75833335204868,34.07214232291082,0.0,1.73
100707,54.0,Female,181.8,86.1,26.1,injured,Hip/Pelvis,ischial bursitis,1.125757745,47.05882352941177,1.4353411242531902,0.8325,44.06266013906378,20.800238068620047,16.447897361879363,14.08756474370882,8.123704108028203,1.0319746938305874,4.739758358291822,9.742309248196102,-0.6006006006006012,1.19
100708,39.0,Female,166.0,74.1,26.9,injured,Foot,plantar fasciitis,1.126410726,59.40594059405941,1.137674833395825,0.6625000000000001,31.07972360507958,19.021228938739405,9.561011287279422,17.968278815734774,6.562906316596079,-1.2320306229056652,1.7886615077253234,22.29207955738964,0.7547169811320761,1.06
100709,30.0,Female,174.4,63.8,21.0,injured,Thigh,ITB syndrome,1.124176943,51.55811826671676,1.3082609179791276,0.7675000000000001,29.55549274495885,22.29646175457163,13.936709100565489,15.398975730880773,7.641159469917141,0.4794414958262725,7.125428102752591,23.454994996839087,0.6514657980456031,1.4
100710,60.0,Female,155.5,60.0,24.8,injured,Hip/Pelvis,pain,1.116005157,53.932856623439584,1.2415557367349974,0.71,27.424238160277923,24.585892206450097,3.7633427967658033,15.143068821824194,4.886839805842126,0.2736647017164089,2.2166652666907827,-19.82030455773213,0.0,1.46
100711,59.0,Male,185.9,77.3,22.4,healthy,No Injury,,1.119431356,48.88003982080637,1.3741019893679576,0.7975000000000001,30.61164351123768,21.79038618272773,15.61565949530256,15.837542261524694,4.935053237219261,1.199947628552218,6.2542006031843975,0.0622224148778363,1.8808777429467096,1.45
100712,38.0,Male,177.1,69.8,22.3,healthy,No Injury,,1.118579767,50.2092050209205,1.3367028211557888,0.775,32.992394600873695,21.998743999061013,18.65838387148338,13.534421763778935,6.430974070744776,-1.4781328648250267,3.513500855282834,-7.686312534368263,1.2903225806451624,1.3
100713,40.0,Male,178.2,76.5,24.1,injured,Other,fill in specifics below,1.133965298,53.09734513274336,1.281380786614917,0.755,43.14149644231799,30.870863887960887,10.218288210107575,18.595012427956604,1.417729317713913,0.1282183646408985,4.246346036675692,2.097666941003675,-1.3245033112582794,1.59
100714,23.0,Male,196.5,86.6,22.4,injured,Knee,patellofemoral pain syndrome,1.134960041,50.0,1.361952048808257,0.7825,31.63135130236344,16.682433009449554,21.05561888010984,14.113993490633082,6.5116207293040045,1.0696016455102042,4.700929804007278,12.60630872670071,-0.6389776357827482,1.18
100715,34.0,Male,175.0,93.0,30.4,healthy,No Injury,,1.115333836,56.33802816901409,1.187830535769073,0.695,25.96576460533192,9.186143489847444,18.123987621355973,10.519427191903343,8.262975131701637,0.819160710689804,4.535302696039221,-49.027602623310216,0.0,1.74
100716,62.0,Male,172.5,76.5,25.7,healthy,No Injury,,1.113502916,49.02977584476413,1.362649194006731,0.8075000000000001,36.84281509680062,17.155187549545175,23.1346767091973,13.08131519637018,8.652868624947786,-0.4904386671947132,2.985220363116314,-3.0551801751680547,-0.619195046439629,2.16
100717,38.0,Male,185.5,93.9,27.3,healthy,No Injury,,1.114118875,50.0,1.3369426498160315,0.7775000000000001,29.05228182803802,9.846698310997516,21.06219374982504,8.15755638447704,5.707220383425731,0.6185696884736764,4.955307924928311,41.05348643902168,-0.6430868167202577,1.47
100718,26.0,Female,158.5,61.8,24.6,healthy,No Injury,,1.117711288,52.863436123348016,1.268602312132409,0.735,34.19863293764564,9.304300287388006,25.906359446884967,11.267361411150969,10.90812845107942,-0.0191526979926672,5.257585492477905,-0.474263286498413,1.360544217687076,0.83
100719,41.0,Female,169.0,61.6,21.6,healthy,No Injury,,1.120879663,53.39285714285714,1.2595885212918034,0.7324999999999999,31.97384630169537,7.859590938230969,17.66630164607376,13.829256587136737,7.668107496309147,1.5067596886199954,5.394065917757796,-28.91015343825765,2.0477815699658724,1.11
100720,22.0,Female,165.5,60.2,22.0,healthy,No Injury,,1.116211712,55.04587155963303,1.216670766232482,0.6975,30.228515588596707,11.938986382217855,16.409643159672434,11.352797484545023,6.318194309471767,-1.6582329764971804,1.0562743732197035,16.210775509101957,2.150537634408604,1.92
100721,29.0,Female,173.0,62.8,21.0,healthy,No Injury,,1.119013384,51.72413793103448,1.2980555255548962,0.7375,24.569690465919138,4.73145352193423,29.323423454862663,6.422068763731655,6.899553759769787,-1.2200439956670242,6.795469179900934,-135.48164535752025,-2.0338983050847474,1.62
100722,24.0,Female,170.0,62.2,21.5,healthy,No Injury,,1.118394512,53.45238095238095,1.2553978400627543,0.72,34.249959705346214,11.753586331884488,19.51907838450496,11.739743715289514,6.801044724500478,-0.3435698192006184,4.144100870582824,7.033199045965724,0.0,1.44
100723,48.0,Male,176.0,72.4,23.4,healthy,No Injury,,1.114938493,52.80547182935312,1.2668488625530916,0.7475,35.142938817558786,20.2796851674442,14.12676209776443,12.484017941848863,3.880828704864524,0.8600902792211674,6.585145898623695,14.601678135878258,-0.6688963210702347,1.96
100724,24.0,Female,157.0,43.8,17.8,healthy,No Injury,,1.132261602,56.33802816901409,1.2058586059846776,0.6875,31.436346072529943,14.705449029264589,19.757582916683543,11.384097163110038,3.5645853952043742,-0.4469101969980924,6.679727026512836,12.16528701611299,0.7272727272727117,1.81
100725,28.0,Female,174.5,75.4,24.8,healthy,No Injury,,1.117448761,52.516662836129626,1.2766852094037708,0.745,32.59877748546222,9.542712541010811,18.2554014919051,10.094282419676809,8.525647458452541,-1.323547062365284,3.311239924059829,-8.778214326468104,1.342281879194632,1.85
100726,25.0,Female,173.0,56.1,18.7,healthy,No Injury,,1.111483514,50.314686544073695,1.325444090083698,0.7525000000000001,35.687552817068934,12.1535211000215,20.102318639982805,8.43589868669277,4.127794532343959,0.7520223458608392,4.59056203083578,-3.977590679820946,1.328903654485051,1.79
100727,22.0,Female,170.0,63.0,21.8,healthy,No Injury,,1.116189221,57.142857142857146,1.1719986818349133,0.6725000000000001,21.361432522103883,16.113061757516263,16.125130479724774,12.572411924947623,6.101800027324337,1.833745427253984,3.017714162975893,-8.16100622664034,0.7434944237918221,1.87
100728,35.0,Female,171.4,57.3,19.5,healthy,No Injury,,1.117658826,53.87225790813235,1.2447925178634416,0.73,39.51060776185818,15.476670690802042,19.801534757265195,13.063788197701651,1.8049785704861223,0.3612496608720907,3.453572762153783,19.44574546928848,0.0,1.53
100729,51.0,Female,163.0,62.3,23.4,injured,Ankle,other,1.111831826,57.83166109253066,1.1535255191148597,0.6575,23.28646042612246,20.212962082274416,8.596397963082602,7.483977505804425,2.273753406229961,-0.4745495517816313,3.6343315781498178,-4.089962761434954,-0.7604562737642593,1.51
100730,44.0,Male,177.3,76.2,24.2,healthy,No Injury,,1.130276246,49.28152195911758,1.376111329729763,0.7825,31.55861202145917,22.66436016390034,13.23681649823722,13.666740211795624,7.344568248671921,0.9461156071500972,6.505841238920198,-1.4233483657524983,-3.194888178913741,0.92
100731,57.0,Female,161.5,55.5,21.3,healthy,No Injury,,1.115873001,56.87203791469194,1.1772460161196334,0.6875,29.33759900081759,15.31485342644601,13.474354985217095,12.967916394057646,4.602518695785479,-0.2032007930909356,4.093491946594569,-33.830720254749274,2.1818181818181674,1.45
100732,29.0,Female,171.5,67.1,22.8,healthy,No Injury,,1.122491038,57.6232977548767,1.168793793562946,0.665,21.7080515490145,11.645958136109469,11.235516069830926,12.81280140617795,6.747550640350944,-1.4116855860167428,3.264404757244514,7.182877024116044,0.0,1.82
100733,28.0,Male,183.8,69.4,20.5,injured,Knee,patellar tedonitis,1.116469742,52.516662836129626,1.2755666803168333,0.7375,30.922766466133567,20.36281454155971,7.958156311201373,16.50966858370368,5.862145444856874,-0.0862524812065876,6.193759112929195,5.44177857436648,0.6779661016949158,1.57
100734,48.0,Male,190.8,100.3,27.6,injured,Knee,other,1.121659539,47.80876494023904,1.407682721002478,0.8175,39.48449787369952,27.37942346699236,21.873378572520608,12.91549507063658,5.206869669020703,0.8115455350471125,4.3537867783901305,-5.281832002906039,3.058103975535157,1.46
100736,43.0,Female,168.4,63.1,22.3,injured,Foot,plantar fasciitis,1.125916687,55.55555555555556,1.215990021747861,0.6675,20.717884139162663,15.970317716290412,4.8418751062685965,12.925676078971865,5.695108261290905,0.5669318219490003,-0.6409723928073446,-5.039753213663092,2.247191011235957,2.12
100737,23.0,Female,174.3,74.6,24.6,injured,Knee,other,1.124805903,54.29864253393665,1.2429105222708008,0.71875,22.766057264992583,12.48894204775474,11.55681475993698,13.238241736170426,7.676786444799939,-0.6294968941965173,2.54107298545072,6.954612488649055,-0.3478260869565143,1.11
100738,24.0,Female,174.5,60.5,19.9,healthy,No Injury,,1.128787801,50.63291139240506,1.3376135446381523,0.77,34.92628279441328,15.085205695899711,26.67490459076889,8.493699105457642,6.642031677027297,1.178708704980023,4.351599334163297,8.186758533421004,1.2987012987012998,1.16
100739,27.0,Female,170.5,71.8,24.7,healthy,No Injury,,1.117421996,50.26194578249709,1.3339225076884205,0.77,34.37115228991493,14.799088034121915,25.21567487296681,11.233645588636255,8.296382417534838,-0.8572580063671635,5.344791719709738,-3.492446962856464,1.2987012987012998,1.25
100740,46.0,Female,169.5,55.7,19.4,healthy,No Injury,,1.118720081,56.07476635514018,1.1970304871897988,0.69,34.62399688509129,15.63780205444706,18.440958400344044,15.053878175919742,5.611686325950972,0.4386169753986996,4.489601116868062,11.737965822878428,0.0,1.16
100741,27.0,Female,162.1,57.7,22.0,injured,Knee,pain,1.117794251,53.57142857142857,1.2519295607121397,0.7224999999999999,37.04976693797786,22.24450002962491,15.51002351462297,16.701327216004984,4.543556236177984,-1.042661035612827,3.2029145817854974,10.967449617041687,2.0761245674740505,1.55
100742,24.0,Female,172.0,71.0,24.0,healthy,No Injury,,1.132738064,53.333333333333336,1.274330322378296,0.7224999999999999,32.11735543672427,12.40169931902885,19.64172999765988,14.88054851255408,7.992633250205962,-0.5022383521450682,5.039196922494085,-32.01965797270425,-0.6920415224913502,1.31
100743,44.0,Female,166.8,62.0,22.3,injured,Hip/Pelvis,other,1.121299292,53.09734513274336,1.2670682000379698,0.745,31.48443807694133,24.897980226026704,14.78804049396603,14.116499704340685,7.263762385837153,-0.1639013266442779,6.414214588781187,-4.930866347496089,1.342281879194632,1.21
100744,36.0,Female,169.3,70.6,24.6,healthy,No Injury,,1.116143169,54.29864253393665,1.2333382014833851,0.7175,32.76751368475158,29.212537204790884,13.137995390702386,16.433363207507732,8.494731866288198,0.8476581263973872,2.648010222710961,-1.3051912609012686,0.6968641114982584,1.26
100745,32.0,Male,172.0,84.0,28.4,healthy,No Injury,,1.139430711,50.84745762711864,1.3445282385039434,0.7725,40.244566882360346,31.14378498423304,8.45915334681403,17.366527001923203,7.1665507470638286,-0.1799413138445436,4.3637592581326405,16.9285241027059,0.647249190938512,1.3
100746,40.0,Male,177.9,78.6,24.8,injured,Hip/Pelvis,pain,1.113504018,51.39209860239903,1.3000159414549852,0.7625,33.68609992231495,29.682275862202463,18.867992255577384,16.388614131307875,3.9481198986680734,1.3360169990096569,5.346741752429875,0.837262146823916,0.6557377049180334,1.29
100748,20.0,Female,167.2,52.9,18.9,injured,Knee,bursitis,1.1242666,57.55428781744571,1.17204793019588,0.67,28.76196842620601,19.17887018229833,15.861373678392413,14.27874449497562,7.33447508399318,0.0802464044610715,5.127710429092894,23.05540191539904,2.985074626865674,1.7
100749,42.0,Male,173.6,77.6,25.7,injured,Thigh,hamstring muscle strain,1.12224124,53.81165919282511,1.2512989823902771,0.7275,27.087347972946247,28.30646120689632,14.072446877364657,16.333956733670313,6.717108802731821,0.0045030135775241,4.654690519152448,13.082302009699054,0.6872852233676982,2.16
100750,26.0,Female,173.3,67.8,22.6,injured,Knee,pain,1.128093771,56.07476635514018,1.2070603352699691,0.6975,27.396392663964264,24.085120215122863,21.76016190701202,10.38908233715127,8.46970968901398,-0.4858176542778514,4.942008622213242,-5.243555668676124,0.7168458781362014,1.39
100751,46.0,Female,160.8,56.8,22.0,injured,Lower Leg,calf muscle strain,1.120897336,55.17270536506997,1.2189758532902943,0.70875,30.723515073783176,22.04068655148059,7.211471089117366,13.15089691315795,8.986848292547979,-0.260015538691944,7.382824009542936,22.616468834200905,1.7636684303351065,1.48
100752,35.0,Male,180.6,85.8,26.3,injured,Ankle,achilles tendonitis,1.118532633,49.89626556016597,1.3450354907008295,0.795,40.84606473330837,20.55389368306417,19.979673575190247,16.819406838844152,7.559029407813009,0.3713612659854606,4.633597675389336,8.257927724403528,0.0,1.11
100753,44.0,Female,171.8,59.3,20.1,injured,Lumbar Spine,low back pain,1.124348099,53.932856623439584,1.2508372604995228,0.7224999999999999,28.18909988137466,21.834101681011457,12.370301713861114,13.79571538622561,4.212568361744159,-1.3245688103961657,3.305908732834163,11.016722388121408,-2.0761245674740505,1.33
100754,59.0,Male,195.3,95.3,25.0,injured,Foot,other,1.110113874,47.05882352941177,1.4153951892052246,0.83,35.51605237304841,26.781907570653907,5.020031149506119,16.094612933018325,4.160528601505094,-0.0194266324177061,6.742571441289525,2.44343257350448,0.6024096385542308,1.9
100755,46.0,Female,187.5,88.8,25.3,healthy,No Injury,,1.106050916,50.314686544073695,1.3189657167990791,0.7625,23.46612825390673,12.468310646360244,16.949167236876615,10.311316485027884,5.144877198167029,0.5297979619936085,5.6821002795774405,-14.081026008634865,-0.6557377049180334,1.55
100756,43.0,Female,165.0,56.0,20.6,healthy,No Injury,,1.11537703,55.29953917050691,1.2101840770616956,0.705,29.538146441442905,12.672281769174392,17.403239232132577,11.161385496961092,6.470143999772906,0.4545641882951969,4.712737829971952,-4.96608134891237,0.0,1.1
100757,48.0,Female,167.5,70.8,25.2,healthy,No Injury,,1.116404862,55.81395348837209,1.2001352271142232,0.72,28.065675225979646,9.79907977646508,18.69141662762028,14.74149180231763,7.373234662549214,0.6642256271465228,5.177933681376259,-5.810822597630176,1.3888888888888902,1.3
100758,43.0,Female,160.0,57.5,22.5,healthy,No Injury,,1.117566487,57.83166109253066,1.1594752299547793,0.6637500000000001,31.51412155451243,17.976579909192267,17.43227860506012,11.943816535230342,4.07784191917934,-1.2088574857081806,0.0636345506915825,-9.158688151269317,1.1299435028248512,1.95
100759,64.0,Male,181.0,75.5,23.0,healthy,No Injury,,1.111073944,52.92191337569685,1.259680083619556,0.7324999999999999,35.61070092556034,19.90199828147086,8.830814131105404,12.46410733336504,2.646917985360635,2.1773106463279968,4.436441756718365,-19.90610742884007,0.6825938566552908,1.65
100760,29.0,Male,191.0,86.6,23.7,healthy,No Injury,,1.119137027,52.863436123348016,1.270220525878203,0.73875,24.05590477959913,7.764583707751917,22.73264325249001,7.987436038615841,2.259570754438875,0.6624935317682898,7.220357935084217,-3.216931461377881,0.3384094754653058,1.01
100761,44.0,Male,181.4,81.1,24.6,injured,Lumbar Spine,disc protrusion,1.151448122,47.76133560994119,1.4465067035350585,0.8374999999999999,42.575329012445735,27.394735530584143,10.473854713489676,17.630477795284243,3.6114473116427366,1.5283266549304153,8.90318955535031,5.702734340773182,0.5970149253731349,1.86
100762,43.0,Male,185.7,76.4,22.2,injured,Knee,pain,1.119264764,50.0,1.3431177169936428,0.7875000000000001,29.825520527068303,9.305764870043216,19.570157316569013,14.972107313769602,3.4831063526462973,0.2433580088118709,7.016760307981649,-3.1781654862882034,0.6349206349206354,1.33
100763,38.0,Female,166.5,63.7,23.0,injured,Hip/Pelvis,pain,1.112088771,57.07515233581584,1.1690833205639373,0.6875,32.237312080678265,20.968785368167435,10.582653874499028,16.075043112200895,7.696230565575247,-0.1856265479307879,1.605021218088753,-8.131606876934141,0.7272727272727117,1.04
100764,33.0,Male,175.6,69.4,22.5,injured,Knee,pain,1.123696495,56.20639726207713,1.1995460085125536,0.6875,27.13510078329876,20.48517595717884,7.447535064145153,16.44347097249442,1.1079689030320494,1.424148392963119,7.969187153642453,-3.557130152147558,0.7272727272727117,1.84
100765,58.0,Male,178.0,83.0,26.2,healthy,No Injury,,1.11176838,52.40174672489083,1.2729747954293869,0.7224999999999999,32.68105155901645,17.346379637992776,18.352812555399023,8.98566499161292,3.941589934755912,2.1956001678288644,4.220553716975375,8.23562138146934,4.844290657439451,1.59
100766,39.0,Male,176.0,70.2,22.7,healthy,No Injury,,1.31414372,52.80547182935312,1.493195801570815,0.72,48.268613277282185,17.225593381080607,33.04421614271436,6.710056506387048,2.234914009999808,2.5407315828759987,3.0873055294980896,-2.88867140636677,0.0,1.86
100767,33.0,Male,180.0,69.0,21.3,healthy,No Injury,,1.129469399,51.282051282051285,1.3214791969849125,0.7475,15.487621648364268,12.228128608956226,16.21543585220444,7.831911716802169,5.626585358726555,-0.4029726887908356,10.079345555226608,-37.51978921083618,-3.344481605351173,1.85
100768,62.0,Male,189.9,89.9,24.9,injured,Lower Leg,medial tibial stress syndrome,1.129267763,51.502145922746784,1.31559694446382,0.77375,32.89347020976186,27.1724673149948,5.200429639339818,15.625106726851364,4.392683457870882,-0.6203123044142573,5.06395439417914,11.043174623597034,3.554119547657522,1.6
100769,35.0,Male,181.5,92.7,28.1,injured,Knee,other,1.12583168,48.88003982080637,1.381958386644608,0.7825,30.689772970704382,20.60024154706486,12.90755355314466,12.609418327405834,6.761231334977749,2.418208089238666,5.79848639553,5.966128062582772,-0.6389776357827482,1.5
100770,36.0,Male,182.0,92.7,28.0,injured,Thigh,hamstring muscle strain,1.124753941,50.95564370717634,1.324397765223064,0.7675000000000001,27.0904808370442,23.57286351867463,17.77955527648942,14.88020576037458,3.6907024558424,0.5651610489767067,6.211171923161267,16.66470491545368,-0.6514657980456031,1.49
100771,35.0,Female,162.4,55.1,20.9,injured,Knee,patellofemoral pain syndrome,1.126586781,53.69154388212684,1.258960727999615,0.73,50.31951182654132,33.38905056963701,6.714150323572647,17.222362934393722,6.243251342415456,-0.0763252963869418,3.210491349578262,-4.501253882073941,-1.3698630136986314,1.72
100772,52.0,Male,167.0,66.8,24.0,injured,Foot,metatarsal stress fracture,1.111408148,58.25242718446602,1.1447503929272582,0.6737500000000001,34.24523293727373,31.10673730005423,9.920111077145672,11.504483763224606,6.144834585821095,-1.419451506716749,4.615536806869308,1.9984341743492104,-0.3710575139146488,1.49
100773,48.0,Female,165.5,69.5,25.4,injured,Hip/Pelvis,other,1.2353,57.971014492753625,1.2784307766249896,0.66875,34.645310493481134,24.619736916395656,9.41039541500108,11.791091441950751,11.38243472403349,0.4961598738262713,-2.3675418710361864,36.41449345578745,2.616822429906536,1.24
100774,45.0,Female,169.0,57.7,20.2,healthy,No Injury,,1.123950021,53.57142857142857,1.2588240231600931,0.71,27.85663397369325,15.295893992339078,20.182521347435355,11.790197560149796,4.364846734253669,1.2388102548911006,2.7188492733910072,-6.250870072038497,0.0,1.8
100775,47.0,Female,167.5,52.3,18.6,healthy,No Injury,,1.114860515,56.00956313844816,1.194294326376773,0.6975,31.828525582352142,19.248130082032503,9.32881581668054,15.766189254650705,3.982054692534532,-0.7409441642794483,3.719774293903331,-6.84410868833612,-0.7168458781362014,1.1
100776,35.0,Male,183.0,81.0,24.2,injured,Lumbar Spine,pain,1.114712075,49.68965398991804,1.3460148299644532,0.7875000000000001,30.82268721920775,17.93681601755274,12.779770444642782,14.611665199624388,6.123201433854385,0.7127345588510021,4.757257055241323,11.772981070592175,1.9047619047619064,2.06
100777,38.0,Male,171.9,69.2,23.4,injured,Foot,plantar fasciitis,1.125900115,53.69154388212684,1.258193378861086,0.7324999999999999,33.02809256090524,22.74019617191681,10.381759077978202,14.578474849980058,2.3550117421689225,0.0933624563441209,6.436850952171242,-17.47301073458975,0.6825938566552908,1.31
100778,33.0,Female,173.1,65.1,21.7,injured,Lower Leg,calf muscle strain,1.11584132,50.84745762711864,1.3166927572641085,0.76625,26.5581725244046,15.449756768753756,15.145183343866265,6.598058801581819,3.4260221533906887,0.5137994800107455,2.861025209687234,-3.9081184043632944,1.6313213703099454,1.44
100779,42.0,Female,165.2,119.1,43.6,injured,Foot,plantar fasciitis,1.118027593,54.4220485396956,1.2326254216850654,0.715,36.396065638460186,17.744213982188384,10.743693190330175,15.133627795472972,14.758720157992377,-0.9866164899581248,0.4103453166881545,14.278773620654002,1.3986013986014,0.98
100780,50.0,Female,166.0,53.4,19.4,healthy,No Injury,,1.112126208,54.054054054054056,1.2344600911982393,0.7024999999999999,35.14875717454686,24.50692596831816,16.650247395911748,14.646900164670283,4.6302731790325895,2.562618568611239,2.839503031031656,-17.775465584021187,0.7117437722419936,1.41
100781,37.0,Female,164.5,77.4,28.6,healthy,No Injury,,1.122825412,54.17634829399535,1.2435291434578102,0.7175,30.14843888087705,10.917714393943992,10.236690390724736,8.976345098905824,6.711653840765688,-0.8101117321761724,5.4264608670263765,9.955647677017556,-0.6968641114982584,1.35
100782,41.0,Female,170.4,89.9,31.0,healthy,No Injury,,1.116259586,50.314686544073695,1.3311395563395312,0.7725,24.97663308308279,17.633944399807433,11.83383956724972,15.370539971889537,9.660489310642973,-0.6717254724988551,4.803811332430664,17.199189688050815,1.941747572815536,1.36
100783,51.0,Female,174.5,62.6,20.6,healthy,No Injury,,1.112388982,50.0,1.334866778543503,0.7775000000000001,32.27380930541932,10.140257472742563,14.916855329460278,12.921960363006775,8.911364400265239,0.4651237527570995,1.0794397534260416,-1.750315086169547,0.6430868167202577,1.39
100784,46.0,Female,162.0,59.7,22.7,healthy,No Injury,,1.11532655,55.04587155963303,1.2157059391106324,0.72,34.13746835118749,20.08408763663459,11.612420999689686,13.973632929326367,4.018167086351612,-0.2990081791593566,4.682588973567554,-6.5180030426833415,1.3888888888888902,1.45
100785,33.0,Female,170.0,79.4,27.5,healthy,No Injury,,1.127648192,52.74750753535822,1.2826998186113432,0.7324999999999999,28.409228310453443,16.138613333853076,16.96128566724908,9.17694094112537,9.32675471807666,0.6176631483451874,4.47150140418078,25.75004044269588,0.6825938566552908,0.81
100786,51.0,Male,184.0,108.8,32.1,healthy,No Injury,,1.113607039,46.15384615384615,1.447689151345482,0.84,38.4036792121675,20.458316455588744,18.200931040143264,16.826134603682178,4.455621036023784,1.6222410064867558,4.188092536289969,-22.43234815414792,0.0,1.26
100787,42.0,Female,163.5,64.6,24.2,healthy,No Injury,,1.12377364,57.971014492753625,1.1631057175491373,0.6675,30.32694863119468,18.38365192634796,16.319891027336126,14.64002719802125,5.8940185718057805,0.4028516443949526,5.8583237395071786,-1.652849318946089,0.7490636704119857,1.39
100788,46.0,Female,165.0,57.8,21.2,healthy,No Injury,,1.208724841,59.55371656568642,1.2177902776069822,0.645,31.91037706544404,15.95413614213076,20.39971384391852,9.460753978690008,5.870952966451746,0.2448352988836037,5.1167604915059375,28.84976944829626,0.0,1.99
100789,38.0,Male,171.0,84.7,29.0,injured,Lower Leg,other,1.113609867,54.85735830086716,1.2180107920276693,0.735,30.048762557770544,18.058064171491143,14.307460868881163,14.671685804728176,7.822512509269711,0.2285895094237493,8.476669139666576,25.28190417187118,0.0,1.67
100790,50.0,Female,161.4,79.1,30.4,injured,Knee,synovitis,1.117159829,58.25242718446602,1.1506746234420109,0.665,31.642085335648545,18.380253328208447,11.552057609563176,15.685914804459232,5.727708746972721,-0.673887654252521,4.96079259977079,-15.52225806055018,1.503759398496242,1.03
100791,41.0,Male,179.3,80.3,25.0,healthy,No Injury,,1.12672037,50.42016806722689,1.3407972407920987,0.7762500000000001,32.001062914341674,16.171242321674136,13.80089843440524,17.093946570195225,6.120650160056813,-1.3205761793331363,4.485054905727882,0.0647903619549627,0.3220611916264164,1.11
100792,26.0,Female,163.7,64.5,24.1,healthy,No Injury,,1.122434425,54.17634829399535,1.2430961259913356,0.7075,31.63548500516771,9.622126325361474,12.658080780251524,10.049804901635769,5.726446182063646,1.3705649641723523,6.010273132614799,26.187664313101248,-2.120141342756185,1.67
100793,32.0,Male,183.5,75.1,22.3,healthy,No Injury,,1.112584723,52.34478830453769,1.2753002391568842,0.7075,27.597053349522863,15.437258039425828,20.313527171391428,13.50794064113204,5.712133675666388,-0.9057777200364654,3.902370124209256,9.676581577478627,-0.7067137809187285,1.21
100794,27.0,Male,177.0,67.5,21.5,healthy,No Injury,,1.112619185,53.03886788039453,1.2586504534277296,0.745,33.51293588633729,14.656870051592206,22.44613749702367,12.023162903654717,3.524901959054075,0.3379411438094506,5.8380713200799415,41.42438588911403,0.0,1.5
100795,33.0,Female,172.5,60.6,20.4,injured,Hip/Pelvis,labral tear,1.125933034,53.333333333333336,1.2666746632567838,0.71,30.641966183586334,16.407875833208735,16.841920767897463,12.387246221316778,2.867800689375408,-0.6339773548159925,6.029568906225906,-22.808501192408823,-1.4084507042253531,1.62
100796,29.0,Male,167.2,71.5,25.6,injured,Foot,other,1.113002894,52.40174672489083,1.2743883132824083,0.7375,26.918004675526504,22.5280759827109,12.658670049604677,13.20157182512051,11.473273926843998,-0.168073889260075,5.387859746921697,8.211269228051389,0.6779661016949158,1.15
100797,58.0,Male,180.0,97.3,30.0,healthy,No Injury,,1.119590436,55.29953917050691,1.2147556226926768,0.7,26.682385953372147,17.239888563129767,16.011677901459784,15.72837847764012,7.496629081408469,0.5995755512540577,8.860789098757815,12.455182823863154,0.0,1.0
100798,55.0,Male,175.0,91.0,29.7,healthy,No Injury,,1.119768764,54.054054054054056,1.2429433276901007,0.735,45.21701855871368,21.67726761424681,15.44213983085804,13.95799269125896,3.05529672617907,-1.0847755796273884,4.493770361211016,-17.991700466434708,0.0,1.4
100799,40.0,Female,175.5,68.0,22.1,injured,Hip/Pelvis,pain,1.121988806,55.81395348837209,1.2061379667427898,0.7075,29.773946628545787,17.932885701510976,9.144059142776378,15.905202158981211,13.661975913683271,1.0756522030357618,5.566716758373716,8.198681619368568,2.120141342756185,1.42
100800,60.0,Female,153.5,53.7,22.8,healthy,No Injury,,1.12724097,61.224489795918366,1.1046961506315136,0.625,25.36239869613408,9.447889668397549,21.59486028933301,10.321232915924815,8.630340622813888,-0.9183047564120888,5.941254690590304,4.8396387028479575,1.6000000000000014,1.12
100801,40.0,Female,162.1,76.5,29.1,healthy,No Injury,,1.121437774,55.29953917050691,1.2167599851239157,0.7024999999999999,25.534574072772926,7.172662021775288,15.329892047268212,6.919227497124394,9.243471018650949,-0.6267473181874561,4.214849597958789,42.8356209793613,0.7117437722419936,1.32
100802,53.0,Male,182.8,97.7,29.2,injured,Foot,pain,1.120437854,53.333333333333336,1.2604925857440632,0.73,31.80450648131051,22.45245507503283,8.989281292989205,17.45536412953136,6.7044123376665805,2.68691359484077,4.420741467306779,10.280209014545248,1.3698630136986314,1.55
100803,37.0,Female,162.2,74.2,28.2,injured,Hip/Pelvis,pain,1.12786598,54.7945205479452,1.2350132481734677,0.725,38.69170805955128,28.82955928385643,9.954760235211186,19.450568952875976,10.470224771226135,0.1831122190617802,1.5593922313322928,-4.625606962735397,0.0,1.09
100804,50.0,Male,181.2,79.1,24.1,injured,Lower Leg,pain,1.121389563,49.79253112033195,1.3512744235891858,0.7925,40.991665513901694,26.80378350963532,10.731589613146722,15.789704410784507,2.071412997147514,4.453496109668035,9.402266064618384,-1.834370204811106,1.89274447949527,1.38
100805,61.0,Male,183.0,95.8,28.6,injured,Lumbar Spine,nerve impingement,1.031035056,54.054054054054056,1.1444489120280426,0.705,25.893495811112416,24.840511732190688,1.3098566696552516,11.630981955008656,4.607421307951578,2.283509272399548,3.9056995245882926,5.764429380984393,1.418439716312058,1.99
100806,36.0,Male,173.3,72.1,24.0,injured,Hip/Pelvis,osteitis pubis,1.118790162,60.75988309490848,1.1048052850521874,0.6225,21.666385050914897,17.09070549701333,13.24253793778844,9.44234373938001,2.0432794781585413,-0.2613946529940809,3.8876640264041673,25.153831827433983,-0.8032128514056232,2.0
100807,40.0,Male,170.0,75.5,26.1,injured,Other,fill in specifics below,0.392263038,39.41407429779522,0.5800761823441896,1.195,35.116377694241464,33.67721764491902,-2.9587442693503383,27.3405274813241,2.881026216899549,-0.5516713619284959,2.438125883791776,-57.95626998849241,15.899581589958151,5.92
100808,38.0,Female,165.4,51.3,18.8,injured,Knee,other,1.117822507,53.69154388212684,1.249166651856055,0.705,25.62923556401404,17.150192246788134,19.867209044965875,10.748527375565846,8.787700675487429,-0.7365274213763209,2.283212750407872,-13.203644354273344,1.418439716312058,1.32
100809,32.0,Male,179.5,82.6,25.6,injured,Ankle,achilles tendonitis,1.128390011,53.274336283185846,1.27084924938109,0.74,30.13311415873443,19.80843850839004,15.350114002108274,14.885974966193594,6.529694286275136,0.3042953025176929,4.3232315169864535,-16.88403206944816,1.3513513513513526,2.05
100810,43.0,Female,165.6,54.6,19.9,healthy,No Injury,,1.120638569,55.29953917050691,1.2158928470532189,0.69,28.050306904105582,12.68157216151642,23.72348129991524,6.394206172339356,7.629599553948394,-2.1992556565943207,2.217014846559364,36.55351420880846,0.0,1.42
100811,48.0,Male,186.2,79.8,23.0,injured,Thigh,ITB syndrome,1.114810711,47.66647694934548,1.4032679826621943,0.835,38.28850975516031,27.333034533450565,15.946428126513483,17.204136217432147,10.689283521391197,0.7963899587188168,4.570690181247068,7.6605513860845456,0.0,1.35
100812,39.0,Male,183.0,84.7,25.3,injured,Hip/Pelvis,pain,1.131369839,50.2092050209205,1.3519869581804662,0.795,38.17218674075116,24.47622226751237,11.73033455555058,16.399786878449262,2.965344870388685,0.0219977402366855,5.549448343640433,-5.898677101518676,1.2578616352201268,1.59
100813,44.0,Female,173.0,72.4,24.2,injured,Knee,patellofemoral pain syndrome,1.112276922,51.502145922746784,1.2958026139635308,0.755,30.00067027289652,18.916653505168423,11.605109498460664,10.881867145291796,5.332375053367385,-0.8669761724678808,5.402260063416891,-10.776369332559325,-1.3245033112582794,1.65
100814,30.0,Male,174.2,77.7,25.6,injured,Hip/Pelvis,other,1.116657913,52.28782988418455,1.281364955599312,0.745,27.84719454090896,22.988782274571243,15.50750672316935,15.714065382359507,8.352838923453614,-0.0841149404753286,5.361311062588733,15.202231186639706,-1.342281879194632,1.38
100815,25.0,Male,174.7,69.5,22.8,injured,Knee,pain,1.130034306,54.4220485396956,1.2458628220773724,0.7024999999999999,24.021945818797803,10.04771171945938,11.915602668921926,14.462742445937767,7.703030673494712,0.1693171354214304,2.9428184822592973,-20.613260279565296,3.558718861209968,1.08
100816,36.0,Male,170.9,72.3,24.8,injured,Thigh,hamstring muscle strain,1.116544822,51.94805194805195,1.289609269905719,0.7775000000000001,40.84058106140549,28.38194165313984,18.04580382962052,14.205729895047437,3.6470357021605904,-0.9827514578541128,9.370396318799088,16.70887536440206,0.6430868167202577,1.46
100817,49.0,Male,186.5,83.0,23.9,healthy,No Injury,,1.116611008,52.17391304347826,1.284102659140606,0.76,35.84579781511201,18.1397529915978,11.649481938093842,11.49150460406056,4.661191108317015,0.3701923612088453,2.420131028282352,10.799501302380596,1.3157894736842115,1.7
100818,33.0,Male,184.0,84.6,25.0,healthy,No Injury,,1.120281942,52.28782988418455,1.2855235280356134,0.7324999999999999,25.47010650964012,12.326021870605944,10.01012228384455,8.836875511723427,0.4105029364704181,0.4431436937497363,6.071878760066765,32.25139124796838,0.6825938566552908,1.52
100819,39.0,Male,167.0,73.9,26.5,healthy,No Injury,,1.096340116,52.63157894736842,1.24982773221297,0.76,35.92757569714769,17.991550875876385,19.203789715233693,15.108467851493094,3.1585870080418195,1.0242177559034404,3.694453629376572,9.84100710578839,0.6578947368420912,3.88
100820,41.0,Female,160.0,62.1,24.3,healthy,No Injury,,0.952288584,53.81165919282511,1.061801770759761,0.745,28.672775668883617,18.680649423203647,14.056884216413565,14.77194072720869,5.167982889555187,-0.5013481241054201,4.059440700057498,4.412053031715528,0.0,1.22
100821,59.0,Female,161.0,51.6,19.9,healthy,No Injury,,1.123679211,56.07476635514018,1.2023367555252331,0.685,28.1564249636582,18.653763327018137,17.376051856600263,9.785933011578798,5.776939955081772,0.7986923554957346,4.074528188593051,-10.954862338718112,1.459854014598525,1.73
100822,34.0,Male,178.6,82.0,25.7,injured,Hip/Pelvis,hip flexor strain,1.13780624,50.2092050209205,1.359678457062114,0.76,29.871614851922573,15.09757046556747,16.579865609399775,16.428811273143474,7.552492564711395,1.0948504430684212,4.9843201651106135,35.78108553279995,0.0,1.39
100823,35.0,Male,178.8,74.8,23.4,injured,Knee,pain,1.115100374,52.98039062804569,1.2628511732324892,0.74,31.12574561926226,22.09065150361622,14.22665362971448,15.408575773307614,7.446005999714237,0.1606662717087428,8.609592267381954,14.596713412170065,0.0,1.52
100824,20.0,Male,164.0,54.0,20.1,injured,Ankle,achilles tendonitis,1.127072864,48.19277108433735,1.4032057156869857,0.8200000000000001,39.98791045989776,22.591958695214963,29.89729009917964,11.725394398632968,0.7243466556298168,0.7599004988586724,7.614003297780574,0.9097363800049796,-2.439024390243891,2.75
100825,57.0,Male,179.0,88.1,27.5,injured,Lower Leg,calf muscle strain,1.113465686,51.94805194805195,1.2860528669973446,0.74,24.124004364407483,18.68608371788453,10.10091227199214,14.66224637809645,4.611565473739065,0.2704307396433515,4.586019558183427,3.596036730334305,0.0,1.18
100826,25.0,Female,160.6,50.9,19.7,injured,Thigh,ITB syndrome,1.228293815,52.0609824957651,1.4156086214196963,0.7324999999999999,43.314470586282425,20.716961969854644,19.802027670826085,11.496268032240032,7.920839720973469,-2.0482405676233792,6.546764835257596,1.9908225979907737,0.6825938566552908,1.05
100829,27.0,Male,184.6,91.0,26.7,injured,Thigh,ITB syndrome,1.223972985,53.09734513274336,1.3830894735174757,0.725,35.20728735392467,19.654028121414985,8.744666764550887,15.174835037948434,3.655418057326816,-0.4303604041492368,4.688921155998738,-8.845872760165417,-1.3793103448275874,0.98
100830,23.0,Female,163.0,59.8,22.5,healthy,No Injury,,1.041277449,54.54545454545455,1.1454051938168448,0.7124999999999999,27.961074772678217,17.612637282940266,23.737723843140103,9.93301196764166,6.780534719107307,0.383687091084357,2.30626093481904,42.88269477366582,0.701754385964913,1.45
100831,38.0,Female,157.8,59.3,23.8,injured,Foot,plantar fasciitis,1.138487041,58.68005738880918,1.1641029994146077,0.6725000000000001,28.93809292291627,24.268039162178365,11.300272631263418,14.15052667796524,6.535381254144751,0.485587908116261,6.487644432421885,-18.16103519581164,2.2304832713754665,1.07
100832,52.0,Male,175.0,66.1,21.6,healthy,No Injury,,1.115657812,47.90438247011952,1.3973614089229054,0.805,27.866856272378183,14.496116724800872,19.454318457921403,13.153616013710469,6.313421017178859,0.1136900839123955,4.57520954327864,-2.2272923000911016,1.2422360248447215,1.36
100833,51.0,Female,165.0,63.9,23.5,healthy,No Injury,,1.118458715,52.0609824957651,1.289023669104214,0.74,35.71362464310192,15.934928603804291,11.4372762212364,15.034302116124003,4.887476336827232,-0.2579833539872074,-0.5419304884072115,19.116160212811785,0.0,1.85
100834,61.0,Female,168.0,82.1,29.1,healthy,No Injury,,1.121758871,51.502145922746784,1.3068490845318184,0.7525,45.36082729318923,26.12077503820373,10.323693238862235,13.544840012786302,4.967072082978676,1.7583988097530097,2.2815253136623617,1.970812916643732,1.9933554817275767,1.99
100835,56.0,Female,170.5,63.8,21.9,healthy,No Injury,,1.131695794,53.03886788039453,1.2802308667988278,0.7375,46.47403166752704,25.436205336137952,11.884628349360357,13.905334897061294,7.467265473758895,-5.372444026244914,1.0631681237918835,-10.708548908100818,-3.3898305084745792,2.23
100836,51.0,Female,168.7,75.2,26.4,healthy,No Injury,,1.130506115,58.8235294117647,1.1531162369029595,0.66,32.67762588885057,17.744288917913497,13.961501990851913,16.621328451469964,4.8443311149295125,-0.4435731268204199,0.1110342123614496,22.45150844435309,1.5151515151515165,1.58
100837,55.0,Female,160.5,58.7,22.8,healthy,No Injury,,1.104361532,59.18646051797298,1.119546503422006,0.6375,29.27986077704409,24.165738828496195,10.90085953955042,10.040384003435456,4.171621961026168,0.1853135300181041,-0.102084163230686,16.907777093035417,2.3529411764705905,2.25
100838,57.0,Female,159.5,75.0,29.5,healthy,No Injury,,1.121428853,58.53658536585366,1.1494645748203391,0.66,25.362644431295223,20.75382733097524,15.776782803303506,17.130142515479953,11.886119760502629,-4.828057375507527,2.130777686968752,20.274373281696693,1.5151515151515165,0.88
100839,53.0,Female,167.2,80.5,28.8,healthy,No Injury,,1.117976174,50.74018450976185,1.3220068253402966,0.7675000000000001,33.08651895608199,17.066339842006748,15.332480646605893,13.953720615645109,7.805512040031461,-0.3436688543684871,3.4246456079408363,9.570426318181095,1.954397394136809,2.63
100840,53.0,Female,168.1,56.9,20.1,healthy,No Injury,,1.124843308,49.535761656973776,1.3624664562246145,0.77,36.11051345899733,21.216034208072507,18.161878295803195,11.06512112189189,8.300483745614178,0.9409386285651474,1.3468816214498638,34.656794606365416,1.2987012987012998,1.67
100841,43.0,Male,193.3,81.6,21.8,injured,Lower Leg,medial tibial stress syndrome,1.115445857,50.314686544073695,1.3301691841671897,0.755,31.13422832317417,26.042777164330168,8.2752440904918,16.8304381923039,1.8493712510442808,-0.0931640429301958,4.60640373527065,-7.044316489320684,-1.3245033112582794,1.53
100842,19.0,Male,178.7,65.8,20.6,healthy,No Injury,,1.13515818,52.92191337569685,1.2869855865069857,0.7424999999999999,28.91460232674416,18.097822651560165,9.348893051025604,15.86211394259277,3.1064765820460547,-1.3776731127485464,5.926464950729593,-14.39021790035166,0.6734006734006741,2.24
100843,44.0,Female,177.1,72.6,23.1,injured,Foot,plantar fasciitis,1.112952025,54.054054054054056,1.2353767477786377,0.73,27.86108859150169,30.640813845109783,2.2977136147083304,10.511052016490574,5.382748140671435,3.4166566873687545,3.922517399730873,-20.45143310416235,1.3698630136986314,1.67
100844,19.0,Male,178.3,69.0,21.7,injured,Ankle,achilles tendonitis,1.128270649,54.054054054054056,1.252380420228008,0.73,28.997119825800524,20.06991485053709,17.563376192753225,15.354669588913096,4.891648149944322,2.002504294124089,5.711474294692057,-13.261849136309277,0.0,1.29
100845,61.0,Female,175.1,100.3,32.7,injured,Knee,osteoarthritis,1.027049434,53.09734513274336,1.1605658598580408,0.73625,32.52139203088996,22.15298022591633,4.145108374184114,14.537997491509692,8.692378849461104,-1.7484495824951662,6.364357564020611,14.789136715027182,-1.018675721561978,2.02
100846,40.0,Female,156.0,58.2,23.9,injured,Lower Leg,calf muscle strain,1.129175066,54.66998754669987,1.239269634935804,0.7024999999999999,30.30360656452945,26.352886673333305,10.297371989124809,12.79261688782981,5.934965026782624,-1.0891586258960937,5.972995667447888,5.551097009997625,0.7117437722419936,1.4
100847,49.0,Male,183.5,79.2,23.5,healthy,No Injury,,1.120224253,49.38271604938272,1.3610724678794546,0.785,31.00548112997604,16.61294758326961,21.205997421354446,11.832722042708506,5.719437624022108,-1.2182178095154952,2.2530941883940123,-15.723386772559955,-1.2738853503184724,1.46
100848,29.0,Male,171.0,65.8,22.5,healthy,No Injury,,1.112133975,52.28782988418455,1.2761737363028791,0.7375,26.389393681647448,12.57547796769683,16.33175174783912,8.823614692485252,1.513670584701625,0.5493609603452084,6.803289204264164,18.096739595397544,-2.0338983050847474,2.01
100850,35.0,Female,161.0,57.1,22.0,healthy,No Injury,,1.115037648,53.274336283185846,1.255811151085887,0.7175,25.958095882865702,3.309490666713296,13.586162891454912,10.569905452856876,9.093747864671442,-0.2687193054160479,4.771184584030703,200.0,-0.6968641114982584,1.59
100851,34.0,Female,176.5,64.0,20.5,healthy,No Injury,,1.123655711,51.94805194805195,1.2978223466985397,0.7424999999999999,31.96665592575837,14.470549047388715,18.954294161563567,11.840392698224976,8.346799485326423,0.1554354028466624,5.376766691444009,-2.257965595648307,0.6734006734006741,0.93
100852,48.0,Female,170.0,58.7,20.3,healthy,No Injury,,1.128098759,55.55555555555556,1.2183466599964794,0.6924999999999999,29.884178429059205,19.93239798636374,11.873510669440693,11.942042025725293,8.071777657987685,-1.4547206211140842,6.783462884068484,21.61645671273136,-0.7220216606498202,1.09
100853,52.0,Male,186.0,85.0,24.6,healthy,No Injury,,1.113319598,50.10460251046025,1.3332002186506593,0.7625,28.72990382630644,14.599224828266417,22.52630717304756,10.409766800471536,6.784033575473355,-0.4688590769745886,2.4417720471939983,-29.052551325769706,-0.6557377049180334,1.16
100854,29.0,Male,181.0,68.7,21.0,injured,Knee,other,1.114833478,50.0,1.3378001732435991,0.7675000000000001,22.345019440456326,22.25633753672701,18.70220803577315,13.242874948015348,3.4494064418389048,-1.2559328988535796,5.99700063988937,-3.174222002329469,0.6514657980456031,1.9
100855,37.0,Male,173.2,75.8,25.3,injured,Knee,pain,1.133523301,55.55555555555556,1.2242051655538235,0.7075,27.154563305694523,16.02122725735342,8.247255427137679,14.078710102721628,4.017353617061806,-2.5928011378932823,7.5083417786691165,36.62353641239439,-0.7067137809187285,1.26
100856,67.0,Female,161.0,69.6,26.9,injured,Lumbar Spine,low back pain,0.845812853,51.06382978723404,0.9938301021442044,0.805,28.90153959452155,23.137815570420862,7.455903619492494,16.09797940284905,3.9019928523854497,1.4183315498637563,3.818853264753869,-24.81247151629484,0.0,1.29
100857,29.0,Female,159.0,60.2,23.8,healthy,No Injury,,1.122905087,56.07476635514018,1.2015084429713945,0.6837500000000001,21.07321153238576,16.59888633136719,16.106905443642084,10.19111467292676,10.08106711887533,0.6752292691413395,2.891707939281384,-2.7393427569383,1.0968921389396638,1.33
100858,54.0,Male,169.0,75.8,26.5,injured,Hip,Hip OA,1.119834932,52.28782988418455,1.2850105839350658,0.7424999999999999,47.94201894186426,25.06348520351948,12.851579716671557,15.94621863663934,-2.3302421142213223,1.0840251042674454,4.257373102599749,-2.0494417914312844,0.6734006734006741,2.01
100859,47.0,Male,186.0,102.3,29.6,injured,Hip,Hip OA,1.139847305,51.94805194805195,1.3165236375495863,0.7475,29.907305192367858,13.7365539382052,11.861822778660937,17.063651988894932,4.653349957583988,0.3773882654947484,5.089262428784149,-22.530083210780283,-0.6688963210702347,2.18
100860,44.0,Female,175.0,75.0,24.5,injured,Hip,Hip OA,1.137900339,53.333333333333336,1.2801378812284716,0.7324999999999999,23.42028515860767,19.470847078545795,11.143419199777142,15.520526642563407,5.880417898440197,4.674648075803985,4.103447558801708,-7.57842785457481,-2.0477815699658724,1.53
100861,37.0,Female,169.0,95.0,33.3,healthy,No Injury,,1.119222045,50.42016806722689,1.331874233302596,0.7837500000000001,32.990543866642895,11.26277797047068,13.401938556513594,12.585554732301745,9.869438400514884,0.1328612093373649,2.474274098699982,38.20659349976256,-0.95693779904307,1.04
100862,45.0,Male,177.0,103.4,33.0,injured,Hip,Hip OA,1.122355237,56.07476635514018,1.200920103434051,0.71,28.82472795553236,14.669422149461932,13.10584976958414,16.155431645422055,2.885557597751752,3.6543544119945546,6.205225839568113,-40.04459488670648,7.042253521126751,1.65
100863,32.0,Female,170.0,59.9,20.7,healthy,No Injury,,1.136433032,51.4471222625729,1.3253650240585335,0.74,37.838898287379976,19.05496217999932,18.48179846377545,8.487641904452532,5.617844999631453,1.098921492767026,3.6357115063882857,5.978343610368757,0.0,1.95
100864,67.0,Female,167.3,86.7,31.0,healthy,No Injury,,1.121053082,56.67083966735223,1.1869149508928285,0.6975,35.46214923618126,10.84518416836852,13.533277234029304,12.235733976049248,6.573266477408623,0.5247038992539483,5.366602175882,54.21430238970124,2.150537634408604,1.7
100865,46.0,Female,166.1,57.6,20.9,injured,Lower Leg,medial tibial stress syndrome,1.125552882,50.42016806722689,1.3394079294182362,0.7725000000000001,32.47048187764608,18.84628184900524,21.343876781422143,12.960496992873605,7.959672741363676,0.1379036173833314,4.722275694711829,0.9378530990975834,1.2944983818770237,1.3
100866,43.0,Male,165.0,60.2,22.1,injured,Lower Leg,peroneal tendonitis,1.137809006,56.87203791469194,1.2003885009221968,0.695,28.749543655042714,24.33908245712957,8.344046466933925,17.719763312614262,3.716719718511533,-0.8244492685939344,4.523138622352935,-30.29359129488021,1.4388489208633106,1.26
100867,39.0,Female,160.2,56.7,22.1,injured,Lower Leg,other,1.135208283,56.87203791469194,1.1976447390020062,0.67,27.15716656777471,24.142071816311443,9.539498242927827,15.1166001675136,5.639966094448973,-0.68910685136396,4.933436746746076,-4.80004466378339,1.492537313432837,1.19
100869,70.0,Female,170.0,97.2,33.6,injured,Hip/Pelvis,osteoarthritis,0.760333571,60.45378407187452,0.7546310695936337,0.6725000000000001,18.39684032978323,14.822316030856484,-2.631512752205794,15.808375154868948,-1.264221107962974,0.0429221814511756,2.8335433072605163,7.411483603722387,0.7434944237918221,1.51
100870,46.0,Female,173.5,94.9,31.5,injured,Hip/Pelvis,osteoarthritis,1.097715088,51.06382978723404,1.28981522858108,0.7775000000000001,30.27300666163564,11.79652999707753,10.33805217174139,9.490335698756024,7.4745843990799,1.139810959683173,1.6981567226511105,200.0,-0.6430868167202577,2.85
100871,50.0,Male,170.0,76.7,26.5,healthy,No Injury,,1.125688546,55.29953917050691,1.2213720726207724,0.6975,23.15303835798443,17.2610120225578,14.189276993677256,10.361777025558492,5.030582387208173,-0.7873198254160929,4.031006901775118,-1.6689307357517582,0.7168458781362014,1.03
100872,51.0,Female,167.9,70.6,25.0,injured,Lumbar Spine,low back pain,1.150074026,53.69154388212684,1.2852077243023168,0.7175,39.46005572268157,30.80368787273943,6.313289322472383,16.11687905753766,5.699766046642012,-2.063325974124317,4.154883119069333,1.7209034592215404,0.6968641114982584,1.73
100873,48.0,Male,187.4,78.8,22.4,healthy,No Injury,,1.122723303,52.63157894736842,1.2799045652348475,0.7275,28.289819301398097,30.87373481355128,2.310842849808168,13.42936309615182,5.170027191478075,-0.0426320142491405,8.723946080770393,3.887763182443532,-0.6872852233676982,1.56
100874,54.0,Male,182.0,93.5,28.2,healthy,No Injury,,1.128762892,51.227495908346974,1.3220635374821126,0.7675000000000001,35.42913031975576,15.969482596044688,14.775678596187785,12.594097126447462,4.700414650640243,0.3889582403543126,7.613168364435529,9.08611662222496,-0.6514657980456031,1.34
100875,50.0,Female,165.0,91.2,33.5,injured,Hip,Hip OA,1.120477889,52.63157894736842,1.2773447930590278,0.72,25.318461102276103,15.038479606875338,-3.039652577588964,13.578036475094734,5.253481957198094,-2.741827029163723,3.988786611696913,-13.858155641009263,-1.3888888888888902,1.23
100876,44.0,Male,175.3,67.8,22.1,injured,Hip/Pelvis,groin muscle strain,1.175512783,54.29864253393665,1.298941625149593,0.71,27.5899530963348,18.4735446399673,16.88572186587411,10.095337698360364,5.76298149584541,0.0514293517526622,9.364155980099818,7.1261228540762,-1.4084507042253531,1.47
100877,28.0,Female,165.5,73.5,26.8,healthy,No Injury,,1.11626168,54.17634829399535,1.236259810736764,0.71375,28.781433077801807,12.194525166817323,18.736462534508203,14.081703570280048,13.073766027176047,-0.7205193156269716,1.2664935982910968,36.86090199823713,1.0507880910683098,1.21
100878,52.0,Male,185.6,81.6,23.7,injured,Lower Leg,calf muscle strain,1.118694832,47.80876494023904,1.4039620139844786,0.8075000000000001,34.764844543760205,28.47668201249479,3.541992745306675,14.707873394303364,3.295765544462452,-1.7303017929761848,4.488504226123304,-15.409024303009184,0.619195046439629,1.54
100879,60.0,Male,163.5,70.7,26.4,injured,Knee,osteoarthritis,1.121504517,62.0159179531008,1.0850556201805333,0.64,31.28373647448552,18.69924888230246,20.34890626599639,11.605786553896788,-8.025229204246788,-1.628388554892349,9.266804568640945,20.035096124930792,0.0,1.76
100880,63.0,Female,165.0,92.2,33.9,injured,Knee,osteoarthritis,1.181728444,59.85074626865672,1.1846827648983538,0.6637500000000001,58.72643255339494,29.226439638980263,10.033581761543678,19.53729177043605,7.682151576624795,2.043145762540944,-2.588517702261856,7.424006165373234,0.3766478342749448,2.74
100881,58.0,Female,154.5,47.5,19.9,injured,Knee,osteoarthritis,1.16662555,57.41626794258373,1.21912369975785,0.6575,22.92785942467478,22.37217791132685,9.183788006288548,11.434498334730185,3.6585316848800016,-1.7179234871175009,5.070070814348045,-29.94246772924076,2.281368821292778,2.32
100882,19.0,Male,172.0,62.2,21.0,injured,Lower Leg,shin splints,1.161295881,52.63157894736842,1.3238773039528642,0.7375,35.31669049478816,26.674993348981708,9.249434687231588,17.808244041956947,2.1316066380540435,-1.0878912250014734,7.410720370172584,4.064738316507109,2.0338983050847474,1.34
100883,31.0,Female,164.2,65.4,24.3,injured,Knee,patellofemoral pain syndrome,1.136305568,55.87915670506412,1.220108103777013,0.69,28.51310523922075,20.98270418578901,5.824459290498852,12.967167208526064,12.03686353894184,-0.3843954277540016,4.510421261754591,17.93020667680477,1.449275362318826,1.48
100884,26.0,Female,156.3,50.9,20.8,injured,Foot,pain,1.133471841,53.69154388212684,1.2666547819058178,0.7224999999999999,28.83240428729465,21.17461104561459,15.484802980278504,13.709051804032471,8.53417437907816,-0.4103122671689612,7.48723911003826,12.29767378550676,0.6920415224913502,1.22
100886,54.0,Female,167.5,82.8,29.5,healthy,No Injury,,1.166979953,53.274336283185846,1.314311172044961,0.7525,36.20341771727254,19.1968742321618,12.911429167317088,17.275118906688725,8.08723011770107,1.7662030198720091,8.776371435014642,4.928864181926714,-0.6644518272425256,0.85
100887,57.0,Female,160.0,66.2,25.9,injured,Hip,Hip OA,1.128274823,54.29864253393665,1.246743679495969,0.6975,28.012774607169376,20.82377006942999,3.478582766085914,13.628340476231,5.628582770848574,0.5151478534017102,8.653094650968196,-23.8705321749332,-0.7168458781362014,1.0
100888,47.0,Female,178.0,84.7,26.7,injured,Hip,Hip OA,1.126484612,53.15634218289085,1.271519505417827,0.715,29.95442842328839,21.16578981383431,6.413127537486008,15.937520976395556,1.6714269498219363,-1.2199079891383104,5.75951502693734,-12.461325946805022,2.7972027972028,2.16
100889,42.0,Female,150.0,55.6,24.7,injured,Hip,Hip OA,1.144749081,61.53846153846154,1.1161303539148475,0.63375,26.723625797094428,13.703342991774242,11.46406202486907,14.873664980296098,4.245563964914304,-1.015571933388415,1.1075019876859398,39.90154800736267,-1.9723865877712128,1.19
100890,39.0,Female,164.0,83.3,31.0,injured,Hip,Hip OA,1.1446,61.53846153846154,1.1161303539148475,0.6325000000000001,26.723625797094428,10.65056887951015,24.05769187316229,27.741347428270764,3.4245306842579666,0.160865941734067,4.769866050787674,28.7147727890908,-2.3715415019762864,1.19
100891,69.0,Male,164.0,63.9,23.8,injured,Hip,Hip OA,1.131905876,55.04587155963303,1.2337774048423151,0.6825,29.176028504449704,16.53991344001301,11.373690867759109,14.957161871967092,4.456490406061228,-0.9170349524336024,3.7506044003470063,-39.88175031514207,6.593406593406583,1.69
100892,56.0,Male,164.0,72.8,27.1,injured,Hip,Hip OA,1.134444031,56.87203791469194,1.196838452997111,0.685,25.05228271782474,12.60731133038923,8.320928081227727,12.145576276644594,0.9451172525212246,-1.4589541674677458,7.229664001103661,24.61913565558553,0.0,1.34
100893,60.0,Female,170.0,73.9,25.6,injured,Hip,Hip OA,1.138412556,53.81165919282511,1.269330000431962,0.72,37.255954697299615,21.75314069719965,5.3844977350991,15.630744310696294,6.079461596280445,0.4835669047037902,7.015613864901069,-1.2770034090074918,-1.3888888888888902,1.69
100894,62.0,Male,171.6,71.6,24.3,injured,Knee,pain,1.131603501,55.55674632943951,1.2221317812313082,0.7024999999999999,35.021434784032465,22.94966088028453,13.78551691383379,14.540772546065416,2.4020578668962447,2.391087527645502,4.424402648963048,-14.3429812761192,0.7117437722419936,3.9
100895,30.0,Female,164.4,61.2,22.6,injured,No Injury,,1.117766673,54.4220485396956,1.23233775677092,0.72125,31.39172799806744,20.694669670083297,9.284638982704603,18.932003905745383,5.9606244754476965,0.3932463042336578,4.855362579017032,15.100333313735725,1.0398613518197506,1.71
100896,37.0,Female,164.6,67.4,24.9,injured,Ankle,achilles tendonitis,1.175979451,56.20639726207713,1.2553580641344388,0.695,26.3236774815386,20.86393137984133,9.130167214524787,8.506304683793289,10.118323598989893,-1.3395388964056567,1.9720584344432133,7.932909188889604,0.0,1.23
100898,30.0,Female,178.0,62.1,19.6,injured,Thigh,ITB syndrome,1.144852002,57.27956254272044,1.1992324725417358,0.66,20.77278956142999,21.29984237434677,11.751633259177698,9.604467151538891,3.844969659692915,-0.0210784698319528,4.6163302311495205,23.73462762019701,0.0,2.02
100899,33.0,Female,159.0,47.72727273,18.9,healthy,No Injury,,1.123130759,54.4220485396956,1.2382516614945305,0.715,32.16432045768585,24.22128167687997,14.783009591930965,16.402805613979822,2.8910105635328422,0.0936010351159619,4.632230331072183,9.740410528720217,0.0,1.77
100900,44.0,Female,155.2,50.2,20.8,injured,Foot,other,1.139692827,58.25242718446602,1.1738836122927798,0.6625000000000001,31.58786691266181,22.906509985781373,11.67341377970126,15.924734010117588,7.423952171316976,0.1356482679506081,4.587476104131081,9.996801792727751,0.7547169811320761,1.39
100901,44.0,Male,171.0,137.5,47.0,injured,Knee,bursitis,1.029576958,56.20639726207713,1.0990068344281227,0.7275,38.54069843430528,14.374058019041012,4.063689650642187,11.803267512364126,2.543538585976728,-0.2609491968963213,2.86531981376879,17.268345002832632,-0.6872852233676982,1.91
100902,55.0,Male,171.0,83.5,28.6,injured,Knee,osteoarthritis,1.1386704,50.74018450976185,1.3464777481369392,0.76,30.34240564329832,18.1299739287099,20.84806488674156,10.068694131197985,2.7271971154364305,0.7820605346702985,7.50959894620212,-30.01076419493567,2.6315789473684235,1.35
100903,53.0,Female,163.0,95.4,35.9,injured,Knee,osteoarthritis,1.17708748,54.66998754669987,1.2918535094591337,0.72125,31.68865557723666,19.41425688530765,9.973789508534855,13.594812495684256,2.6437815679283707,0.5828077291930507,10.101837205626818,33.32389310320642,0.3466204506065784,1.77
100904,57.0,Female,170.0,56.0,19.4,injured,Knee,osteoarthritis,1.163369486,67.41573033707866,1.0353988424320943,0.555,13.921484786600672,14.09769268705084,1.5281780938852023,4.508636095431858,3.3513170280969096,1.9611374412970863,6.052554345545777,61.5283682272403,-1.8018018018018032,1.88
100905,53.0,Female,165.0,67.0,24.6,injured,Knee,osteoarthritis,1.141307001,54.7945205479452,1.2497311656880097,0.7,38.77449209723227,23.50259837553285,18.46607442350664,13.794263338496547,7.4802982617104306,-0.928639014427906,1.71410132697658,6.857149256790868,0.0,2.05
100906,55.0,Female,163.0,85.6,32.2,injured,Knee,osteoarthritis,1.139929342,57.41626794258373,1.1912261625450784,0.6875,23.93443493650122,22.48257115492533,12.020136574662171,13.101013525728709,6.73602983945964,0.3083379209445862,3.000497135456958,18.94905859335911,0.7272727272727117,2.1
100907,53.0,Male,182.5,105.4,31.6,injured,Knee,osteoarthritis,1.143261426,48.09638554216868,1.4262186283349814,0.835,36.301287722007146,23.927079387934704,5.861769918233316,13.666639291906884,2.8898254424630325,0.214642891678172,9.500463699516123,29.83419613464978,1.197604790419163,1.44
100908,57.0,Female,160.0,107.9,42.1,injured,Knee,osteoarthritis,1.151099699,61.855670103092784,1.1165667076929815,0.655,25.63416575376948,13.190577151377596,6.782560897117104,13.885521869168008,9.995904793505211,-1.5451496891616665,0.8430575086158296,24.268043092342147,-1.5267175572519096,2.16
100909,49.0,Male,175.0,98.7,32.2,injured,Knee,osteoarthritis,1.145136908,49.07995985279358,1.399929869542483,0.8075,37.07378915286674,18.03567321388612,13.233801832309744,14.153261270843965,9.94682571710582,1.9083849555643024,4.897073362780873,42.44895666579068,1.8575851393188727,1.43
100910,66.0,Female,165.0,59.4,21.8,injured,Knee,osteoarthritis,1.060487779,49.79253112033195,1.27788777396921,0.78,42.39359128282911,23.97668063412118,13.038268950899884,19.332065672906552,4.957972396738144,1.3876575597399077,2.5161678019972875,-1.132467599756346,-1.282051282051283,2.97
100911,54.0,Female,164.0,74.4,27.7,injured,Knee,osteoarthritis,1.10974323,60.0,1.109743229872936,0.64375,20.58191940365066,10.183542679056496,7.434937222179939,10.29609883514938,4.122780850189487,0.4684213913021131,3.3629798811009715,-27.9464266484424,-1.1650485436893128,1.02
100912,67.0,Female,160.5,76.7,29.8,injured,Knee,osteoarthritis,1.151364476,54.29864253393665,1.272257746169388,0.7,32.826788148916194,20.75673538517936,12.143149866740028,14.724706879340976,4.964708980043866,-0.5545706394078669,7.439288609416219,4.0498517693991705,-1.42857142857143,1.65
100914,62.0,Male,167.0,76.6,27.5,injured,Knee,osteoarthritis,1.118191126,49.79253112033195,1.347420307415951,0.76875,40.064487852923605,24.13008135685938,11.526890482763918,15.293216795608588,3.500069291686251,-1.7893849432737492,5.657053551429729,16.890795178315162,-0.9756097560975544,2.81
100915,66.0,Female,169.5,110.8,38.6,injured,Knee,osteoarthritis,0.663998237,51.282051282051285,0.776877937333294,0.8075000000000001,18.70989823335532,11.927260430644212,-2.2499382148154226,15.103552627965405,8.56291446058745,0.2155644615013429,3.363307063131133,14.888610909748191,-0.619195046439629,2.67
100916,47.0,Female,164.5,72.6,26.8,healthy,No Injury,,1.117831365,57.142857142857146,1.1737229337077233,0.6975,32.2283091313727,19.07083417390372,12.181531108266135,16.22994008292219,0.313694518298294,-1.13410176627397,9.293603360092394,-32.25435978027118,0.7168458781362014,1.76
100917,64.0,Male,177.0,99.7,31.8,injured,Hip,Hip OA,1.123133107,47.24409448818898,1.4263790457829564,0.82,29.499985563374167,17.30350629868762,12.300702859040983,11.39301158503397,6.168632504626714,0.1621764150265807,5.157659009628784,26.170330377836493,-1.2195121951219523,1.36
100918,51.0,Male,165.0,75.0,27.5,injured,Hip,Hip OA,1.154684722,47.57199322416714,1.4563461056344325,0.81,34.10026901612105,16.81752570757521,15.919275521511778,11.266778548615632,1.552209814349387,-1.26493338080535,6.154363969335074,-28.881654295694485,3.703703703703693,1.79
100919,65.0,Female,163.0,54.5,20.5,injured,Hip,Hip OA,1.122988668,59.40594059405941,1.1342185544886296,0.64,22.068999452804743,15.216980153243895,14.38318896990389,10.837077732653963,6.154573671298868,-1.2446319271021644,5.511270205886866,35.105306498174045,1.562500000000001,2.4
100920,59.0,Male,184.0,68.4,20.2,injured,Hip,Hip OA,1.140716675,55.42754736303124,1.234825800235585,0.685,30.87756593469635,19.797354068791257,9.167535891968992,16.189107229689487,0.6550556775663663,-0.9790277616597364,7.292253492471286,-38.536266752001296,4.379562043795608,1.35
100921,58.0,Female,159.0,64.4,25.5,injured,Hip,Hip OA,1.112090104,62.17616580310881,1.0731669507100423,0.5974999999999999,17.720112341749484,23.029382092490657,-2.752086734268155,15.14153861803887,3.6757628131692366,1.3612854601073818,3.196717888638976,-22.978920028268416,-0.8368200836820092,1.4
100922,57.0,Female,164.0,81.8,30.4,injured,Hip,Hip OA,1.110766976,65.21739130434783,1.0219056177817838,0.6074999999999999,28.409991092279625,16.624804273739638,5.257066369375858,15.657767890105902,3.6308469532498826,-0.3271930271252777,1.1444980692985864,-20.71847036140589,-0.8230452674897127,1.26
100945,31.0,Female,171.0,87.4,29.9,injured,Knee,patellofemoral pain syndrome,1.127728486,53.51190476190476,1.2644655644012677,0.7224999999999999,25.752929781901628,12.498592165366984,7.586577680647196,8.403303722964274,11.012339864711556,0.0060125833218531,2.2738818290965286,53.06480749276846,0.6920415224913502,1.1
100946,55.0,Female,159.0,58.2,23.0,injured,Lower Leg,fibula fracture,0.858351276,53.57142857142857,0.9613534293042858,0.7525,32.15934999394341,38.4279443371212,6.122233796287759,19.68195940349538,4.397347281042013,-1.4611717288390982,4.544428675742822,1.9185309947232816,3.322259136212628,1.86
100947,36.0,Female,159.6,83.7,32.9,injured,Foot,pain,1.146295858,55.42754736303124,1.2408652664746225,0.74,39.13156305514795,21.1638802714962,6.059906548041006,19.356052741009687,11.96925594079352,0.4387223325830403,5.48765748791445,-3.1069852587765103,1.3513513513513526,1.14
100948,60.0,Female,166.6,59.0,21.3,injured,Knee,pain,1.137217699,52.0609824957651,1.3106433984874162,0.715,21.945042431419893,23.48538510125229,12.481075381020707,13.64926127367147,6.674481447959932,-1.2252877943787552,4.809202378993295,-19.420624166678607,1.3986013986014,2.08
100949,32.0,Female,165.1,59.5,21.8,injured,Thigh,ITB syndrome,1.148031805,55.81395348837209,1.2341341908288812,0.6975,28.142203777150144,22.134954082959943,7.260033534232621,13.353017168443396,8.583559071309537,0.5362432543660367,4.183201812098099,-8.961008196958042,0.7168458781362014,0.82
100950,67.0,Female,169.5,72.0,25.1,injured,Knee,osteoarthritis,1.125147888,56.60377358490566,1.192656761554015,0.6825000000000001,25.74924767019044,13.115001811935745,6.353997181854995,11.668416736307638,4.1124664817624605,0.2750912851898096,1.3359568768090129,21.941342910344588,0.7326007326007331,2.4
100951,64.0,Female,172.0,92.4,31.2,injured,Knee,osteoarthritis,1.159339263,51.502145922746784,1.3506302418917209,0.7825,29.258700616112662,16.117007213605874,19.66190572731536,10.787633559246224,8.359432109229573,1.125511836594308,5.103845837211698,23.11361879773693,1.9169329073482448,1.63
100952,55.0,Male,179.0,96.5,30.1,injured,Knee,osteoarthritis,1.193861765,49.58677685950413,1.4445727361055365,0.775,37.84344367418021,21.65253920609723,7.419287834870106,14.779076235663648,8.353029034004045,-0.8377108126539414,3.590436145928864,26.902361726904008,0.0,1.83
100953,55.0,Male,182.5,92.4,27.7,injured,Knee,osteoarthritis,1.135893482,52.863436123348016,1.2892391016571474,0.75125,28.82896246420603,9.757741767115776,21.518263136736653,12.550143099497785,10.00365542028354,-1.4319897315259165,3.095653748814012,-58.3946998918439,-2.3294509151414404,1.57
100954,54.0,Female,171.0,98.8,33.8,injured,Knee,osteoarthritis,1.112909436,58.8235294117647,1.1351676242647806,0.6725000000000001,33.04199145920194,17.959981192137597,9.401322995672183,12.560427730088785,8.39242181431793,0.4183762953611099,2.0129489516655314,-0.8749431936106652,0.7434944237918221,1.84
100955,58.0,Female,171.0,69.1,23.6,injured,Hip,Hip OA,1.12379942,57.971014492753625,1.1631324000283352,0.68,24.929399425309214,17.291422186979524,3.3708761643862406,13.468865978251076,0.7322366681274424,-0.444076859749663,2.9361904060849966,-8.132527707687972,0.0,1.34
100956,53.0,Female,168.0,57.2,20.3,injured,Hip,Hip OA,1.122230989,58.11172083860983,1.1587034958374798,0.665,30.71390418650396,17.38544995261242,12.734652909275995,15.176656752703494,6.328722441409296,0.6189496165252619,3.213402682653448,23.12118059461168,0.0,1.56
100957,58.0,Female,164.0,63.0,23.4,injured,Hip,Hip OA,1.128629487,55.04587155963303,1.230206140759922,0.7075,31.94136860694931,14.843146299935253,11.300057015591584,14.176924204946385,7.153966233666544,2.2708358656857697,4.648213261578832,-27.50235208399999,-3.5335689045936425,2.07
100958,55.0,Female,174.0,83.5,27.6,injured,Hip,Hip OA,1.138217866,50.314686544073695,1.3573248046736488,0.77125,31.86914860457432,15.065837201022692,13.647541052007304,14.465069483815263,1.371761192517131,-2.202756928011407,10.344266618993268,2.7566276968556225,-0.3241491085899444,1.77
100988,44.0,Female,169.3,67.2,23.4,injured,Ankle,achilles tendonitis,1.118035959,52.74750753535822,1.2717659033107882,0.7324999999999999,35.40735048151723,19.23173323269853,9.17955210039619,16.394308725473568,10.075862633686334,-1.1328994688267278,5.093072684683873,19.83476812897067,-2.0477815699658724,1.34
100989,36.0,Male,176.2,71.8,23.1,injured,Lower Leg,calf muscle strain,1.110223563,50.57972556111052,1.3170027016420065,0.77,24.601256009267217,23.5027801425826,14.293305579372449,10.72944356776642,4.02381501968107,-0.7080801199602829,4.94039841525893,14.768284279689864,2.5974025974026,1.35
100990,44.0,Male,181.0,96.9,29.6,injured,Thigh,ITB syndrome,1.121843459,52.17391304347826,1.290119978331585,0.74875,37.79375170882753,27.504304761427303,10.732535815713703,17.103900822409816,1.831280883869412,-0.9823616436120322,6.957758907274355,27.940742865376585,0.3338898163605939,0.98
100991,27.0,Female,173.0,66.2,22.1,healthy,No Injury,,1.144442381,53.15634218289085,1.291789337026581,0.74,31.04152556711336,23.00201492705921,18.051106642597567,14.408307461698858,8.789368178235774,-2.700571581329414,5.087418018944511,2.367951927009658,0.0,1.46
100992,46.0,Male,164.3,66.2,24.5,injured,Other,fill in specifics below,1.099765383,59.70149253731344,1.10526420945579,0.6375,35.339037454919094,37.21002400095534,-2.763057390983554,13.018727317613964,1.8385247987469355,1.103092560670658,3.82977698199186,-0.7251519934293233,2.3529411764705905,2.34
100993,52.0,Male,177.7,77.7,24.6,injured,Knee,pain,1.142455123,51.94805194805195,1.3195356665974851,0.7275,27.30663261783468,22.265978702602336,8.655020818950831,15.110466929185945,5.453401805037309,1.3557929440334275,7.15324986241762,3.58428552758665,-0.6872852233676982,1.28
100994,45.0,Female,161.0,49.4,19.1,injured,Thigh,ITB syndrome,1.1234021,57.142857142857146,1.1795722046464088,0.675,25.18580301829431,18.18195288377309,17.5388113931226,11.599979846999847,3.4629629931005623,1.0070129032117787,6.315891031417635,-25.31513640012708,2.962962962962965,1.29
100995,63.0,Female,171.0,114.1,39.0,injured,Knee,osteoarthritis,1.166442493,53.57142857142857,1.3064155923447731,0.7575000000000001,33.73708652365906,17.674568620378924,5.167101565044913,17.863996239279984,4.648509448559596,0.4361876016749906,7.296302077274681,4.828492001671719,0.6600660066006606,1.19
100996,53.0,Female,154.0,59.8,25.2,healthy,No Injury,,1.112894586,59.33278056869727,1.1254146498007902,0.65,29.855911605204227,23.26080550741073,8.906953535326139,13.101564723350934,7.708733680818007,-1.479402713631039,5.40995256989698,-1.7717298604359375,0.0,2.35
100997,55.0,Male,182.3,95.5,28.7,healthy,No Injury,,1.1429483,55.04587155963303,1.2458136468270782,0.715,34.82099688040387,14.981352807840144,5.636402172081072,16.739161356676227,5.8580310886883,-1.6620392904083117,7.438972147495466,0.0832310283782676,0.0,1.74
100998,46.0,Male,180.0,108.9,33.6,healthy,No Injury,,1.120860192,55.04587155963303,1.2217376094830723,0.7162499999999999,33.44300467517064,14.424263642072434,13.624405240073436,13.143592605537773,1.5996482321530765,0.4665349980439301,3.5057007368832167,-34.416229625739525,-1.0471204188481762,1.77
100999,54.0,Female,156.0,86.8,35.7,healthy,No Injury,,1.134215928,56.470900876959874,1.2051044238432227,0.7175,26.298453894908675,16.817427770275813,8.778929813289018,9.239517574465395,6.719099538028926,0.8145710776937674,5.396612634971447,16.67217637132506,2.0905923344947754,1.34
101000,63.0,Female,161.0,64.8,25.0,injured,Hip,Hip OA,1.110559119,60.45378407187452,1.10222992589645,0.64125,32.726786259876405,17.920240940796354,-1.0510209104515011,10.718549569794485,1.9514609320168,2.610824291803893,6.803789841282852,-23.76148397087076,1.1695906432748635,1.44
101001,59.0,Female,178.0,80.8,25.5,injured,Hip,Hip OA,1.15135395,55.29953917050691,1.2492190352626165,0.7162499999999999,20.5371594345595,12.723159737317417,10.98308741062531,10.710766329337376,4.032017366212702,2.7239971075432465,6.459220187182895,0.2421872970450097,1.0471204188481762,1.08
101002,70.0,Female,171.0,90.6,31.0,injured,Hip,Hip OA,0.729003281,45.97734896497728,0.9513492822558304,0.8875,18.57819292534458,9.717349059055811,1.4672845048024945,13.896657288647846,5.795573825567792,2.230716439031987,4.399101848840982,-6.985770753027336,0.5633802816901414,2.45
101003,55.0,Male,182.0,94.8,28.6,injured,Hip,Hip OA,1.112784322,54.92019605378911,1.2157168722664649,0.6975,30.138121152387725,26.25216338130623,-0.3207555800735214,20.55788929037892,2.798708274403648,0.4761559474101341,4.218502787462407,-2.1124994790270355,5.017921146953394,1.16
101004,58.0,Female,155.0,61.0,25.4,injured,Hip,Hip OA,1.112808983,57.83166109253066,1.1545393196932614,0.6637500000000001,28.41694597110353,17.15140405897749,4.045379547250384,15.77078205265969,4.124983897987388,0.1769962743113238,4.587299077424223,9.296732864769348,-0.3766478342749448,2.86
101005,60.0,Female,162.0,65.0,24.8,injured,Hip,Hip OA,1.125759116,53.81165919282511,1.2552214148765315,0.715,27.057039966318712,18.001851555463247,-2.1603047636605828,17.62355636097826,7.454623655536584,-1.3338411031711186,2.748204165595588,-9.97974135810352,1.3986013986014,1.26
101006,56.0,Female,164.0,81.3,30.2,injured,Knee,osteoarthritis,1.134102888,51.227495908346974,1.32831800769841,0.7525,39.90894638901543,17.28881284740923,10.050048874390049,14.733637586029465,4.940540263289735,0.0106795686091691,3.2162063678801154,-2.777155463005696,0.6644518272425256,2.46
101007,56.0,Female,162.0,128.2,48.8,injured,Knee,osteoarthritis,0.648941143,45.80152671755725,0.8497261053695198,0.915,19.66850657784005,5.8837502923518255,4.930878987741157,14.621152160552503,8.293746711037704,0.7033201315683714,-3.036956987525977,-200.0,1.092896174863389,1.41
101008,60.0,Male,185.5,100.0,29.1,injured,Knee,osteoarthritis,1.120817056,53.21533923303835,1.2637212310909858,0.7375,31.3842772202782,21.82452836729852,12.185138285050588,14.029085201667147,0.987597582297645,0.0860622433295312,3.6585645057300153,-15.002368029793912,2.0338983050847474,1.66
101009,56.0,Male,180.0,87.8,27.1,injured,Knee,osteoarthritis,1.116474025,56.87203791469194,1.177880095934428,0.7024999999999999,25.07601814986674,21.058765126731032,11.771935808731197,15.195427352761127,2.164800753702779,3.072622720569604,0.0952970827468595,3.817046900973982,2.1352313167259807,1.16
101010,51.0,Male,175.0,92.6,30.2,injured,Knee,osteoarthritis,1.023856967,56.00956313844816,1.0968067758062474,0.7075,29.321945050200327,19.301502016985715,6.656862866798525,14.504327230193216,4.311063901407755,-0.5685490728690555,4.737857901386523,35.07740781185193,-0.7067137809187285,2.35
101011,57.0,Male,173.0,60.4,20.2,injured,Knee,osteoarthritis,1.110000795,57.07580022870619,1.16688833542409,0.65,30.151565722479063,23.62890034845877,4.527706410636714,10.933358827998774,3.340999012759332,0.935257768676156,2.532063547220738,35.216292809525385,1.53846153846154,2.14
101012,55.0,Female,158.0,82.5,33.0,injured,Hip,Hip OA,1.128534847,59.04085772239931,1.1468735381109822,0.67,25.63077020369053,2.365552837461909,11.904479126421297,11.793271938584809,6.12706382027714,-0.018368799777541,3.3562840474642712,7.824081167449662,0.0,1.31
101013,28.0,Male,181.0,73.0,22.3,injured,Knee,Pain,1.167413678,48.48504636280528,1.4432529034942276,0.7825,43.61826591946596,22.041864100658124,25.955859584813943,9.180480215706895,3.682704910327845,1.378200317479385,6.716128850052704,8.140769413549426,-4.472843450479237,1.04
101014,58.0,Male,172.0,63.7,21.5,injured,Knee,Pain,1.151775925,51.94805194805195,1.3303011935409323,0.7324999999999999,41.99423447212973,30.134615341288487,19.70884168263231,16.3990118520998,5.135309822283816,1.665386382086146,7.017293560032915,-11.968586342485734,2.0477815699658724,1.41
101015,29.0,Female,176.5,59.0,18.9,injured,Ankle,Achilles tendonitis,1.168441058,57.97236743838685,1.2093364945535787,0.6575000000000001,25.270660117901,15.65234964987797,19.136324478146264,0.1079835770240944,6.314968712644435,0.7926458762357292,5.339761002093481,-31.74698092624902,4.562737642585555,1.49
101017,26.0,Female,161.0,65.4,25.2,injured,Knee,Other,1.172894895,53.03938767819318,1.3268373495081416,0.715,36.92035954933274,15.496456692093822,19.31317172387147,9.5012490865592,8.63622076079735,0.3027997959922524,3.8535533658311136,35.42089545184535,-1.3986013986014,1.1
101018,49.0,Female,182.0,80.2,24.2,injured,Lower Leg,Tibia fracture,1.159185135,56.00956313844816,1.2417770754218964,0.6825,27.3251689072944,8.186384932621404,19.664356650919693,7.660156431923644,9.545766378453068,1.14127268833706,3.520471107909917,53.85140135761939,2.197802197802184,1.67
101019,33.0,Female,170.0,58.0,20.1,injured,Hip/Pelvis,Bursitis,1.391085875,51.782038551154,1.6119207575117227,0.735,45.25184701593918,20.11045698136791,20.96258857076149,7.9525369461412865,5.885671992650962,-0.0093912445597881,6.166934761507451,8.393141980067412,-4.081632653061228,0.86
101020,58.0,Female,164.0,84.1,31.3,injured,Ankle,Achilles tendonitis,1.176777195,57.41626794258373,1.2297321689571836,0.6837500000000001,30.801696519899224,21.236474589098883,11.355719958805462,10.28469525347555,9.816452274931642,-0.3876109724317449,5.258989500642132,-10.817586838401638,-1.0968921389396638,1.29
101021,53.0,Male,180.0,71.5,22.1,injured,Foot,Plantar fasciitis,1.168424588,49.18032786885246,1.425477997470978,0.78,37.528781173647786,13.778563681118523,16.367693941124156,1.6740562621583266,6.877475167050434,1.5739786916653185,6.715452704253421,-72.73645772156164,-2.564102564102566,1.44
101022,63.0,Male,176.0,86.3,27.9,injured,Hip,Hip OA,1.137152301,55.29953917050691,1.2338102460428422,0.7024999999999999,30.967106700934664,16.770519700301044,7.650597367892494,14.47904648043694,5.574403695412936,-1.01346022676633,3.570586960226464,-11.204538895697446,2.1352313167259807,2.17
101023,39.0,Female,174.0,68.2,22.5,injured,Hip,Hip OA,1.130416092,51.502145922746784,1.3169347473729678,0.7525,28.334037201706,18.372520231659465,14.352733073083913,13.280849274029125,7.230260628955454,0.1123263022256138,3.3367462822954184,14.763130236957355,-1.9933554817275767,1.79
101024,45.0,Male,169.0,87.9,30.8,injured,Hip,Hip OA,1.109885094,55.17270536506997,1.207000040128041,0.725,23.98671633864373,17.339040544886046,9.864836757481502,11.847161819685631,0.528769399892148,-1.2362039373154137,10.91914951606486,4.9552108815356615,1.3793103448275874,1.42
101025,49.0,Female,158.0,82.5,33.0,injured,Hip,Hip OA,1.122104257,51.06382978723404,1.3184725014200678,0.7525,34.72218757971558,21.83147715002618,9.4448653411361,14.520864255398116,-0.6720313028143567,0.5365993704396681,5.194007128531835,11.752102794147897,-1.9933554817275767,1.31
101026,66.0,Female,166.0,72.7,26.4,injured,Hip,Hip OA,1.149724847,51.39209860239903,1.3423037586111213,0.7575000000000001,28.129689386058686,17.763575672779787,5.662825713114783,13.68880681101968,5.499562914655517,-2.7681533344539315,5.346012769424128,2.617287041377077,0.6600660066006606,1.64
101027,58.0,Male,180.0,62.2,19.2,injured,Hip,Hip OA,1.115653845,55.42754736303124,1.207690625371299,0.68625,37.95495884465345,26.59668963602409,5.914507219447417,17.960664110675268,-1.2460338018424717,-1.8112910566717064,5.540447533890814,-9.55794301599909,-1.0928961748633643,2.04
101028,60.0,Male,179.0,80.6,25.2,injured,Hip,Hip OA,1.165166658,54.054054054054056,1.293334990810743,0.7024999999999999,30.649576379336565,22.55291744692285,8.092140950231464,16.677257961264033,1.9832521692746048,0.4572469802166214,8.07035650413098,2.836794127524333,-3.558718861209968,1.44
101029,54.0,Female,164.0,57.8,21.5,injured,Hip,Hip OA,1.167489116,57.142857142857146,1.2258635721798408,0.6849999999999999,34.78756685877539,21.440274880791986,3.590694237469937,17.101148386179705,0.1014315010561623,1.1556102148585448,6.513231047279224,65.91829897069371,-2.189781021897796,2.22
101030,67.0,Male,185.0,86.0,25.1,injured,Hip,Hip OA,1.117068238,53.15634218289085,1.2608907740908957,0.7275,35.09292530293794,28.945631297199427,2.5784639499019324,20.02567489274543,2.749168570902047,-2.4244891179348,2.082716991171392,13.282496310799615,-2.0618556701030943,1.19
101031,59.0,Male,180.0,109.5,33.8,injured,Hip,Hip OA,1.15637719,53.69154388212684,1.292251509497847,0.73,28.85966190055084,21.003737324340367,10.009946532666042,12.18828035998765,5.989109394516905,-0.709604169141941,7.838261335964158,0.1196228433891185,2.739726027397263,1.1
101032,55.0,Female,165.0,62.0,22.8,injured,Hip,Hip OA,1.166261097,52.40174672489083,1.335368956451389,0.73,27.11325893816297,23.25937102837792,10.973839717016864,14.396933179199078,6.15807090615437,0.2787030050955823,7.45551069621679,24.4376933857907,-1.3698630136986314,2.3
101034,59.0,Male,168.0,74.0,26.2,injured,Knee,Knee OA,1.112563928,52.863436123348016,1.2627600579772915,0.735,32.01004036431584,18.433440370695376,16.020351362875964,14.30833220419883,4.515808552144541,0.6372471881552235,9.866213075113794,11.085366549637882,0.0,1.37
101035,57.0,Female,165.5,77.8,28.4,injured,,No injury,1.12440048,58.53658536585366,1.1525104916576898,0.6625000000000001,27.574098742133515,17.135341186783958,17.162508940680183,9.990068599695972,4.790326720689888,-0.9645754157264664,2.987063145113615,32.06092811925479,-0.7547169811320761,1.97
101036,24.0,Male,183.0,80.2,23.9,injured,,No injury,1.113933615,51.33707494222516,1.3019099130248466,0.745,32.30711250505141,21.14559281189377,11.312778132897716,13.21521271858687,4.673609365517066,-0.7480050361408133,3.845071546071108,21.846868450198148,1.342281879194632,1.8
101037,48.0,Male,182.5,84.0,25.2,injured,,No injury,1.126129934,52.40174672489083,1.2894187744001444,0.745,28.54431059949865,10.584328993635014,14.741662118615215,9.873231747996764,3.997299814048556,1.6928938193674574,6.042254414699576,-17.099988244489804,0.0,1.79
101038,57.0,Male,172.5,71.8,24.1,injured,,No injury,1.127280009,52.516662836129626,1.2879174104967592,0.735,30.62433409583645,14.106132506579478,18.347857158486303,8.23493155277472,6.190546892073511,-2.806076369853098,5.014680045394615,-35.50369631341284,0.0,1.67
101039,30.0,Female,159.0,54.6,21.6,injured,,No injury,1.180080651,57.27956254272044,1.2361344817929008,0.69,27.083722666987057,17.70087504663958,12.2964471352348,11.152490813404516,6.674784092822984,-0.4038840732985558,6.249500645601162,17.056018713983136,0.0,1.06
101040,56.0,Male,192.0,88.5,24.0,injured,,No injury,1.134890991,59.33278056869727,1.1476585145087217,0.655,27.671253490019865,21.235116113668944,6.472134496773245,18.838232127933587,2.218381165750189,-1.1658882061008264,2.041637980403598,-27.13443499176809,-1.5267175572519096,1.48
101041,47.0,Female,156.0,56.3,23.1,injured,,No injury,1.115690763,58.25242718446602,1.1491614860261117,0.6625000000000001,23.3942848265516,13.22336735248917,14.713807546903144,12.285860016480214,6.853531959783856,-0.525864484749049,6.175063371423703,-6.209685439749337,-0.7547169811320761,2.05
101042,33.0,Male,186.4,86.1,24.8,injured,,No injury,1.143967418,51.94805194805195,1.3212823679373735,0.7625,26.44191901849393,17.229691603963033,15.104116672350138,11.62381598242359,4.259981429396275,0.2820792323888053,4.32913193482576,-5.469919548513109,-1.9672131147541003,1.49
101043,38.0,Male,173.0,77.8,26.0,injured,,No injury,1.123484943,51.44759660447096,1.3102643152780802,0.75,34.38278051216432,18.91149035388604,5.73018281244795,14.233709699205257,0.28123437362196,0.7901275466656317,7.252434624476119,-13.44946829689341,0.0,1.7
101044,27.0,Female,171.0,65.1,22.3,injured,,No injury,1.051557665,52.863436123348016,1.1935179494410022,0.735,28.70077440186344,10.191315245440045,20.98614922005076,1.607537270177792,9.78013987585577,0.2622656502494833,3.6720156160002735,2.288591296403353,0.0,1.11
101045,62.0,Male,184.0,84.2,24.9,injured,,No injury,1.153028353,57.69230769230769,1.199149487054926,0.665,24.36841683824696,9.319079682275593,14.649657167904088,14.184139594140309,5.627492541585996,-0.8092220539730308,2.989394979601295,3.173387196663169,3.007518796992484,1.9
101046,41.0,Female,164.0,59.1,22.0,injured,,No injury,1.140851313,55.29953917050691,1.2378236744799864,0.6925,25.34330743091596,6.513328533977817,17.769529279321695,11.0008124620789,5.988016158830385,-0.4530098291793534,3.8287523141247854,106.17304068869127,-2.1660649819494444,1.75
101047,49.0,Female,159.0,57.4,22.7,injured,Hip/Pelvis,Other,1.210313345,60.15075376884423,1.2072875619319472,0.6275,20.88740924408853,9.376318791581348,12.772844524400265,5.3990044936739165,9.134961415418465,0.9752923951968606,7.436331617304888,30.2045447976419,0.7968127490039848,1.04
101048,45.0,Female,174.0,65.7,21.7,injured,Knee,Patellofemoral pain syndrome,1.16700265,52.11744776962168,1.3435118005120152,0.74,32.94353573276638,18.20189793194111,11.097957507268884,11.127846660241902,7.692170695902446,-0.4353822646763983,4.025685930756416,-4.349763078653235,1.3513513513513526,1.05
101049,30.0,Female,167.0,62.9,22.6,injured,Thigh,ITB syndrome,2.729563153,82.1917808219178,1.992581101506692,0.3125,77.84249226128594,47.59558847680087,7.132462554961437,21.53380104896769,11.455306168035172,-1.1728853168509392,5.725289883047241,-8.802930030720297,1.6000000000000014,0.95
101050,49.0,Female,173.0,90.2,30.1,injured,Hip/Pelvis,Other,1.175042592,58.53797829811536,1.2044186569775202,0.655,39.44893543205791,20.91802355599697,6.005276920440339,10.828591406627291,7.418146244789722,3.2435861932875096,2.809526150545365,-8.697072750089754,-1.5267175572519096,3.07
101051,50.0,Male,164.6,64.4,23.8,injured,Knee,Pain,2.453680615,79.47019867549669,1.85252886445034,0.28,95.96468568821724,42.92218063801885,7.150419582916198,17.015420582264845,2.065237277075426,2.1339696725970456,8.994566423828179,-1.3044122262124045,7.142857142857129,1.22
101053,36.0,Male,167.0,56.5,20.3,injured,Knee,Other,1.163450952,57.6232977548767,1.2114433039336607,0.6625000000000001,32.582583520543835,20.448080425414737,13.87421080661522,12.920912506755062,2.749938005408765,2.330487830801566,6.043637368737079,-44.87744591148323,-0.7547169811320761,1.41
101054,25.0,Male,174.0,59.0,19.5,healthy,,,1.166748241,55.81395348837209,1.2542543593263125,0.6725000000000001,33.569001740490705,17.06703642990319,16.66142101074578,13.434412212439288,2.492714626704574,-0.5263150432443711,8.189196425364385,22.282607298741627,-2.2304832713754665,1.34
101055,48.0,Female,153.0,59.8,25.5,healthy,,,1.156034671,59.92537313432836,1.157479714214856,0.64,28.632752158054416,12.176206376414552,13.216757374144,8.914733458166719,4.272542411180433,0.7105276592977865,0.1775796354041375,-45.03981063188416,0.0,1.67
101056,50.0,Male,180.3,79.0,24.3,injured,Lower Leg,Medial tibial stress syndrome,2.71728768,85.71428571428571,1.9021013756911256,0.3225,73.50851653808601,48.141675252130646,14.122926765963758,23.865915723876192,7.105676145434126,0.6280063810828376,6.142013673400088,-6.978868922232329,-1.5503875968992262,0.33
101057,38.0,Female,158.0,54.9,22.0,injured,Lower Leg,Other,1.175865386,56.60377358490566,1.2464173088465085,0.66,22.24974115825105,9.723622677638676,19.078617977846903,7.829991066394699,8.078211601812118,0.5085113815723692,5.981478832349886,-17.710296737656964,0.0,1.21
101058,36.0,Female,171.5,64.4,21.9,healthy,,,1.15748021,51.61314192689064,1.3455707438175837,0.7575000000000001,35.9494622635238,12.558694002490563,22.118576400806063,7.147443012000967,8.212205696579751,1.0097745255601995,5.104986578011035,5.428470401128527,0.6600660066006606,1.18
101059,52.0,Male,188.0,64.9,18.4,injured,Ankle,Achilles tendonitis,1.162293387,52.98039062804569,1.3162972609697627,0.7112499999999999,29.775111207822533,15.92593357870457,14.14226263388854,7.104026993700103,3.761542794939243,-0.0086039850067425,7.153696992368538,7.795477901845778,0.3514938488576375,1.21
101060,52.0,Female,175.0,63.9,20.9,healthy,,,1.16800679,53.57142857142857,1.3081676051396298,0.72,31.908568277436583,17.680033087347667,13.575660484543643,9.251530805795165,5.831808456324851,-0.4401907274362115,3.894234412144152,-4.771542943973032,1.3888888888888902,1.05
101061,51.0,Male,177.0,89.4,28.5,injured,Knee,Patellofemoral pain syndrome,1.161501234,50.95564370717634,1.3676677033038125,0.755,28.165492433215576,22.394269064122845,15.816878818345277,6.612996787929426,6.094075293096095,0.9890702086592,6.399151451656467,27.709554066417024,0.0,1.72
101062,36.0,Male,183.0,114.0,34.0,injured,Foot,Plantar fasciitis,1.176730553,54.29864253393665,1.3002872614430705,0.69625,30.91443173439029,17.555108190905173,6.850861426144862,8.172101911060631,7.819728447118472,0.4437797593191694,6.217455801883182,-5.275138976039975,-0.3590664272890567,1.03
101064,27.0,Female,165.0,64.4,23.7,injured,Foot,Other,1.365908279,58.96841495218777,1.3898116737911632,0.6325000000000001,39.20989582668278,16.120086391531764,19.49088137608929,5.959751347065589,6.750632225585806,-1.1619800371515945,8.445613639817804,-8.843344727932799,0.7905138339920955,2.18
101065,48.0,Female,156.0,58.0,23.8,injured,Ankle,Pain,1.452722046,61.224489795918366,1.4236676049776862,0.61,41.7441541651267,30.261085591886243,9.308516441893364,12.388907900389103,7.535790342632275,0.1872166495577232,8.681874206224325,0.1652489252691269,0.0,1.28
101069,50.0,Male,173.0,97.3,32.5,injured,Foot,Plantar fasciitis,1.170259785,55.87915670506412,1.2565664438475157,0.7075,34.46710127552703,17.11495632779819,17.154061018810737,13.813718621684496,8.527491967709766,-2.6455308417761807,6.4457978983540265,-7.233712848568213,-0.7067137809187285,1.33
101071,46.0,Male,173.0,77.0,25.7,injured,Lower Leg,Calf muscle strain,1.633145142,61.224489795918366,1.6004822393518152,0.6025,56.112757907141,23.50873763807087,18.376548449644982,8.974536279322791,8.83843859678683,-1.4838423053317622,4.821255894978255,0.6725102300878331,-0.8298755186721999,0.73
101072,32.0,Female,167.0,55.1,19.8,injured,Lower Leg,Compartment syndrome,1.165124573,57.27956254272044,1.2204679898935389,0.64625,20.64061576634828,16.98193776792149,15.588127571187858,9.528576725807891,5.456762498018698,0.6350939886528247,8.334099270136162,9.679512822380104,1.9342359767891784,1.4
101073,42.0,Female,172.0,84.0,28.4,injured,Foot,Plantar fasciitis,1.157309459,56.07476635514018,1.2383211215833565,0.675,25.237573587927443,15.588433159962303,16.45388652768743,3.845392961112339,8.505999109202435,1.0473142566633515,5.393832381407076,26.535294409933893,-1.4814814814814827,1.54
101074,28.0,Male,190.4,87.4,24.1,injured,Lumbar Spine,Pain,0.893306371,49.68965398991804,1.0786674430592582,0.80375,27.752274566521123,22.837476978913344,9.958062608878482,14.417569541475451,2.4963828123770657,0.3173560930543997,0.3927576710770037,-20.34169503751658,3.4214618973561257,1.9
101075,40.0,Female,167.0,82.8,29.7,injured,Hip/Pelvis,Other,1.155511135,54.054054054054056,1.2826173597837305,0.71,30.142597758515336,15.880682518049284,16.751282902988116,7.20931304575438,12.087431373636942,-1.218313112863186,5.077220782972917,9.815947649794705,0.0,1.01
101076,31.0,Male,180.0,59.7,18.4,injured,Hip/Pelvis,Hip flexor strain,1.185279434,53.932856623439584,1.3186233701685426,0.7,36.44840125234646,19.55117704305778,22.230143594393727,2.612205905431624,5.77701774229382,-0.1503169611116448,7.373688217036165,4.180065593344295,0.0,0.9
101077,27.0,Female,150.0,51.1,22.7,injured,Other,,1.186211089,59.85074626865672,1.1891766168121891,0.6225,28.21866776981105,16.397512266026055,15.4065496853559,2.9571502832936813,5.5069401427549565,1.2753643896005302,6.819203114628315,19.391748912751115,-0.8032128514056232,1.81
101078,43.0,Female,174.0,69.0,22.8,injured,Knee,Osteoarthritis,1.154525094,54.17634829399535,1.2786365419508905,0.6924999999999999,27.91322324161524,12.212053708207344,16.89610430167196,7.278790754174673,8.333220375220286,0.3811115815242847,4.153779200662417,-32.88093335707848,0.7220216606498202,1.27
101079,18.0,Male,173.0,84.6,28.3,injured,Knee,Patellar tendonitis,1.174512086,54.17634829399535,1.3007721355778554,0.725,31.9852767058357,16.900007745117662,17.16595013903537,9.737571015617,2.0592646930646383,-0.3045410872638946,7.177612055696002,18.857637558248133,0.0,1.27
101080,42.0,Male,180.0,79.1,24.4,injured,Sacroiliac Joint,Piriformis syndrome,1.205315834,56.33802816901409,1.283661363170212,0.69,34.68200646197681,14.873893915197057,17.849336361971975,11.744455021666637,5.860965261477224,0.3312153816066212,9.279071343586825,-7.030370752871766,-1.449275362318826,1.49
101081,50.0,Female,172.5,64.6,21.7,injured,Lumbar Spine,Other,1.148945601,53.932856623439584,1.2782019808578045,0.6975,25.290299014365644,23.50412172682276,18.52449933389087,5.100546113584032,7.06211832811481,0.1496903478000297,5.156672900617631,12.528069857267829,-0.7168458781362014,2.07
101082,46.0,Male,167.0,59.0,21.2,injured,Hip/Pelvis,Pain,1.128586498,56.470900876959874,1.1991231543064584,0.7,32.95824227572069,24.21372173595234,21.81155265759204,8.9379919743587,4.799657400136724,2.339834445098802,4.710110996643245,1.3665760892173129,0.0,0.83
101083,41.0,Male,182.0,81.9,24.7,injured,Knee,Patellofemoral pain syndrome,1.154821631,53.09734513274336,1.3049484433119751,0.73125,37.272813507461365,20.7213040791778,14.553870491096951,6.180555667190696,4.301598995848323,1.5939086931508633,4.737149184293067,11.995064075963244,0.3418803418803346,1.04
101084,41.0,Female,173.0,78.3,26.2,injured,Thigh,Hamstring muscle strain,1.475875128,60.37764580478148,1.4666509080799868,0.6225,35.53474804575558,27.64608869798844,11.51901140371272,3.690273876943632,7.466019649510557,0.2949057063083025,5.386723333806204,-7.021855288059422,-0.8032128514056232,0.85
101085,40.0,Male,173.0,88.6,29.6,injured,Lower Leg,Calf muscle strain,1.158491508,52.74750753535822,1.317784090390461,0.725,30.837109801021057,17.15503165378849,18.37276160140221,4.746291872383743,6.262393214533844,-0.755392281472878,8.390790619590648,6.443574478430991,1.3793103448275874,1.07
101086,36.0,Male,177.0,79.3,25.3,healthy,,,1.163265933,50.74018450976185,1.3755619655813365,0.765,32.62679199360565,18.049722373556,10.878288335108,9.528480302477046,5.393426705812784,1.8392530268193072,4.048641273337338,0.5225142458071116,-0.6535947712418452,1.15
101087,32.0,Female,167.0,58.1,20.8,healthy,,,1.171412614,53.932856623439584,1.3031965336033895,0.7175,29.13770693255202,15.536724208814366,25.25117941037039,10.681768578685611,9.077389823298455,0.9005419990645818,7.864729789274538,-19.37968158068149,0.6968641114982584,1.26
101088,30.0,Female,169.0,69.2,24.2,injured,Thigh,Hamstring muscle strain,1.172910716,56.20639726207713,1.2520821889381155,0.6975,28.732540578446788,9.82971087198787,15.983064675081945,11.959826397195794,9.590243108692222,0.1943417364380519,3.348574783360468,66.51314066197305,-0.7168458781362014,1.73
101089,18.0,Female,168.0,61.4,21.8,injured,Hip/Pelvis,Hip flexor strain,1.171433124,54.48375154257507,1.2900407278368604,0.6875,32.32447166368527,19.913436560929945,13.022113419089983,5.052970611368261,8.690506532673808,1.145347610769636,6.165840203267006,-0.8203909615235253,-0.7272727272727117,1.76
101090,49.0,Female,171.0,59.4,20.3,injured,Knee,Bursitis,1.180851775,54.54545454545455,1.298936952870661,0.70875,34.68710330107399,15.783888189100017,15.908164383153814,9.176116913129077,5.76910234791746,0.6117791669905777,5.481217733528906,-27.070019784657333,0.3527336860670119,1.03
101091,39.0,Male,174.0,87.5,28.9,injured,Lower Leg,Medial tibial stress syndrome,1.161387953,51.94805194805195,1.3414030855747452,0.74375,31.437406616991325,13.26118290292725,22.53649095214906,4.396613072097362,9.331833911027264,1.4855403629033432,7.56379798471354,-13.624606286175284,3.6974789915966495,0.94
101092,28.0,Male,170.0,71.5,24.7,injured,Ankle,Other,1.153125552,51.01065556223111,1.3563639305437378,0.75,29.29822194783532,18.05456098698785,18.814797675168865,8.979513242283655,2.887799835335294,0.4478505982682774,8.067397835188029,19.187933122853032,1.3333333333333346,2.43
101093,49.0,Male,171.2,78.4,26.7,injured,Hip/Pelvis,Pain,0.849801422,49.383965401281415,1.032508727325994,0.8075000000000001,27.218618102227083,20.23029182561347,5.910240738437023,8.32795845819002,4.274080257134525,-1.5003700412323475,6.764691251355644,4.288804583671462,0.619195046439629,2.85
101095,57.0,Male,181.0,94.7,28.9,healthy,,,1.183169145,49.89626556016597,1.4227608964569929,0.7675000000000001,41.9171515312168,16.772958527886516,13.304900592800358,11.476796138525009,3.804332442466776,-0.618984443473229,9.938756890352916,30.893458355297543,-3.257328990228016,0.71
101096,40.0,Male,176.5,88.4,28.4,injured,Knee,Other,1.16273503,49.79253112033195,1.401095711466157,0.77125,32.03910575123132,18.07907581216613,16.1008877533268,6.557769583850394,6.075868200020823,1.9881748020475976,8.446144401705237,8.713260394272632,1.6207455429497657,1.58
101097,39.0,Female,165.0,73.3,26.9,injured,Hip/Pelvis,Other,1.16972844,57.69230769230769,1.216517577925375,0.6687500000000001,32.33760741795368,15.940180177142048,13.431963082313686,7.519630436195977,6.332442975777129,0.8100760358523593,4.133472840620285,-12.212784265331477,1.869158878504666,1.77
101098,39.0,Female,170.0,65.0,22.5,healthy,,,1.154528169,56.87203791469194,1.2180272183152006,0.6737500000000001,29.5033166451272,7.041928587805686,26.43536233045895,5.561809747058229,8.286878184790538,0.769249342240731,2.909475356080632,9.590554993726206,1.1131725417439629,1.28
101100,54.0,Female,173.0,101.3,33.8,injured,Hip/Pelvis,Pain,1.388979632,64.1711229946524,1.298695955530034,0.6125,42.58839541141509,19.696244276431173,16.154861735053224,13.2987015413294,9.935474376521055,0.5791014926558011,4.466952034758556,22.54886331318895,0.8163265306122456,0.8
101101,53.0,Female,161.0,91.6,35.3,injured,Lower Leg,Pain,1.16827846,52.98091042584434,1.3230753560366608,0.7224999999999999,42.95370775193359,23.340735473972728,16.64789338653511,7.794290448535593,11.583875564579197,-0.7361526793738429,5.308812743481207,-3.3897957270136163,2.0761245674740505,1.62
101103,18.0,Female,174.0,54.6,18.0,injured,Ankle,Other,1.165554672,53.69154388212684,1.3025073464800292,0.7,33.65861531713591,14.28772472479659,19.91081337159948,9.40313836821882,10.053522995025569,0.0596199837271838,7.503936902836052,3.9285159868963273,1.42857142857143,0.9
101104,20.0,Male,176.0,77.1,24.9,injured,Thigh,Hamstring muscle strain,1.170401558,48.48504636280528,1.4483719276346314,0.77,41.25528243121437,25.652492331289373,8.728585250904548,10.817297735581755,4.022197153596019,0.5710714298905641,8.28620839998801,9.902060399836206,1.948051948051964,1.16
101105,62.0,Male,183.0,84.8,25.3,injured,Lower Leg,Calf muscle strain,1.506373662,59.70149253731344,1.5139055299914548,0.63,42.366068901035874,34.29927038598637,2.962704465455265,10.554971816017694,4.199870370482321,0.2915171395463666,4.6582088637237264,2.9572189522465577,0.0,1.52
101106,56.0,Female,166.0,105.5,38.3,injured,Lower Leg,Shin splints,1.16837079,51.72413793103448,1.355310116217674,0.77,43.80676314675361,21.42235009619568,16.899843077156493,6.389368844612769,7.417831695494746,1.4741411489231235,9.933380726692148,28.47015850186371,0.0,1.47
101107,28.0,Female,177.0,68.9,22.0,injured,Thigh,ITB syndrome,1.1668594,53.57142857142857,1.306882528367853,0.7112499999999999,30.536795890747555,15.673023965644385,13.296782102596188,7.2836611323038385,7.760811951620795,-0.7176831849294398,4.096565081733331,7.919208335703025,-1.0544815465729285,1.21
101108,47.0,Female,175.0,90.8,29.6,injured,Knee,Patellofemoral pain syndrome,1.158697161,55.81455722185999,1.2455994478401649,0.6825000000000001,34.64599788956511,17.428913511381413,14.322220060852024,9.275248413511376,5.942691255753694,-0.8214426291084038,3.293636507986545,-28.91775184615076,0.7326007326007331,1.8
101109,58.0,Male,180.0,70.0,21.6,injured,Knee,Bursitis,1.416916823,59.62760455149993,1.4257725528348282,0.625,43.272921416909696,21.42326789259183,20.20542329606053,5.070849109372892,7.787065832165245,-2.524561530585001,7.687981970199927,11.411350941081874,-1.6000000000000014,1.07
101110,21.0,Female,167.0,57.4,20.6,injured,Knee,Patellofemoral pain syndrome,1.160276021,54.054054054054056,1.2879063836997624,0.7224999999999999,39.15005654972214,19.9282529189317,18.89553304673244,12.940633318889628,7.171576240765131,1.2054614439334563,2.308758082515237,-4.9019341291762055,2.0761245674740505,1.12
101111,47.0,Male,181.0,81.0,24.7,healthy,,,1.147788185,53.81165919282511,1.279783826602894,0.7175,36.56490232958379,19.835491724585715,17.83710349020091,14.786145350154362,4.218773409657992,0.540277397778326,4.529248180368745,-13.633996376003209,-0.6968641114982584,1.02
101112,67.0,Male,165.0,61.7,22.7,injured,Foot,Plantar fasciitis,1.180365985,57.00744752877455,1.242335199088696,0.67,31.07265654977192,13.510958999405725,20.92909559151777,10.938021245471042,4.626001903675991,-1.100943266929293,7.890098585872099,31.29446132066002,0.0,0.92
101113,40.0,Female,167.0,76.2,27.3,injured,Knee,Other,1.144976467,54.60772104607721,1.2580428935824683,0.7124999999999999,30.050551948292224,18.76443275882746,14.939875124786742,9.105242867177028,6.825830003864128,-0.1843321706767611,7.9154737107596445,10.473722658927056,0.701754385964913,0.9
101114,59.0,Female,167.0,84.5,30.3,injured,Foot,Plantar fasciitis,1.324260127,58.11172083860983,1.367298581099448,0.66625,46.14068626591944,29.197220377630128,13.484858522487682,10.087776957553128,10.467103687280169,1.7787169794499862,7.778848739604441,-0.174674324924915,-1.1257035647279476,1.34
101115,41.0,Male,183.0,92.9,27.7,healthy,,,1.282243269,55.68475452196383,1.3816171224885467,0.685,35.2670299227689,15.30894168994386,20.0323980063016,6.309442200691954,5.365613144000191,-0.5282716973076698,6.54373950311228,-6.759773314536586,0.0,0.92
101116,33.0,Male,178.5,84.4,26.5,injured,Knee,Other,1.163195222,52.120387739267926,1.3391284988519423,0.7475,30.927388801703444,22.375151068533363,18.742158977835253,6.21969460099945,5.7797723651691175,3.268580356216322,8.732442886367075,-5.018562138221718,-0.6688963210702347,1.65
101117,31.0,Female,167.0,57.7,20.7,injured,Lower Leg,Other,1.173109169,55.29953917050691,1.2728234487425842,0.675,39.23779717106737,13.382774421237826,16.342150045045827,10.179026035112289,2.3810352606046417,-0.1731079714861185,7.058860298086713,42.33935673874719,0.0,1.56
101119,26.0,Female,169.0,65.5,22.9,injured,Knee,Pain,1.382272157,53.57142857142857,1.5481448159777065,0.6925,37.13674577190904,20.522660351344605,19.33774698433768,8.962280464199905,9.950206089522302,2.160351029692846,5.139669746943101,-67.5474008646804,2.8880866425992484,0.99
101120,34.0,Female,180.0,74.8,23.1,healthy,,,1.299644972,57.07580022870619,1.3662517763635371,0.675,32.92831475172542,17.111910438692874,14.466172121820176,11.43302954274731,7.729093504549535,0.7977721717920114,5.592600574210797,-3.172656432921827,1.4814814814814827,1.46
101121,33.0,Female,162.0,54.9,20.9,injured,Knee,Ligament tear/rupture PCL,1.162177546,57.07515233581584,1.2217391454549302,0.66,28.995056760328964,16.140944218741577,23.077874077821868,8.234863477161893,7.532709596706823,-0.2430414281805339,6.404683433651904,8.69912487121684,1.5151515151515165,1.77
101122,49.0,Female,160.0,65.0,25.4,injured,Foot,Plantar fasciitis,1.07796291,54.66998754669987,1.183064293344843,0.7024999999999999,33.7781619422359,27.149985305987634,13.711751900210864,9.63048233847425,3.554355025323635,0.7929117790599477,6.074713716432836,-2.2189701233426504,0.0,1.49
101123,22.0,Male,176.0,80.4,26.0,injured,Lower Leg,Medial tibial stress syndrome,1.162466251,51.50262026464483,1.354273182320978,0.735,28.331239397398463,19.02920887244937,18.12913997166288,8.641955785828586,5.003289603490121,0.6880065933708718,8.78058809247717,-32.04997423952601,1.360544217687076,1.34
101124,56.0,Female,162.0,55.0,21.0,healthy,,,1.154718693,56.14058180860866,1.2341056029850863,0.67,32.712283913863274,17.02678101955678,23.62894300053041,5.658955092411215,8.80003682150171,1.6906802903103586,7.257200984605721,-5.770218015457169,0.0,1.46
101125,45.0,Male,176.0,74.3,24.0,injured,Knee,Meniscal tear medial,1.175011712,53.333333333333336,1.3218881760298031,0.725,32.17328311234314,21.73040028297602,12.439852386509871,16.9059570432606,3.805930242946216,1.2750591203921555,9.126192951002068,-2.855098181545951,1.3793103448275874,1.15
101126,45.0,Female,161.0,57.8,22.3,healthy,,,1.168469222,52.74750753535822,1.329133740125583,0.72875,31.53814847994664,9.678860217929454,18.89181489729751,9.812054858748484,9.546372491873315,-0.1042504418631669,8.981278070875037,-86.82100442765656,-0.3430531732418451,1.0
101127,32.0,Male,186.0,76.7,22.2,injured,Knee,Other,1.153680141,52.98039062804569,1.306542760029303,0.7,24.94271908043538,14.9488182742488,15.009292192886964,7.474714002735675,3.321899353439271,-0.7520562765709558,7.584575225274452,-7.425583362876386,-0.7142857142856991,1.51
101128,58.0,Male,175.0,80.0,26.1,injured,Hip/Pelvis,Other,1.177865447,55.04702985922606,1.283873337414514,0.6837500000000001,26.86426992731174,18.916039272049755,7.614412432356215,8.21574790830756,4.041738366719383,0.0264642421357388,4.431727890068399,11.453520875290128,-1.0968921389396638,1.37
101130,46.0,Female,165.0,66.9,24.6,injured,Sacroiliac Joint,Other,1.169451397,59.776119402985074,1.173836839274812,0.6475,28.150629146922626,16.827949897409617,15.52080250360579,8.963627368038793,7.805890110521665,1.261082561244369,4.496030550087194,-20.922761394207672,-0.7722007722007729,1.6
101132,53.0,Female,160.0,55.9,21.8,injured,Ankle,Achilles tendonitis,1.168989873,54.60772104607721,1.284427623481798,0.7024999999999999,38.93777132106237,18.13269899328765,20.705301929041788,10.40386845912367,4.0689835734919,2.8571305293963363,6.467846619731258,12.46808384686809,0.7117437722419936,1.41
101133,44.0,Male,169.0,78.2,27.4,injured,Knee,Patellofemoral pain syndrome,1.162244593,55.109867612148015,1.265393800528432,0.7175,31.359507278330568,19.823421746416585,16.830911360656593,12.835518040408603,9.470490246179368,1.5218858232553345,8.018850570949537,-21.87234324626836,-0.6968641114982584,1.44
101134,55.0,Male,174.0,68.0,22.5,injured,Thigh,Other,1.163518982,54.98303380671107,1.269690088975083,0.685,35.306855649317015,15.608995144043906,15.31452237546847,3.33444107910213,2.006211962366656,-0.2878982845143973,7.561896316412609,4.929289118150105,0.0,1.11
101135,36.0,Female,157.5,59.8,24.1,injured,Thigh,ITB syndrome,1.151340918,57.48527788001472,1.2017120833788597,0.6875,44.35285149326705,20.1532260968797,18.3367700346628,12.743338295428572,7.469732853819591,0.9271262125427168,4.214640298561776,-16.086751669950917,0.7272727272727117,1.23
101136,52.0,Female,166.0,62.8,22.8,injured,Lower Leg,Tibia stress fracture,1.173847514,56.872676639286674,1.238409127663485,0.6775,30.589228042914925,23.68098594112524,13.633521786720738,9.15865789374828,6.192600918012776,0.3138544370141626,5.232854515604496,-12.05418911591396,-0.7380073800738014,1.31
101137,63.0,Male,168.0,62.4,22.1,healthy,,,1.161953456,51.72413793103448,1.3478660094639607,0.735,40.2195160448025,27.68288630530949,9.960468160497712,9.56449986058536,5.2227836137844825,-0.5308740592584303,4.312483294627176,-16.155232505465897,0.0,1.14
101138,48.0,Female,164.0,70.8,26.3,injured,Knee,Other,1.172113858,62.5,1.125229303492466,0.6125,31.6943557024332,18.50527163194423,15.663183742486966,10.933236699919178,7.230812460088751,-0.2864640755732648,6.065024784937068,-27.6179644039297,0.8163265306122456,1.37
101139,55.0,Male,175.0,77.6,25.3,injured,Hip/Pelvis,Bursitis,1.166477972,47.80876494023904,1.4639298550925437,0.80125,40.137608881609765,21.033352326122795,17.510534708632203,11.007063788288129,5.807080506529398,3.4010277991582964,9.836012907274124,-18.57262642708072,4.68018720748831,1.64
101141,40.0,Male,179.8,100.4,31.1,healthy,,,1.306236693,65.21739130434783,1.201737757602741,0.6125,62.39128666967383,39.15458272894658,13.699631451063988,17.263336768942622,9.900511974071446,1.1264585527866309,3.6917887892216767,6.989517868355849,-2.4489795918367365,1.85
101142,46.0,Male,185.0,94.3,27.6,healthy,,,1.171205629,55.74935400516796,1.2605100577083408,0.685,25.34937291653887,16.744660156519792,13.634102814019991,6.298053996839004,9.30002024000106,1.058686891470829,9.087180241189646,10.896491638627031,0.0,1.56
101143,45.0,Female,180.5,70.8,21.7,injured,Thigh,ITB syndrome,1.169881912,50.63291139240506,1.3863100659505645,0.7725,37.89226632299688,17.17980845100999,25.21546118951428,7.133570192322043,7.430081644600788,0.9092374481095732,7.759374670928066,-17.878163820892766,-0.647249190938512,0.85
101144,28.0,Female,163.5,61.8,23.1,injured,Knee,Pain,1.25089005,57.69230769230769,1.300925652293942,0.6612500000000001,32.50371123000326,13.13274614083001,8.602106543557792,8.747538234141075,7.420947202057405,0.7243838756290044,3.48464880600926,-9.05342339124179,0.3780718336484018,1.65
101145,71.0,Female,170.0,67.2,23.3,injured,Knee,Osteoarthritis,1.470909876,64.60331299040976,1.3661075477518896,0.6,30.603645815245585,20.938547660474512,13.51868364183476,11.023516625265437,3.582103816050216,4.511332354063327,10.669307707847242,-22.729819804077827,-1.6666666666666683,0.96
101146,44.0,Female,158.0,57.3,23.0,injured,Sacroiliac Joint,Pain,1.39719243,62.3380829015544,1.3447977137011873,0.5925,42.82964710764355,28.70470329853179,4.086904206000964,9.312379270340957,4.973573124815337,2.00268202753886,3.796541338298117,-3.873134217768717,0.8438818565400851,1.15
101147,52.0,Female,159.5,60.4,23.7,injured,Foot,Pain,1.037660039,56.01017537522461,1.1115933170429448,0.6825000000000001,26.523904965384872,16.7351353433619,19.1205182177819,8.447989133752625,6.163654997338348,0.2435652874889021,4.766374031785723,21.00391239202957,-0.7326007326007331,2.18
101148,49.0,Female,165.0,80.1,29.4,injured,Lower Leg,Calf muscle strain,1.377518489,60.68297185048454,1.3620214060960718,0.6375,38.944903752740174,18.3936872621887,11.430947788291926,8.29517937436339,8.618177641705962,0.9498248566827644,11.00166558331323,3.666031517472592,0.7843137254901968,1.2
101149,40.0,Female,160.0,51.0,19.9,injured,Thigh,ITB syndrome,1.154252008,58.25242718446602,1.1888795685244449,0.675,35.0698144916264,17.131670419721086,19.229607383628,11.037591747611364,7.970539844322998,0.1003455881476609,7.734759606687465,0.4833266645357916,0.0,1.01
101150,25.0,Female,160.0,62.0,24.2,injured,Knee,Other,1.164097552,54.98361295650759,1.2703214535071772,0.695,35.553260054962294,19.30358792499357,17.57638526997626,14.553372124296466,8.141025449686017,1.1915986620058152,7.671702941415061,0.262792766845737,0.0,1.1
101151,51.0,Male,170.0,85.0,29.4,injured,Thigh,Other,1.16867498,52.00451722190853,1.3483587584736032,0.7375,33.79316963830951,20.970219737340337,21.273879435878943,11.529592608743611,7.442675701217159,0.3475230924926049,5.515589635065494,10.800625515577082,-0.6779661016949158,1.23
101153,35.0,Male,178.0,78.1,24.6,injured,Lower Leg,Calf muscle strain,1.167031852,51.94805194805195,1.3479217885849426,0.74125,30.352627869689115,23.568551132611187,14.350025340072085,8.356643014762088,2.1270204171275906,0.1994291014467304,7.988063534975138,15.11301849610095,-0.3372681281618815,1.26
101154,63.0,Female,159.0,57.5,22.7,injured,Hip/Pelvis,Pain,1.654136193,68.37662337662337,1.4515045090613512,0.5625,43.74181881752094,24.22282153570868,21.082640543516288,12.684716510815022,10.990357184009133,1.4787552239378798,7.111775365748148,-8.623775970214357,6.222222222222208,0.79
101155,69.0,Female,162.0,67.9,25.9,injured,Hip/Pelvis,Other,0.675815578,41.30919597043732,0.9816221274040066,1.01,19.20561665111564,22.25624935248453,-0.2283558468007349,14.658411436502444,2.418904676171989,-1.3954935958187926,7.820031206658563,35.23001465329766,0.0,2.03
101156,59.0,Female,174.5,75.0,24.6,injured,Lower Leg,Calf muscle strain,1.305716303,53.69154388212684,1.4591379687817698,0.7337499999999999,47.0836609996278,21.212894357368786,24.40424575543833,10.88560641242566,1.307348968153668,-0.1099329018724306,10.99446828844939,-30.50757654490081,-0.3407155025553742,0.76
101157,53.0,Female,161.0,75.8,29.2,injured,Foot,Other,1.16956609,52.63157894736842,1.3333053424055186,0.7424999999999999,34.94340892592604,24.716413808036343,15.223957458488565,8.998309434687563,8.649625399383137,1.210042147141996,7.139943491942098,-10.364095435752304,0.6734006734006741,1.13
101159,55.0,Female,150.0,60.4,26.8,injured,Thigh,Hamstring muscle strain,1.143753842,60.30150753768845,1.138035073038545,0.6425000000000001,35.649638983305834,25.32339369112785,5.508237009745288,14.432512790408955,8.130118553930574,-0.0490633848308588,4.236584766859546,3.753272009181162,-0.7782101167315181,0.9
101160,47.0,Female,174.0,72.7,24.0,injured,Hip/Pelvis,Other,1.274871348,52.17489933647138,1.4661020500783253,0.72,33.199218994588136,12.296164488228728,19.423875031239803,7.824079247253484,8.032122637407959,-1.2911779092344855,8.810859277000212,-28.35721381000509,-0.6944444444444297,1.6
101161,56.0,Male,170.0,77.1,26.7,injured,Thigh,Hamstring muscle strain,1.311745404,54.11520117402471,1.454397717205863,0.7175,46.52503696779516,28.96836188045685,19.90089380936962,6.905766164980495,3.344468585154111,-0.512675176924154,8.612016807688661,12.37162557273444,0.6968641114982584,0.91
101162,34.0,Female,152.5,52.2,22.4,injured,Hip/Pelvis,Other,1.339353591,58.25242718446602,1.379534198281338,0.645,45.4842631976108,19.78848988404481,17.95708103772259,6.673465959045435,7.636710894557311,-0.4835878681919798,5.194968759091879,-1.4181982814474028,0.7751937984495959,1.14
101163,50.0,Female,153.0,68.0,29.0,injured,Foot,Metarsalgia,1.17376302,60.30150753768845,1.1678942046599412,0.63,23.02292813634552,9.402320247929609,23.816401573185075,4.464028456667966,7.651255450416454,2.2893168828844788,4.126895967713624,70.22199612349648,1.5873015873015888,1.34
101164,27.0,Female,170.0,62.6,21.7,injured,Lower Leg,Peroneal tendonitis,1.324015053,54.4220485396956,1.4597265959109849,0.72125,43.50678940529923,25.58715203016409,19.761772143758527,10.837893082700509,8.670297014553476,1.4574437711369514,4.613025851598692,1.6729270141050865,4.506065857885627,0.87
101165,22.0,Male,190.0,68.7,19.0,injured,Knee,Patellofemoral pain syndrome,1.187271217,54.54545454545455,1.3059983384179998,0.705,32.22968689748359,16.286643722464525,15.2196985697996,11.576906426813997,3.3715379039974622,0.9757509160721608,5.455274308818154,-16.47941698538746,1.418439716312058,1.04
101166,37.0,Female,164.0,55.5,20.6,injured,Lower Leg,Shin splints,1.358618179,60.0,1.3586181785835834,0.635,32.261342106963866,16.569863557674076,19.62066879657141,11.78409797535364,7.997760983874326,-0.146142048690919,8.684082796769006,-12.15428526058857,1.5748031496063006,0.69
101176,26.0,Female,165.0,59.6,21.9,injured,,No injury,1.189876854,58.25242718446602,1.225573159781904,0.6425000000000001,25.84370582689155,2.330619254225277,14.96727388660238,11.156411734809463,5.755191875295291,0.897344684395462,3.0865030806616867,-125.10649081668438,2.3346303501945544,1.7
101177,35.0,Male,180.5,85.5,26.2,injured,,No injury,1.14001594,49.48474645444343,1.382269326779414,0.7975000000000001,30.78734982871029,15.862848176612871,15.65647609417585,13.084611736276432,3.59723598320576,0.3495139236958777,5.789141010976492,-0.0859305477166873,-0.6269592476489033,1.64
101178,30.0,Female,158.5,55.3,22.0,injured,,No injury,1.019773323,54.11520117402471,1.1306736719656605,0.7424999999999999,26.793034136109355,15.945132883402955,13.731835727162402,10.311299854718014,8.522767447268734,-0.3293520031592107,7.077062719220026,45.19587864932583,-0.6734006734006741,2.14
101179,29.0,Female,174.0,72.1,23.8,injured,,No injury,1.136058385,54.29864253393665,1.255344515381906,0.73,27.383165647147507,16.57014604549405,14.089406017319892,14.768391711590638,6.991207260108323,1.083396950989925,3.0990724332315684,-1.487502999794015,1.3698630136986314,2.3
101180,33.0,Female,174.5,61.0,20.0,injured,,No injury,1.137669577,52.40174672489083,1.302631665100339,0.72625,30.37752567559255,10.955777705812574,12.053586515176328,11.638980756213911,8.613146088257057,0.4677086871005715,5.009522012381266,36.35964601824784,1.0327022375215231,1.57
101181,30.0,Male,173.5,63.4,21.1,injured,,No injury,1.127938121,55.55555555555556,1.2181731710945478,0.7,24.44586569222278,8.902730737923346,16.496266663968736,5.227208609012396,1.9532138850067384,0.2607969404104515,5.204441724074962,-3.0837040894459142,0.0,1.44
101182,35.0,Male,181.5,76.8,23.3,injured,,No injury,1.112564758,50.10503654577336,1.3322962975123578,0.7675000000000001,32.82791171810504,24.654692322289733,20.01668628355669,14.339807171177748,1.1357794880814769,-0.0005099575038631,3.005599429662137,-3.5181764307005325,-0.6514657980456031,2.23
101183,47.0,Female,171.5,59.4,20.2,injured,,No injury,1.11456498,50.84745762711864,1.3151866764724682,0.745,33.19551183178936,22.51601633618103,10.391112834620118,10.76919334461848,1.6040096939959292,0.3034795342864713,4.171964851256279,2.669540451510536,0.0,1.14
101184,28.0,Male,184.0,76.4,22.6,injured,,No injury,1.122340605,56.60377358490566,1.1896810407798597,0.7024999999999999,17.721579275882902,6.612114365624942,13.678906793102655,7.730994315350161,3.75561586727308,-1.472527547509886,4.127964954271112,29.11723139241428,0.7117437722419936,1.41
101198,58.0,Female,175.0,94.0,30.7,injured,Knee,Knee OA,1.128527569,53.333333333333336,1.2695935154542397,0.7124999999999999,34.73079184890588,12.65426097204627,9.543583102433402,12.268966215763694,8.889378121383658,0.3365531396696268,4.057003116689979,76.49342793631412,-0.701754385964913,1.85
101199,51.0,Female,154.0,64.7,27.3,injured,Knee,Knee OA,1.124212429,56.33802816901409,1.1972862373180413,0.6825,37.76594351063943,22.36429437298045,11.515782622269292,17.389490255353778,0.4041790346338512,-1.3306197289446562,3.86472927485027,-12.574842075886997,2.197802197802184,1.67
101200,51.0,Male,178.0,78.0,24.6,injured,Knee,Knee OA,1.114555838,51.94805194805195,1.2873119933578838,0.7525,30.739069530575307,19.11469324231258,17.99165119795311,13.195924908420182,4.501447789658281,0.804062548141125,6.461331545936618,10.09639580451626,0.6644518272425256,1.24
101201,64.0,Male,183.0,100.5,30.0,injured,Knee,Knee OA,1.012668606,51.72413793103448,1.1746955824069516,0.745,31.138227414219045,18.336443500099616,8.084757645974978,17.693379581164358,8.670206558177894,0.3035435378664304,-0.0204603760729614,20.6489319078352,0.0,1.26
101202,60.0,Female,170.0,87.0,30.1,injured,Knee,Knee OA,1.135129256,50.2092050209205,1.3564794607231168,0.7725,26.33784108097712,14.919348279941143,15.76816740916975,11.442867348201318,11.867725241408872,-0.9795322519349388,5.162388197906256,43.07178440971483,1.941747572815536,1.14
101203,56.0,Female,161.0,120.7,46.6,injured,Knee,Knee OA,0.889397776,50.74018450976185,1.0517128706165395,0.795,12.561166997735114,12.012650263700834,12.99031929418979,12.919497820363048,13.625181504143814,-0.1149353119898379,7.68809634383007,11.362928903459236,-0.6289308176100774,2.0
101204,65.0,Male,182.0,101.0,30.5,injured,Knee,Knee OA,1.133558317,52.863436123348016,1.2865886897714849,0.7175,26.033898210528264,20.45122924544329,7.337882280486274,16.368878534024336,3.684354640061224,-0.1332522891525298,6.131966412942166,-31.15924694755412,3.484320557491292,1.29
101205,63.0,Female,165.5,70.0,25.6,injured,Knee,Knee OA,0.918710291,47.430830039525695,1.1621685177122736,0.8325,30.96549987193947,23.42244906895532,13.780782802772514,14.182856771684593,6.729918944880939,0.1679405884089062,5.04741862964439,-13.705237673363918,3.003003003003005,2.58
101206,72.0,Male,177.5,101.8,32.3,injured,Knee,Knee OA,1.152532523,58.25242718446602,1.1871084992044318,0.67,43.45716931310267,29.039313865494314,6.659962087216848,20.81781714517485,7.333551591820404,-1.678541848044934,7.947519720442913,9.774095435380929,-1.492537313432837,1.46
101207,72.0,Male,168.0,68.8,24.4,injured,Knee,Knee OA,0.865065361,42.47800917224269,1.2219048227979634,0.92,34.34673215163809,22.79559670376357,9.23330447481434,15.709483094702394,-0.261599006069261,0.1298842218756284,7.211376417295097,-7.588420717309524,-2.1739130434782625,1.49
101208,66.0,Male,165.0,91.9,33.8,injured,Knee,Knee OA,1.127210756,51.17294053464266,1.3216546116567338,0.765,33.95282460382396,17.628705157927122,17.932917953278004,16.688237306947897,7.897048707853742,-2.2008890184546623,6.244811672339846,-15.986737572242909,1.3071895424836613,1.63
101209,65.0,Female,150.0,67.63,30.1,injured,Knee,Knee OA,0.453207179,72.9490022172949,0.3727629047851967,0.58,17.443099602326413,30.74485454246345,2.168355031740393,12.944732407790738,3.599839486576215,-0.1838094949657532,3.2840454470978977,13.494466209742056,-1.7241379310344844,2.79
101210,54.0,Male,175.5,70.2,22.8,injured,Knee,Knee OA,1.137198783,53.09734513274336,1.2850346245265494,0.73,30.560216406619134,20.50846248177268,24.409288157031053,5.9688469219822125,2.286918567605874,0.1239586581577208,3.708559481823245,-17.414518345918584,0.0,1.34
101211,58.0,Female,175.5,97.4,31.6,injured,Knee,Knee OA,0.922371928,49.18032786885246,1.1252937524624185,0.7975000000000001,24.735951894511743,18.24176091312586,5.213771662380474,16.629538316206517,8.88293077603063,0.4770179811996449,7.537247559738745,-20.50665780703974,0.6269592476489033,1.99
101212,60.0,Male,170.0,67.0,23.2,injured,Knee,Knee OA,0.43361228,57.83166109253066,0.4498727403869506,0.73,12.203250381758266,17.134111485357607,-0.0270721734396971,14.636516082897376,-0.0106349593240004,-0.0813672339682526,-2.576847583668044,27.807812221041385,0.0,5.03
101213,56.0,Female,167.0,95.6,34.3,injured,Knee,Knee OA,0.645197328,42.70462633451957,0.9065022462907428,0.9875,17.589223392431023,31.582679000407243,-5.537557345743564,18.775899642464186,0.330095440734202,-4.285545935445579,6.3938955387435055,64.89429006850652,3.5443037974683467,2.42
101214,62.0,Female,167.0,54.6,19.6,injured,Knee,Knee OA,0.997581111,50.74018450976185,1.1796396642964129,0.7562500000000001,25.055827930775024,24.5881380232846,11.967226038688358,10.351274270447831,3.395957480798331,-0.135382929568928,4.76951000895612,42.84646437411605,-2.314049586776854,1.91
101215,57.0,Male,,,,injured,,Knee OA,1.115267559,46.33273703041145,1.4442714894806992,0.825,34.68473290793759,18.733494859893195,12.561603561449116,9.08247000375016,1.2532249817612744,0.7668451250584141,9.019367623086278,8.387787850237627,2.4242424242424265,2.67
101216,59.0,Female,156.5,60.9,24.9,healthy,"No injury,No injury",,0.783670144,66.29834254143647,0.7092214803184964,0.63125,24.43802857110745,38.068557281054126,11.89607871081708,13.48497818103921,5.290829564084258,-1.1467753635802278,-2.5880413208664814,2.964790747245442,-1.188118811881198,1.77
101217,61.0,Female,157.0,54.0,21.9,injured,Knee,Knee OA,0.863518843,59.55371656568642,0.8699952341051813,0.655,15.005388796160872,16.237947652322376,13.988945841508746,12.4547011903869,8.067932627620202,2.42839147726554,0.9050868215783592,-62.67935799376089,1.5267175572519096,1.88
101218,68.0,Male,173.0,74.1,24.8,injured,Knee,Knee OA,1.337111046,60.30150753768845,1.3304254904683537,0.63625,44.2470568624376,31.02578349186772,12.230234279414525,20.749383753474778,2.6533976506186976,-1.766458335169116,7.843703332227767,-14.720643956819758,0.3929273084479288,1.31
101219,60.0,Female,158.7,117.4,46.6,injured,Knee,Knee OA,0.465845966,64.86486486486487,0.4309075182986016,0.6825000000000001,14.541290609128112,32.39281634843669,2.741548340700924,14.537359618092491,5.411833534321955,-2.0867747227535696,1.963543826466332,-8.951502593269764,-0.7326007326007331,2.34
101220,59.0,Male,,,,injured,,Knee OA,1.061754043,52.0609824957651,1.223671534725141,0.75,32.116754282692,31.40651538469932,5.553490430448411,19.40906517696728,-0.6163841526185025,-0.3155980980521342,8.261211488208327,6.5149241929209465,0.0,1.87
101221,51.0,Male,185.5,88.2,25.6,injured,Knee,Knee OA,1.354326908,55.81395348837209,1.4559014257634812,0.6875,46.29387939879712,19.72037775104676,16.413310060502628,13.099373638607869,3.136597700959146,1.5635814653026314,3.843496428383332,-1.1446837092502478,-0.7272727272727117,0.94
101222,42.0,Male,185.5,125.3,36.4,healthy,"No injury,No injury",,1.018214923,50.52653972981598,1.2091302210831074,0.81,31.419383914870537,19.1261579281386,17.106424643600555,14.04886624649964,5.786699766038371,0.1301843368666033,0.3151946417027924,25.400473754239098,0.0,1.39
101223,64.0,Male,164.5,83.5,30.9,injured,Knee,Knee OA,1.195103436,55.17270536506997,1.2996749861629913,0.7024999999999999,38.25936775091398,17.90527208845007,19.53359976570092,10.802151586363168,4.1314057160045,-0.4763005009598721,7.563085055259885,-3.886060201703936,0.7117437722419936,1.0
101224,49.0,Male,180.5,101.8,31.2,injured,,Knee OA,1.215442494,49.13014386082302,1.4843591457199592,0.785,39.73100647271161,21.242506712307133,13.788988041708748,14.406639061308448,1.660932609388279,1.8182763388337213,7.647911672611492,22.4692114490877,0.0,1.29
101225,57.0,Female,170.0,57.7,20.0,injured,Knee,Knee OA,1.115110099,53.39285714285714,1.253104974221844,0.7124999999999999,29.92541314905634,22.621824087896865,14.232279923987967,17.198898058172333,4.825147834953934,0.3847951039215784,0.1008499387577256,-5.219157693878681,-2.105263157894739,1.83
101226,57.0,Male,176.0,101.6,32.8,injured,Knee,Knee OA,0.934810484,47.71466064970309,1.175524183116364,0.8200000000000001,23.95698975020798,14.529281133224805,8.057670890675954,16.56710299801039,5.035828535069921,-0.154233267396109,0.7857776858620007,11.529954473081952,-2.439024390243891,1.66
101227,57.0,Male,179.0,82.1,25.6,healthy,"No injury,No injury",,1.1103899,52.17391304347826,1.2769483848198289,0.7525,38.3128271570896,32.14009032934644,13.699306156417713,13.359647254529175,2.828347541490419,3.2330971730856017,6.533705015172465,9.591265309566657,-0.6644518272425256,1.84
101228,65.0,Female,169.5,98.0,34.1,injured,Knee,Knee OA,0.78848128,47.384516658737816,0.9984144201920548,0.84,16.85266790257819,13.387998013185978,7.961315060076356,9.562021966736088,10.594750725265012,0.9291749596367826,-0.0773102103931588,11.348104020981824,3.5714285714285747,3.75
101230,38.0,Male,170.0,69.1,23.9,injured,Knee,Pain,1.049591963,50.90200714849794,1.2372065258298344,0.77,33.4741045900534,24.693798711747743,15.885966038745396,12.779448796794982,3.068307690217694,-0.4786357916397787,7.392041642405691,-1.6668455438814411,-1.2987012987012998,1.17
101232,55.0,Female,158.0,64.7,25.9,injured,Lower Leg,Medial tibial stress syndrome,1.336886493,63.1578947368421,1.2700421685273808,0.59625,25.931407242929936,19.108463292986585,10.135706805244242,6.816798897760646,8.586793973770998,-1.158011102327145,5.1620569133875165,21.32835353638496,-1.2578616352201175,1.06
101233,41.0,Male,169.0,84.4,29.6,injured,Lower Leg,Calf muscle strain,0.977067131,49.28152195911758,1.189579231813906,0.77875,26.618816319809014,16.043105866474768,13.869895366541572,4.321688603792348,5.503299583751099,-1.2049235866597845,6.203904364970969,-6.421009933388418,-0.96308186195826,1.2
101234,37.0,Female,167.0,73.6,26.4,injured,Knee,Other,1.167517684,55.42754736303124,1.263837893262691,0.69875,33.73865497214899,21.50084030655939,14.964856280012327,10.878079258853296,8.11280407817484,1.2025578953761409,6.4844598700901255,12.145784274507308,0.3577817531305827,1.07
101235,37.0,Male,172.0,65.8,22.2,injured,Knee,Other,1.164711003,53.93394608806109,1.295740991268914,0.695,30.791512797617514,23.77903169778001,14.138638010875477,9.637330971631382,1.2710364454716565,1.7971252262066728,10.942015558947691,0.134923389893427,0.0,1.61
101236,32.0,Female,177.0,63.8,20.4,injured,Ankle,Achilles tendonitis,1.167048659,53.75160153747598,1.3027180659284054,0.715,32.65054003312591,11.868133930400894,24.467233209582616,9.548964545153227,8.683504176023794,1.5638009656816965,6.395377438275132,-67.81721875272193,0.0,0.87
101237,31.0,Female,158.0,58.5,23.4,injured,Hip/Pelvis,Hip flexor strain,1.179367462,54.29864253393665,1.3032010454522434,0.7175,36.31689394601688,15.215522741191393,18.58243266250089,5.682611782178682,5.849301019359972,0.9187375773516906,6.800745814137386,-8.154010138925026,2.7874564459930338,1.48
101238,26.0,Male,190.0,81.0,22.4,healthy,,,1.473981414,54.98303380671107,1.6084822185595864,0.6725000000000001,37.87655939022923,20.77745293158474,17.39825852136525,10.20813704944596,9.154531092916947,1.1480009390745165,5.772837649446717,11.854634159955332,2.2304832713754665,1.34
101239,52.0,Female,151.0,64.6,28.3,injured,Ankle,Other,1.175109115,59.55371656568642,1.183922433202475,0.64,28.91146103260149,19.29493453924132,12.815315700067677,7.124657449314002,8.375302548158091,0.7008079920852404,6.189224737644687,-16.93941856837017,2.343749999999985,1.09
101241,67.0,Female,165.0,72.9,26.8,injured,Knee,Other,1.012358388,51.33848585706234,1.1831938658990722,0.7725,26.30052905814813,16.64724428941034,6.606258246585786,11.806042057955588,8.290480210273092,0.4954443700721771,4.965279716998067,9.57899915103401,-0.647249190938512,1.85
101242,40.0,Female,168.0,68.9,24.4,injured,Thigh,Hamstring muscle strain,1.169344167,50.79427754979071,1.3812877975960711,0.75,31.12030866073502,17.390238158405054,22.28506450772977,7.823656111736945,8.211136831181385,1.5485410238310209,9.702011193675371,-24.479719653648782,-1.3333333333333346,1.21
101243,29.0,Female,168.0,63.0,22.3,injured,Knee,Patellar subluxing,0.980119705,51.394926694992165,1.144289756058535,0.745,28.455688145990933,13.325725591987547,14.544417978595556,10.206520224129132,6.154847711223094,-0.6847353542495638,4.9223551124087255,-52.64713716086918,5.369127516778528,1.47
101244,18.0,Female,173.0,63.5,21.2,injured,Knee,Patellar subluxing,1.117214356,57.69230769230769,1.1619029303434072,0.6525000000000001,18.63651552676754,9.467226698302271,14.725221113909727,8.8040218731955,7.729510524406354,2.341975460147887,6.900511443009625,-1.4114141722717848,3.831417624521076,1.24
101245,33.0,Female,160.0,65.4,25.5,injured,Knee,Patellar subluxing,0.997834643,52.28782988418455,1.1450152523851602,0.75,19.86473414328816,18.186011285878337,13.426316501388657,10.796867986992574,14.69744717416794,0.1079236074395955,2.8617702608565767,-37.78746327305695,6.666666666666672,1.26
101246,57.0,Female,168.0,103.0,36.5,injured,Foot,"Deformity (e.g hammer/claw toes, bunion)",0.879231014,51.78059693747129,1.0188089373280576,0.79,29.05648871454906,15.952577822706104,3.2185382600095127,7.528076383696332,6.801243876300103,-0.6862108237627047,4.9999520158504245,90.30456476753676,-1.2658227848101276,1.17
101247,67.0,Female,160.5,76.0,29.5,injured,Foot,Other,0.624222385,46.96691176470589,0.7974440968933522,0.90125,20.03124973205513,26.65114052728737,1.943505454277,15.962310110787564,9.385302560749288,1.3480295948634913,3.954570572128742,1.2406553706788963,-4.715672676837735,3.43
101248,27.0,Female,162.5,57.7,21.9,injured,Thigh,ITB syndrome,1.122515438,54.54713742384975,1.2347669823333172,0.7,33.915418748545136,19.808002477522173,12.529768628540854,11.718037051637705,7.7385637716166755,0.3790354714564756,5.59747016588401,9.50721161956296,1.42857142857143,1.2
101249,24.0,Female,163.0,62.7,23.6,injured,Thigh,ITB syndrome,1.162852993,53.57142857142857,1.3023953519551037,0.68875,32.34338482150969,21.70874535984612,13.432140734700116,10.811346010048972,7.7606668379472445,-0.1063649650989422,5.906045959988704,-8.118903155733694,0.3629764065335676,1.38
101250,28.0,Male,179.0,75.8,23.7,injured,Knee,Patellofemoral pain syndrome,1.153916547,55.17270536506997,1.2548842443593329,0.705,37.01331732221155,15.80777306847974,18.16382238098521,11.492821925840918,3.2622798660947065,0.9578879023908684,3.673695116776421,-11.14335173644164,-1.418439716312058,1.18
101251,45.0,Female,169.5,79.0,27.5,injured,Knee,Pain,0.920467352,47.24482678446873,1.16899353689373,0.845,20.391862483500063,16.913301107290458,6.0535168915289645,8.977913693825847,11.015956494876123,2.3785907115330818,3.3954265598363262,-1.9637639460577585,7.100591715976338,1.48
101252,22.0,Male,175.3,83.8,27.3,injured,Knee,Ligament tear/rupture ACL,1.18862817,49.68965398991804,1.435268515057078,0.765,33.47887548501029,17.91718586888203,15.859945096832767,7.491644359366202,6.784534617235211,-0.3049930426910361,5.774893616504266,18.59391518101236,2.6143790849673225,1.76
101253,43.0,Female,168.0,53.7,19.0,injured,Knee,Other,1.036338235,48.632767083841664,1.2785822977863837,0.785,27.032670951086857,17.511087719657322,13.11208917234366,11.996466149878897,7.196884857358989,0.4946885765647648,6.334940566894273,-4.678352091511432,0.0,1.13
101254,42.0,Female,160.0,53.3,20.8,injured,Other,,1.189086212,59.26251097453907,1.2039497900995952,0.635,36.58898859667994,16.622984182608306,13.218885216708376,6.307403905313345,4.218644701421663,1.04835843637263,5.587700596803443,26.87171660137486,2.362204724409468,2.11
101255,28.0,Female,168.0,52.9,18.7,injured,Knee,Patellofemoral pain syndrome,1.166692387,60.68297185048454,1.1535670973990992,0.62,21.169694901158834,3.2114009304611293,22.80003234032523,6.123180873240293,6.667189155768623,-2.7254866722569577,5.292226951259689,106.22533237215904,1.612903225806453,1.45
101257,28.0,Male,175.0,68.0,22.2,injured,Knee,Other,1.149774508,53.932856623439584,1.279124140274853,0.715,33.3426644576536,21.46323664074372,16.990163368042833,11.1246774020992,2.078637585621456,0.5588061818683194,7.831644780307755,5.618224217108953,0.0,1.32
101258,44.0,Female,169.5,60.9,21.2,injured,Foot,Plantar fasciitis,1.308725508,58.25379992930364,1.3479872737344534,0.66625,41.178901395813455,26.386341694494256,11.980302594256113,12.412518764280662,5.7616891070932565,0.4653507077385828,6.418287929163155,-12.867945367219583,0.375234521575977,0.83
101259,48.0,Female,166.0,66.7,24.2,injured,Lower Leg,Calf muscle strain,1.174119825,60.302268920359374,1.1682492259939012,0.6275,31.1066575852922,19.58157928164768,14.535035278785042,9.439009399771065,4.635365452988116,2.043170727384,9.11215949202498,-9.354166953727352,0.7968127490039848,1.22
101260,35.0,Female,181.0,66.9,20.4,injured,Sacroiliac Joint,Other,1.188082052,53.45238095238095,1.333622103157656,0.71,30.15210584216277,15.401871590119304,12.537170885140691,7.459892416289929,6.249442885350566,1.1761102812548687,6.216675937298202,12.772239859866756,1.4084507042253531,0.95
101261,26.0,Female,180.0,68.0,21.0,injured,Knee,Patellofemoral pain syndrome,1.16316649,48.83026381284221,1.429240824423365,0.77,28.487911199077075,13.663746775793657,23.31066246478344,9.709132936828633,8.679527748149306,-0.2472847231488302,7.710459422264459,1.0483569461750315,0.0,1.64
101262,27.0,Male,178.0,92.0,29.0,healthy,,,1.166189558,53.57249626307922,1.3061323055112553,0.7224999999999999,32.81267386303034,20.38990456959426,24.180829905864584,12.763381085529405,4.961134333751925,1.7413335182930796,7.607921382380351,-8.11517002708186,-2.0761245674740505,1.64
101263,22.0,Female,170.0,59.0,20.4,healthy,,,1.209330185,53.45238095238095,1.3574731325961524,0.7237499999999999,32.43293675036767,21.70746830235195,15.79807432951102,11.554953272797045,6.396509492899888,0.8668836006191514,6.443973747047368,-9.571032453538711,0.3454231433506125,1.43
101264,25.0,Female,158.0,50.0,20.0,healthy,,,1.189845369,55.879760438552005,1.2775964649810716,0.6775,35.20830907822065,18.590759736596382,16.81304166160648,13.751484938126328,5.656379767228117,0.9027358966915976,7.310340505241014,0.6688535508361277,2.214022140221404,1.26
101265,57.0,Male,177.0,85.0,27.1,injured,Knee,Patellofemoral pain syndrome,1.204429888,58.82494292923225,1.2285184861151683,0.65625,29.362126101042747,21.3953772567032,15.49477023375382,7.349709774428175,3.127555158811836,-1.107008065196082,6.662066052695523,1.3607266196626593,0.3809523809523728,1.87
101266,24.0,Female,169.0,57.0,20.0,injured,Hip/Pelvis,Nerve impingement,1.162508677,54.237495413966,1.28602522400249,0.7075,34.490969011674736,14.630487256816185,13.15789331983947,5.589171777599292,3.294777714103255,0.845923367622488,7.028252987636849,3.3415341910341647,2.120141342756185,1.58
101267,60.0,Male,163.0,79.9,30.1,injured,Thigh,Other,1.233283542,56.53796695940645,1.308822159242204,0.6525000000000001,33.12897796460703,25.2909381288857,9.389505858112326,13.030686958993156,10.911666731606667,1.0969744157406198,7.544379305725279,-1.700944974257725,2.2988505747126453,1.08
101268,34.0,Female,163.0,62.0,23.3,injured,Hip/Pelvis,Other,1.176854531,57.41626794258373,1.229812984580022,0.65875,27.446339635456923,18.40073717999339,22.711075748476667,7.924109722528922,7.886715834280668,2.0326661464113625,5.354204638479343,2.3266886927330925,2.6565464895635613,1.02
101269,38.0,Female,177.7,79.5,25.2,injured,Lower Leg,Medial tibial stress syndrome,1.21081397,57.97236743838685,1.2531924586999874,0.66625,29.172251798158413,16.515803259314787,10.547807232708006,6.05643282409344,6.119804307228757,-0.3531410933571817,6.637364473914211,-0.8135086015386663,-0.375234521575977,1.26
101270,22.0,Female,163.0,58.0,21.8,healthy,,,1.214192967,58.11172083860983,1.25365423830569,0.6525,28.23098403835411,10.195495206386576,18.11231264648621,9.301864980099396,6.7657789966998845,0.2746206501209303,5.676169635532746,86.92626180568577,1.5325670498084305,2.03
101271,50.0,Female,157.0,53.8,21.8,healthy,,,1.180841008,56.8056105568401,1.2472633149408288,0.66,23.19757354798133,17.42691770863278,14.567602188488804,7.048456276839712,8.039249276767602,0.1088650980542966,7.256169811082171,-12.878675946796337,0.0,1.27
101272,44.0,Female,158.0,62.6,25.1,healthy,,,1.146722161,54.79566305254379,1.2556607663290622,0.7037499999999999,33.87079011567391,23.219880662749027,20.32162314208152,8.084443719887751,9.591591427673114,1.576261455262785,6.537010775172603,-12.854391835051974,-0.3552397868561361,2.22
101273,19.0,Female,163.0,65.0,24.5,injured,Lumbar Spine,Low back pain,1.153878304,53.935035552682606,1.283689613461073,0.71875,42.600934680235184,22.70391037023633,22.030331227599795,7.608707193881825,4.872330104181692,0.3551697452288147,8.88477917114539,-4.708649099104099,-1.739130434782618,1.34
101274,66.0,Female,161.0,69.0,26.6,injured,Knee,Meniscal tear medial,1.152855768,61.38147566718995,1.1269165136600543,0.62,23.98523589871872,13.974796378430622,3.4401863148595124,10.604636929452331,6.752554866269328,0.4799042910981419,6.394120937753865,41.82447152570677,0.0,1.5
101275,44.0,Male,175.0,88.1,28.8,injured,Lower Leg,Other,1.179078486,49.38271604938272,1.4325803607464411,0.7725,46.912345949179326,28.269974107808245,14.096296661525525,17.354464282732067,3.3483589511427745,3.303217487342304,4.845758124381987,-8.086096087127778,-1.941747572815536,2.65
101276,55.0,Male,181.0,67.8,20.7,injured,Knee,Patellofemoral pain syndrome,0.959421446,57.00744752877455,1.0097910723192904,0.6825000000000001,26.1728097343138,16.46877406960504,16.2274607165007,9.01272075086258,3.446797041080174,-0.5092815632596082,6.033597124112368,-13.828321973219523,0.7326007326007331,2.32
101277,63.0,Female,162.0,56.4,21.5,injured,,,0.502507371,38.34061498368781,0.7864240363632267,1.1675,26.65353247008167,0.061202727452204,8.554570319438223,10.351946734829257,6.966478815935581,3.612526041403007,0.1621201941567194,-200.0,4.710920770877958,3.11
101279,58.0,Female,156.0,59.6,24.5,injured,Foot,Other,1.198552265,58.53658536585366,1.2285160719975905,0.7237499999999999,14.058278628548294,4.2311454074466415,15.006059428348472,6.181987955239855,10.76087168521874,-0.6442791610831939,6.097915981518797,-130.14527874216546,-0.3454231433506125,1.56
101280,66.0,Female,161.5,68.5,26.3,injured,Knee,Knee OA,0.913323629,52.17391304347826,1.0503221731763692,0.78,37.9336964855068,25.101623920730564,16.242275849712435,17.93764061793663,3.677292497630354,2.8290554659938665,2.2812427813611635,13.790696976605703,1.282051282051283,1.81
101281,65.0,Male,170.0,70.5,24.4,healthy,"No injury,No injury",,1.477392003,60.75988309490848,1.458924603176933,0.615,41.58123646220119,25.52938954133076,18.50910759784534,8.237018656778314,4.50613754326162,-2.1028425279847025,7.593575863360737,5.877908761902312,0.0,1.33
101282,47.0,Male,180.0,74.3,22.9,healthy,"No injury,No injury",,1.124193103,50.10460251046025,1.3462212413963095,0.77,31.82155904391493,12.699195167929124,20.7920371015006,11.8519133678079,4.193796659458361,-0.4132934973030036,8.652497733752337,-33.72064459478827,0.0,1.49
101283,52.0,Male,,,,injured,,Knee OA,1.115737954,48.78048780487805,1.3723576832106874,0.8075,43.77633603475107,28.35904749761245,10.505027460228476,15.317543120763766,4.998747251679761,1.012916895339182,5.481821103652393,-6.286592716556109,3.0959752321981315,1.76
101284,56.0,Male,180.0,79.4,24.5,healthy,"No injury,No injury",,0.91518491,44.11764705882353,1.2446514782520377,0.8712500000000001,23.641942452620924,16.817027214889972,12.392842103383082,13.4422578213083,3.86680491863224,-0.7776686454778655,8.029771327878809,24.45809742150038,-2.0086083213773267,2.02
101285,62.0,Male,181.0,70.4,21.5,healthy,"No injury,No injury",,1.112507,54.29864253393665,1.2293202354077684,0.72,31.2925536760668,18.72698258834308,16.1595465608724,13.425130715962885,4.052518672087232,3.2515599541009115,6.784199140386344,-17.621280161750544,1.3888888888888902,1.4
101286,50.0,Male,186.0,86.9,25.1,healthy,"No injury,No injury",,1.116287832,48.68174187814753,1.375824753156975,0.79125,33.676602787319894,19.25068000422953,21.62931195641756,13.1815371272129,6.94787015360457,-1.016067292964344,4.039651653592642,-14.005672809433252,-0.3159557661927263,0.92
101287,40.0,Male,179.0,112.3,35.0,injured,Knee,Knee OA,1.038869998,52.0609824957651,1.1972976723411004,0.7362500000000001,25.576717701394383,13.259118118816057,16.61964543732727,8.822039552431251,6.502432502003225,1.0926244701440275,4.929702461751879,5.435527947396428,-0.3395585738539976,1.83
101288,55.0,Male,174.0,84.0,27.7,healthy,"No injury,No injury",,1.122212936,52.40174672489083,1.2849338118628564,0.745,35.9235694418071,23.03822005264996,15.242312947217824,15.779686298054832,5.272812931115105,-0.3079498827682675,9.42747571939881,-14.914384145673091,-1.342281879194632,1.15
101289,70.0,Male,,,,healthy,"No injury,No injury",,1.119776034,49.48474645444343,1.357728440858473,0.7775000000000001,40.60450546554142,21.715396681594783,15.949440485826802,16.53749007502867,4.244577922475754,1.0144603598107649,7.947378171544287,6.277798075629547,0.6430868167202577,1.76
101292,57.0,Female,161.0,63.2,24.4,injured,Hip/Pelvis,Other,1.189282229,53.33754765808656,1.3379425077891598,0.7174999999999999,37.42205869206566,17.446578036963636,19.03662935104975,6.488848037566399,5.317528645599097,-1.132105126963968,8.9113454220457,12.684803466163686,1.393728222996517,1.33
101293,32.0,Female,179.0,96.6,30.1,injured,Knee,Bursitis,1.41549555,57.27956254272044,1.4827315886698629,0.65,31.87985853406249,9.430307145485925,23.34266741505468,5.553836319378882,8.957650006574621,0.0566841013289685,7.494641507321683,36.61099769827731,3.07692307692308,0.88
101294,68.0,Female,152.1,55.3,23.9,injured,Knee,Knee OA,0.631626554,43.24394520565643,0.8763818440635409,0.955,20.49390211442352,37.1070207490688,-3.0354016353582502,28.697699259025548,-2.0738496709718697,2.554971893162497,3.233206276107412,-16.293683643152985,-2.094240837696337,4.06
101295,58.0,Female,159.0,61.1,24.2,injured,Knee,Knee OA,1.140619125,55.68475452196383,1.2290171068236508,0.685,28.669631398265523,14.6858803742854,16.220284470396894,11.697976828669985,9.830331750702031,1.285308562197124,5.443488738442897,39.477414746303175,4.379562043795608,1.15
101296,66.0,Female,156.0,78.2,32.1,injured,Knee,Knee OA,0.912925345,50.84745762711864,1.077251907302335,0.785,20.092579916105223,18.550152471047166,7.523177987854808,16.763504519873226,7.017717215391639,0.1770884148156897,5.699459159721274,26.84481625832453,0.0,2.33
101297,75.0,Female,156.0,69.1,28.4,injured,Knee,Knee OA,0.856285941,47.85695313982167,1.073568498101087,0.8525,31.34362396854206,22.50152174742813,3.667171744382903,18.54157688043104,8.619910809976709,3.3118368878152125,10.683564378017916,-6.0471899461849645,1.759530791788858,1.26
101298,76.0,Female,156.0,68.5,28.1,injured,Knee,Knee OA,1.360573929,58.89597218197624,1.3860846902640025,0.6625000000000001,42.43189992144423,17.75425564566505,9.246079475886033,8.915439978215813,9.675299727168742,0.5358563805007079,6.281148176421979,-4.073497644251965,-0.7547169811320761,1.23
101299,54.0,Female,161.5,59.5,22.8,injured,Knee,Knee OA,0.871094206,61.224489795918366,0.8536723216650486,0.63,17.30808257261748,11.202792235223551,10.882970497153185,9.51037106950894,8.246753361639549,0.2246352732263115,1.420534887901841,5.447861301679756,-1.5873015873015888,1.9
101300,66.0,Female,169.5,86.7,30.2,injured,Knee,Knee OA,1.033164442,57.69230769230769,1.0744910194378654,0.7,38.79946705260989,35.40386849761618,11.538252887413524,20.997257798365247,3.23854459340471,-1.6301711961009098,3.656370973867314,19.858241148245284,0.0,4.03
101301,77.0,Female,157.5,59.6,24.0,injured,Knee,Knee OA,1.125662709,57.83166109253066,1.167875060957627,0.675,28.20119612875368,18.56716766873505,10.007754284833435,12.70102021556018,5.203006462562192,1.3668736617244943,3.596123274061055,-3.432799223966265,-1.4814814814814827,1.44
101302,20.0,Male,179.0,66.2,20.7,healthy,"No injury,No injury",,1.117907494,53.15634218289085,1.2618380841216938,0.7375,30.962749628109748,14.15589186902473,16.20221537888233,15.186518266661077,3.0184246578737848,-0.3743915847430228,4.555345226325379,-1.1153496167493222,-0.6779661016949158,2.0
101312,50.0,Male,173.0,65.4,21.9,healthy,"No injury,No injury",,1.117903694,54.54545454545455,1.2296940629028046,0.6675,31.55076203582649,27.095879807810874,16.407704748449824,16.62311237656219,4.212927398423918,2.291968066868777,1.1640020331810217,-11.176562423056502,-0.7490636704119857,1.65
101334,40.0,Male,186.5,99.7,28.7,injured,Thigh,ITB syndrome,1.181082602,49.89626556016597,1.4202518292966602,0.7662500000000001,36.85540897647229,24.335322423794267,14.057044917955626,11.21752972370486,5.2574779698669065,0.2960059901806282,5.906618131625271,10.407482686501444,0.3262642740619977,1.0
101335,64.0,Male,176.0,89.1,28.8,injured,Ankle,Achilles tendonitis,1.162545861,52.0609824957651,1.3398341045832325,0.7275,38.35451321106197,19.98202929011989,20.3799858158314,10.552195810806342,6.756474544701658,3.3718636031318026,3.9036706681131,-4.059098134075961,3.436426116838491,1.46
101337,26.0,Male,183.0,73.2,21.9,healthy,,,1.167100948,51.4471222625729,1.361131481023904,0.745,31.80320523199376,22.34362924539208,11.871777372740045,15.239745504931957,2.9958018720299853,0.6053695487368009,6.810636866552697,-9.519350885907144,-1.342281879194632,0.85
101338,63.0,Female,168.0,66.1,23.4,injured,Foot,Pain,1.208107042,61.61776367961935,1.1763942325615833,0.6125,22.94162475891619,12.059992699382196,10.130557479982446,9.18737092436707,8.7710726472497,-0.8903336860028535,5.122719202349369,-7.165643764610581,-0.8163265306122456,1.23
101339,37.0,Female,175.0,60.5,19.8,healthy,,,1.219646518,54.7945205479452,1.3355129374989738,0.7124999999999999,35.95761967981426,9.878914835856069,26.80621432864764,8.007405068416432,8.862578204496456,0.2162082660776683,6.935801077438402,10.316299491139022,-0.701754385964913,0.81
101340,61.0,Male,181.0,88.4,27.0,injured,Knee,Other,1.189665809,51.0097367472052,1.399344407364814,0.7625,29.43253784144204,16.2534825864035,18.12361531804239,7.822749287688353,5.655208147619386,0.2292647841251174,6.659704798244086,-17.37808404487303,1.9672131147541003,1.63
101341,49.0,Male,180.0,85.8,26.5,healthy,,,1.175179186,53.09734513274336,1.327952480446917,0.73,38.8899327097065,16.133219090510327,19.18505818220771,11.409634115194542,6.403581053701116,1.5566098754777156,8.954905541991444,5.709691519057469,0.0,0.87
101342,34.0,Male,189.0,86.0,24.1,healthy,,,1.627715341,59.62760455149993,1.6378885623110735,0.635,47.41387174413194,19.314545085514577,17.1724174063812,10.45969642455097,8.951605396227718,1.2137700022959936,7.449954755273014,-0.8131902435333169,1.5748031496063006,0.79
101343,22.0,Female,168.0,53.6,19.0,healthy,,,1.186207747,52.74750753535822,1.3493113121939075,0.74125,35.62676940820495,21.00063849467128,23.9556981857142,10.03085424606986,6.548874027661158,-0.5702289769172701,5.822518614880277,29.0106155241307,-1.0118043844856597,1.1
101344,56.0,Male,180.0,82.2,25.4,healthy,,,1.171089914,49.74238389985823,1.412627209226212,0.765,31.583456812169004,9.793704677943284,11.440909158966496,10.39626790680703,4.65512535491067,0.6916808531510936,8.160420841892176,-91.7258678362116,-2.6143790849673225,1.78
101345,36.0,Male,190.0,76.7,21.2,healthy,,,1.17350025,50.42105820666278,1.3964652970403688,0.75625,32.166488839124895,18.142814770182422,15.338877050476327,11.378417757859255,1.8596649639258915,-0.029310100363132,6.468898263315635,-6.528234554113958,-3.636363636363647,2.08
101346,60.0,Male,183.0,78.0,23.3,injured,Ankle,Achilles tendonitis,1.495904086,55.17270536506997,1.6267956931611025,0.6825000000000001,48.94708436770748,27.523963161692865,11.400065050909443,11.028242552869242,8.918764004772472,0.6965116106807914,7.737470787393172,0.3105819881889285,0.7326007326007331,1.11
101347,57.0,Female,176.9,82.8,26.5,injured,Knee,Patellar subluxing,1.176965719,48.5837922895358,1.4535526623754365,0.78625,49.61218601273259,27.29501084854773,14.906797306066446,15.393020261633284,11.115769139299209,0.4432174764122683,4.379894900485402,1.7183554513868238,-1.5898251192368782,1.91
101348,28.0,Female,162.0,61.8,23.5,injured,Knee,Patellofemoral pain syndrome,1.156587179,56.7379057497988,1.2230909419157072,0.6675,28.28489846360179,17.408657902243448,16.08960897282905,9.449747698503206,6.1987872356796,1.1833515149405522,8.450068343846002,6.0797455161153735,-0.7490636704119857,1.69
101349,39.0,Female,170.0,89.8,31.1,injured,Knee,Patellar subluxing,1.186085817,54.92019605378911,1.2957987550651255,0.7175,36.669601363412085,15.870708638153689,11.604024430298317,9.416656682591125,11.212315586248046,1.6106311323068094,7.283798468650739,-17.844448281611673,4.878048780487809,0.9
101350,26.0,Female,167.0,77.4,27.8,injured,Knee,Patellar subluxing,1.180202386,54.66998754669987,1.29527211882783,0.695,41.11770396381473,10.839486566543645,19.75575951679886,6.122552839059562,8.401126620385684,-0.3640368126548272,7.520151140166915,69.72924762125518,1.4388489208633106,2.04
101351,29.0,Female,170.0,72.2,25.0,injured,Knee,Patellar subluxing,0.960256767,54.17855686913983,1.063484369041471,0.7324999999999999,23.930025662137894,10.985319129329586,14.76365023686188,12.88333780605633,6.6344541103792505,-0.432205188702629,5.458676681393433,7.390901424630205,2.730375426621164,2.96
101352,40.0,Male,181.5,96.2,29.2,healthy,,,1.194433167,55.685953642393685,1.2870017375570106,0.6975,29.02992797904838,13.030628994808923,16.96012484019812,5.465332566732444,2.8294432840367216,0.3853794316039869,6.934201079604471,30.956535143821142,-0.7168458781362014,1.48
101353,30.0,Male,173.0,87.2,29.1,healthy,,,1.325004172,57.27956254272044,1.3879418706823432,0.6675000000000001,29.216803302812536,17.439320619451735,18.231561623199266,8.100195311254657,6.011716966831347,0.5655980720126457,7.047582661941616,7.218982211822821,1.4981273408239713,1.04
101354,43.0,Male,173.0,54.7,18.3,injured,Hip/Pelvis,Other,1.178416122,59.48129542018242,1.188727263098004,0.635,26.63038872190577,25.949419882728584,13.08481812627383,12.671053009395344,4.608872743542422,0.2110562674077056,8.679987823985794,2.94730297096988,0.0,2.47
101356,57.0,Male,172.5,76.8,25.8,injured,Foot,Other,0.645507163,47.3848828068777,0.8173734451125261,0.855,20.610687654257333,26.896431440943843,-3.208520961443313,15.246675640481731,-0.4224599561337492,0.5478025166084199,5.004177198456725,-2.8210355223253365,0.0,1.61
101357,50.0,Female,152.5,53.2,22.9,injured,Foot,Plantar fasciitis,1.070806111,54.920775203585634,1.1698556764474968,0.735,29.590234800294866,24.581781374577105,14.330267921728112,10.585681092223911,8.884746457365532,0.6457151220649042,6.41681507686107,-13.17162287348757,-4.081632653061228,1.23
101358,48.0,Female,173.0,58.8,19.6,injured,Foot,Plantar fasciitis,1.210479723,60.22613065326634,1.2059404244070309,0.625,26.69930457589669,10.191611503207966,12.855739819189973,10.514585220024887,6.893415065115688,0.2487917090804697,5.454055402831107,4.851009593368571,0.0,1.4
101359,35.0,Male,177.0,83.3,26.6,injured,Knee,Pain,0.818950377,42.82826617741664,1.147554215730068,0.9825,21.157427349473835,23.59684184612681,2.952132062289998,15.025776705667184,6.788402568201864,0.9536065702051926,7.884064419605748,27.193088055258738,-0.5089058524173032,1.91
101360,43.0,Male,183.0,85.0,25.4,healthy,,,1.075294,55.94435992175614,1.1532528149442869,0.6975,24.381993535866457,17.276648980300955,10.539528424419755,10.838252067340544,3.7889503667196216,0.6779796746318326,3.6539917342679007,-2.282016916760832,0.7168458781362014,1.32
101361,32.0,Male,180.0,73.5,22.7,healthy,,,1.214739597,56.939742721733246,1.2800318502334769,0.67,36.52850038536639,20.88369691741437,18.49560094788324,3.7073522820391016,3.5992288687113616,0.2775106331430558,4.043043342970596,-6.0989866622876505,1.492537313432837,1.08
101362,45.0,Male,172.0,61.5,20.8,healthy,,,1.161669401,52.0609824957651,1.3388239842205336,0.72875,33.331914813184824,24.32227547943308,19.94118182595324,6.348690197635497,2.108812497279088,-0.7005486048144561,7.200259117387708,5.3359791523493865,-1.7152658662092717,1.09
101363,35.0,Female,190.0,94.0,26.0,injured,Hip/Pelvis,Bursitis,1.492478254,57.41626794258373,1.5596397755124756,0.64625,41.499336083239086,16.67448753015731,14.650739214663233,10.798687520833171,11.294946046142112,0.8640911843488175,7.358023667107589,-28.41578961457751,1.1605415860734931,0.73
101364,39.0,Male,188.0,88.5,25.0,injured,Knee,Patellofemoral pain syndrome,1.165624589,51.94805194805195,1.3462964006577038,0.7162499999999999,31.787981590412187,20.09123267608853,13.53154419355965,11.68687491941468,5.209552334241365,1.231936905858497,6.392195221021266,11.641531505571228,1.0471204188481762,2.03
101365,34.0,Female,171.5,58.0,19.7,healthy,,,1.226660677,55.23670946133213,1.332460160351406,0.675,30.77463481253926,19.180738303372934,11.118912195160275,12.285555717814644,7.266988250404184,1.923617069534273,6.576734729855413,9.72627932705844,0.0,0.91
101366,46.0,Female,180.5,71.0,21.8,healthy,,,1.615221313,59.55371656568642,1.6273354729756504,0.6174999999999999,53.65410846502732,25.43634290260721,14.743048724341994,12.387416717055022,5.715443172294213,3.028877672292154,5.076381460874472,-12.120803129414712,-2.4291497975708527,0.76
101367,59.0,Male,183.0,82.7,24.7,injured,Foot,Plantar fasciitis,1.383212632,55.17270536506997,1.504243737068017,0.67875,44.028651753161625,27.88998721812517,6.2964533824123805,13.01703830870744,3.5541073092929487,-0.2786071679268621,7.024744314720784,19.407311542302985,-3.3149171270718183,1.55
101368,49.0,Male,173.0,86.3,28.8,injured,Knee,Osteoarthritis,1.381086514,58.11172083860983,1.4259718257304752,0.665,49.56818746115317,25.15178648808797,14.047128853582432,12.85627761864691,7.242266502887905,2.8857883691483748,6.890645264443736,8.021651187471928,0.0,1.0
101369,47.0,Male,179.2,79.5,24.8,injured,Hip/Pelvis,Hip flexor strain,1.477289077,61.77636796193497,1.4348170160555511,0.635,43.31839726931889,26.062138681649387,12.896180710479412,11.79856488737152,6.707294661638663,2.235592833419368,8.833832693608514,-14.351693260225217,1.5748031496063006,0.86
101370,53.0,Female,153.0,66.9,28.6,injured,Foot,Plantar fasciitis,1.196821575,62.17616580310881,1.1549328200970717,0.6275,34.17672974489096,22.34823377111708,8.547747969185123,13.80237114471056,9.161674768616912,1.3991599597113251,4.059774734388849,-31.034301747140848,2.3904382470119545,1.02
101371,51.0,Female,180.0,68.3,21.1,injured,Hip/Pelvis,Pain,1.372110709,54.79509180024449,1.5024612262061172,0.6725000000000001,41.47253672423324,20.974932437479985,11.42728986458366,7.806983105729855,8.529087862909357,0.7082024610630082,9.332057721995549,-0.8004525807913805,2.2304832713754665,0.77
101372,40.0,Female,157.5,54.2,21.8,healthy,,,1.175208623,54.670551044443066,1.289791464212093,0.6975,37.73351649201331,21.919062013556324,15.226326474049522,14.172207701069452,6.826106484597348,1.1194332714524269,4.572925208543492,-16.214629253627578,2.150537634408604,1.2
101373,30.0,Female,173.0,73.4,24.5,injured,Thigh,ITB syndrome,1.255835148,56.470900876959874,1.334324844898224,0.665,29.120163098706712,10.854261894336126,21.844048700844944,6.455217593441583,9.852648333406552,2.896122653654737,7.291877132468967,-58.27500893161121,-3.007518796992484,0.88
101374,29.0,Female,166.5,75.4,27.2,injured,Knee,Patellofemoral pain syndrome,1.121112649,53.03886788039453,1.2682586845045931,0.7324999999999999,28.904715521280707,17.75411614599929,11.475225292661705,10.69525698575554,9.287653098415817,-1.0900840488436154,4.2063987151924245,6.844734926525156,3.4129692832764538,1.49
101375,35.0,Female,179.0,62.1,19.4,injured,Thigh,ITB syndrome,1.636432233,60.07537688442211,1.6343866925364283,0.6174999999999999,49.133704226279406,17.609855173200888,32.77417428350581,7.051378558353559,9.879306978396734,-0.8454759939546825,8.786055519345826,4.297529690781452,0.8097165991902842,0.83
101376,55.0,Female,165.5,60.2,22.0,injured,Hip/Pelvis,Osteoarthritis,1.42122794,66.29834254143647,1.2862112855401295,0.5575000000000001,32.81706341599377,24.780456034334644,11.28937776143809,5.975188130556579,7.790770391626988,0.8083724333021116,3.117759564274428,2.205221388987484,0.8968609865470858,1.39
101377,47.0,Female,172.6,85.8,28.8,injured,Knee,Bursitis,1.30777768,55.364130460312765,1.4173040609988332,0.69,36.64302953328985,16.5998842168039,10.617316061880604,4.870665318474146,10.04436009722208,-0.3335513347533789,11.19071336758109,-6.7819198695074565,0.0,1.38
101378,57.0,Female,157.6,53.2,21.4,injured,Knee,Osteoarthritis,1.144879772,53.69154388212684,1.2794031454937822,0.715,37.08547070282077,30.05324292699741,13.258320287244215,8.499908222904596,10.77125907296218,3.0309273664860283,4.319874585868312,29.2876597532531,1.3986013986014,1.5
101379,64.0,Male,172.3,102.3,34.5,injured,Knee,Osteoarthritis,1.196278834,52.63157894736842,1.3637578712692138,0.7324999999999999,35.22466835392592,18.698256996385084,7.2738830774450065,8.894527919906551,6.925827113972559,2.9481465867333103,13.377886429057687,-60.36712493369211,4.778156996587035,1.24
101380,35.0,Male,187.0,90.0,25.7,injured,Lower Leg,Medial tibial stress syndrome,1.366530734,55.29953917050691,1.4826858461399717,0.6725000000000001,41.5212931546709,22.63990148279717,14.260717541012347,7.714474740093197,6.056133304784448,-2.5897375038371333,6.2974329123757,0.8715488142408453,-0.7434944237918221,1.0
101381,27.0,Male,181.0,76.9,23.5,healthy,,,1.531640337,50.209644527266974,1.8303102022024285,0.7675000000000001,38.91391615428034,21.035500533175583,18.88383046977229,11.416264065635872,3.104070509777926,1.616490221258436,6.5104647039858445,8.232360838797979,-3.257328990228016,1.53
101382,53.0,Male,178.5,82.0,25.7,injured,Ankle,Achilles tendonitis,1.081459114,54.054054054054056,1.2004196166237608,0.71875,33.72979155116161,24.06235910835806,11.512168683195249,12.617735068154303,4.37058843017247,0.1608263651959396,9.754560604585496,7.796586659586564,0.3478260869565143,1.66
101383,25.0,Male,185.0,92.0,26.9,injured,Thigh,Other,1.220884879,53.45238095238095,1.3704432768940908,0.72,30.723315992609287,11.105608528271745,17.218728249234626,9.315136989402053,5.696473143205239,3.9734255466932367,9.278065791568018,-137.84637745848843,-1.3888888888888902,1.27
101384,41.0,Female,160.0,92.4,36.1,injured,Lower Leg,Calf muscle strain,1.066507649,55.81395348837209,1.1464957229292607,0.695,29.881472597223222,17.634552947321666,9.819900576899736,7.091167206504959,12.481605079704174,0.254903516503991,4.787401529151449,-12.22807829427954,0.0,0.98
101385,54.0,Male,168.0,71.3,25.3,injured,Lower Leg,Calf muscle strain,1.374361198,59.40594059405941,1.3881048095790325,0.64,42.59377107950539,30.92447434296264,17.42409042211371,8.034194221572593,6.729809623656764,0.4290396643559659,7.547667340903723,-16.548721328061934,-1.562500000000001,1.14
101386,27.0,Female,165.0,56.0,20.6,healthy,,,1.322609033,61.69706582077716,1.2862372849561532,0.6,32.373147401268284,15.667920721290052,18.844053747382155,11.797616063557657,5.130618617684604,0.6993927327088953,5.064918964053451,-1.825570274756856,0.0,0.98
101387,67.0,Female,163.5,69.1,25.8,injured,Knee,Bursitis,1.378703982,58.53658536585366,1.4131715817311927,0.655,49.54777954774289,28.092577963549857,8.999709070081238,13.222484116925468,7.307646456100766,1.6074408945791414,4.806888129834399,14.086191342372125,0.0,0.71
101388,28.0,Female,164.0,60.6,22.5,injured,Knee,Other,1.169024888,55.04702985922606,1.2742371277185467,0.685,36.99952769472327,22.52185724861438,21.356721059595984,9.242350668486331,6.250871246053437,2.867216155928886,2.586767240383539,-15.127149949573289,2.9197080291970665,1.0
101389,63.0,Female,155.5,55.1,22.8,injured,Ankle,Achilles tendonitis,1.375324825,59.85074626865672,1.3787631373791756,0.62,38.62968114280636,27.38047750541212,3.5768082546495243,8.815288104759006,7.268352260167349,2.177224145313412,9.713981954631484,-18.72431757749997,3.225806451612906,1.15
101390,68.0,Male,180.0,65.0,20.1,injured,Knee,Bursitis,1.772566162,61.61776367961935,1.726036300306108,0.62,67.36736795919765,36.375307305938406,14.775475467970164,10.552141537056327,7.854072704202434,1.468913454284383,8.772940104948024,-2.621906808571356,-3.225806451612906,0.67
101391,41.0,Female,162.0,62.0,23.6,injured,Knee,Other,1.26519117,60.533014484916855,1.2541207468271285,0.6125,32.327399133754,19.016976809301383,9.67473533032858,13.51599129782536,10.185341520771196,-0.4823687719091631,4.121893152126247,5.860928903833542,-0.8163265306122456,1.1
101392,19.0,Male,181.5,73.8,22.4,healthy,"No injury,No injury",,1.116277788,46.242946242946246,1.4483704301326132,0.84,33.92205236435382,19.357114406728115,27.16923707632776,8.4399594422914,4.615850194775094,0.2273919360777523,2.669142866588224,22.4107778760582,-1.1904761904761916,1.5
101393,19.0,Female,163.5,58.1,21.7,healthy,"No injury,No injury",,1.119765964,55.81395348837209,1.2037484112124204,0.6925,29.95840610227475,19.96497386732736,16.66816838480431,14.824957631307417,4.573509779445184,0.3205755218038468,1.1893384056116778,-6.138625637289797,-2.1660649819494444,1.71
101394,25.0,Female,157.0,48.8,19.8,healthy,"No injury,No injury",,1.125224989,55.94435992175614,1.2068038007750022,0.67625,28.88943583005016,15.193116223060024,20.4645336940128,11.9138022684296,5.97637039301472,-0.211333569192395,5.026632870311744,10.221767485753237,-0.3696857670979588,2.88
101395,18.0,Male,172.5,59.9,20.1,healthy,"No injury,No injury",,1.121036943,52.92191337569685,1.2709756338633786,0.73,33.0397936885235,17.555085261475764,18.5735659497854,13.003864205317914,2.473013130483098,0.69293172072657,4.020663011124408,-0.1453622777067289,1.3698630136986314,1.81
101396,51.0,Female,166.0,57.0,20.7,healthy,"No injury,No injury",,1.631199722,62.82722513089005,1.5577957345747322,0.595,45.2284020703911,26.31800933499509,21.636180063270743,11.569652779274286,4.643738009810927,-0.0324275073156887,6.187555014612894,-10.474202168792075,0.0,0.98
101397,24.0,Female,171.0,60.6,20.7,healthy,"No injury,No injury",,1.121097492,49.68965398991804,1.3537252221236242,0.78,28.58314329467265,16.85584471818835,19.086979133076973,14.278014596884988,4.975621285616169,-1.1545511211314683,3.01271956264197,-17.99664716291249,-2.564102564102566,1.19
101398,22.0,Female,170.0,63.9,22.1,healthy,"No injury,No injury",,1.630464213,61.224489795918366,1.597854928739754,0.6125,47.68270292043911,18.877769070268776,25.8570487750789,7.958394727780609,7.52876414440656,-0.6197428016725892,5.606906124148585,11.35444988370716,2.4489795918367365,1.37
101399,35.0,Male,182.0,73.3,22.1,healthy,"No injury,No injury",,1.826757979,58.89597218197624,1.8610096906244609,0.635,72.7670392379105,29.90571161417796,21.510118792520345,10.510419792685283,6.359577483493104,-0.0170705199749061,3.677684132474687,-9.91087730963205,0.0,1.06
101400,26.0,Male,184.5,77.0,22.6,healthy,"No injury,No injury",,1.115761613,50.84745762711864,1.3165987036939903,0.75,29.47062958456638,23.330982032480847,11.231450784815776,14.168199825933192,1.633784941675516,2.261415191330601,4.2631439793565695,-13.834626946025836,1.3333333333333346,1.27
101401,36.0,Male,169.0,64.3,22.5,healthy,"No injury,No injury",,1.620857968,65.93406593406593,1.474980750989136,0.5674999999999999,38.891115248173264,12.870088288230331,25.476582138256585,13.713789287877924,6.950454248991371,1.3349479189014493,5.157333305591585,-35.5788120464184,0.8810572687224679,1.15
101402,25.0,Male,178.0,70.2,22.2,healthy,"No injury,No injury",,1.716219801,60.30150753768845,1.7076387020581625,0.60375,54.342656946303066,27.14583726459273,22.977575787888256,13.497628433842516,4.728543875450558,1.422729821693569,0.9060059683213184,-8.31945185403581,2.070393374741212,1.47
101403,36.0,Male,181.0,75.2,23.0,healthy,"No injury,No injury",,1.724653201,62.17616580310881,1.6642903388516206,0.605,58.48155276327213,25.478972532916384,19.553278700887827,12.108126891026595,4.812720380376739,-0.9873836484569471,3.082797806558381,6.512770635694936,0.0,0.82
101404,21.0,Male,178.0,75.4,23.8,healthy,"No injury,No injury",,1.124566556,54.66998754669987,1.234211795621576,0.695,15.132171923869777,16.889915751581206,22.340741665142936,12.828596086814612,2.629630476279964,-1.442011543961275,6.193346085717822,0.9930086199809608,-1.4388489208633106,1.8
101405,20.0,Female,178.0,62.8,19.8,healthy,"No injury,No injury",,1.827118813,62.5,1.7540340600123363,0.59,53.00933051069143,26.682976334170203,19.018629072835864,8.667039439755328,10.907932190821434,1.2860602420856426,8.116482565171992,17.19623012635261,0.0,1.13
101406,19.0,Female,160.0,48.2,18.8,healthy,"No injury,No injury",,1.628278925,65.7539182129346,1.4858045190696405,0.575,47.67496166117968,26.97071726036781,13.980084362908752,14.697776837784202,4.032708264440748,-2.2153306957412733,2.721738761510584,-10.684271933272417,0.0,1.47
101407,28.0,Female,164.5,60.2,22.2,healthy,"No injury,No injury",,1.130853723,51.836094939543216,1.3089631843834435,0.7424999999999999,30.673802176774217,15.3489906844833,16.241098294260823,14.43444363645747,6.795972558100518,1.3084491245673644,4.79856717406163,-19.498006056446336,0.6734006734006741,1.45
101408,23.0,Female,172.0,70.6,23.9,healthy,"No injury,No injury",,1.118371598,52.28782988418455,1.283331408956491,0.7224999999999999,29.24240169737033,15.092461174792543,20.56765667961654,10.830863397541414,6.744046736085863,0.1537941499900053,5.945145393131542,20.32310575146967,-0.6920415224913502,1.98
101409,55.0,Female,168.0,64.2,22.7,healthy,,,1.177341151,58.96841495218777,1.1979446216154963,0.6525000000000001,29.02791539465221,18.23647412823445,12.885213224065584,11.10487206901376,7.077319686374306,0.8276693666893443,2.4380496129129794,18.028509431404785,0.7662835249042151,0.87
101410,36.0,Male,188.5,83.7,23.6,injured,Knee,Patellofemoral pain syndrome,1.383759052,56.07476635514018,1.4806221857664672,0.68,29.73834959932265,8.289959806418572,15.35903726540706,10.037971514930984,11.141027490091956,0.9238376075618508,6.644431394640973,-47.022490626712425,0.0,0.98
101411,44.0,Female,175.0,77.0,25.1,injured,Lumbar Spine,Low back pain,1.248107348,57.69230769230769,1.298031642243899,0.665,32.28288668011362,17.100582500273134,9.802614398906307,9.10521302828082,8.626060875387417,1.3827984195419871,5.3700029598064045,16.66365091569076,1.503759398496242,1.73
101412,18.0,Female,165.0,59.4,21.8,injured,Lower Leg,Tibia stress fracture,1.181370433,55.55555555555556,1.2758800680253086,0.69,32.808113902615304,16.199724879305236,20.958574926394924,7.79726071223633,5.978790623547713,0.0760248706434671,6.679210237810317,-0.3084602485811172,0.0,1.3
101413,22.0,Female,164.0,59.8,22.2,unclear,Knee,Patellofemoral pain syndrome,1.041072876,48.68174187814753,1.283122319553419,0.79875,28.49629589097293,16.251874395586626,14.444643773535075,7.462348081757814,6.116174458838868,-0.0365160833317771,6.382774213385757,-6.550497646158708,7.198748043818452,2.18
101414,28.0,Female,155.0,63.2,26.3,injured,Foot,Other,1.388732976,62.66361256544502,1.3297118247094135,0.6025,41.033442372977845,27.15006544398598,10.42118869069452,10.278937492695782,7.982811725900536,0.4695987288450078,3.147104628260529,-8.349725222610282,4.149377593360999,1.19
101415,56.0,Male,180.0,69.9,21.6,injured,Knee,Pain,1.293815661,55.04587155963303,1.4102590708624585,0.7,43.35656246475173,25.138187392448483,11.009674541285111,11.116088940019274,2.273573761974492,1.847539631115614,7.785274621046524,-1.2385935334670597,-1.42857142857143,0.84
101416,34.0,Female,155.0,51.1,21.3,injured,Knee,Patellofemoral pain syndrome,1.319005426,62.99255993386608,1.2563526685417497,0.6012500000000001,30.92006821706605,19.35779741562488,15.881056241293273,8.98563528387049,8.175066468334924,0.029550145192486,5.876790146699014,-4.606563483357811,-0.4158004158004253,0.57
101417,25.0,Female,175.0,107.6,35.1,injured,Lower Leg,Medial tibial stress syndrome,1.744791982,63.1578947368421,1.6575523832205874,0.6,54.3645438929974,23.499849815396523,27.196156057686988,7.150498956197705,19.71852162805028,-0.1920296662739948,10.1323165793,-5.295121204382423,0.0,1.42
101418,38.0,Female,165.0,52.8,19.4,healthy,,,1.162287467,50.31557112013812,1.3860278042905732,0.7675000000000001,42.96387674792547,24.52373967033072,20.424866541082046,11.098343624686503,5.475211109493373,0.4788430332594191,4.0739464193587205,1.1190865064539062,1.954397394136809,1.16
101419,30.0,Female,176.0,57.3,18.5,healthy,,,1.121998427,49.948132780082986,1.3478006101820512,0.78,35.57542063797993,10.86169188425754,21.027927683748644,13.523064420256937,6.160108248147983,1.5559680461314058,4.571141312610914,13.280697871776171,2.564102564102566,0.99
101420,31.0,Female,165.0,58.1,21.3,healthy,,,1.360516792,56.40446452298698,1.447249737739244,0.675,42.79340303600063,26.5271773843224,22.187755355339497,11.445390002946654,3.7578464674793466,1.2135288519877334,3.3067484497141875,-7.509563529207456,1.4814814814814827,0.92
101421,23.0,Male,179.0,62.0,19.4,injured,Knee,Patellar subluxing,1.07444457,48.88003982080637,1.3188807093910042,0.7675000000000001,26.78612616567102,16.575988709828145,17.889707597487842,9.54599840087922,4.641876877973283,1.1118045803789451,6.2528088296232855,7.658912708425924,0.0,1.65
101422,18.0,Female,168.0,66.2,23.5,injured,Knee,Patellar subluxing,1.159531203,54.7945205479452,1.2696866670046865,0.67625,29.701016222580392,14.324766009908524,16.444554458451346,9.959036827452575,4.276312359564943,0.8608047050193648,5.740226950001087,10.251413969063837,-1.109057301293893,0.75
101423,32.0,Male,185.0,92.7,27.1,injured,Knee,Bursitis,1.078082685,52.86446204005589,1.2236238476301686,0.73,25.69454673260185,13.884937964160706,17.243690885240014,10.167116780776272,3.874241188289824,0.0691777925638421,8.815283530806381,27.970764840097,-4.109589041095894,1.37
101424,34.0,Female,160.0,45.8,17.9,injured,Knee,Patellar subluxing,0.775672041,55.8187836697605,0.833847444518691,0.71,10.89974810731411,14.321911813460783,6.988153320481839,6.560643488001469,2.537390798274703,0.9069379456854224,5.054422511771262,13.216621548886208,1.4084507042253531,2.44
101425,30.0,Male,167.0,58.6,21.0,injured,Lower Leg,Medial tibial stress syndrome,1.184729459,54.54601804319773,1.303202404611752,0.6825,34.302691577025456,24.0301049741336,22.329567308991013,7.432623755388125,1.806961702576904,3.57119136211211,7.18681228338812,-19.31035349505939,2.197802197802184,0.94
101426,37.0,Female,175.0,64.2,21.0,injured,Hip/Pelvis,Pain,1.186991008,51.836094939543216,1.3739420912077402,0.75,36.95193799359578,18.28031072801087,25.72696764423465,11.406578771791498,12.059576167877818,0.4195672924102052,5.034171543638278,35.378017675877985,-1.3333333333333346,1.12
101427,28.0,Female,170.0,65.9,22.8,injured,Knee,Patellofemoral pain syndrome,1.495050377,60.91370558375635,1.4726246209809772,0.6174999999999999,49.30014783498999,23.49203814974752,24.1878045238563,11.670009853384371,10.016602212025193,2.3575887131076847,6.036488450385467,-15.985796577568134,-0.8097165991902842,0.66
101428,27.0,Female,169.0,62.3,21.8,injured,Thigh,ITB syndrome,1.49104101,59.92537313432836,1.4929048115867252,0.625,53.693099467665405,29.149028137651914,8.512831442433502,14.985445262062411,5.598320730520099,1.4278299581422749,6.659965154488883,-5.002445702959695,1.6000000000000014,0.77
101429,36.0,Female,160.0,51.5,20.1,healthy,,,1.406353198,60.60606060606061,1.392289665988474,0.615,41.29561069435224,11.153015713281489,14.36468085995438,7.651327910582314,8.89358302537476,0.1533376274708706,8.245168752420671,-2.4547284159257896,0.0,0.81
101430,57.0,Female,165.0,53.9,19.8,injured,Ankle,Pain,1.191009246,57.55428781744571,1.2416271385629394,0.68125,24.429257467070045,13.60811391512349,21.348118008293973,7.086355942074285,8.276196915356511,0.5160633388181375,4.891665789301902,5.540543600243305,1.8348623853210944,1.36
101431,39.0,Female,177.5,94.2,29.9,injured,Knee,Pain,1.181467274,48.48504636280528,1.46206575154326,0.8037500000000001,41.1226275602636,22.949919911227155,17.63983078960252,9.291244578599828,6.856855830377008,1.4462710881110454,7.077790906966029,-38.53996924192812,-0.9331259720062284,1.48
101432,42.0,Female,168.0,65.2,23.1,injured,Thigh,ITB syndrome,1.178194048,55.68475452196383,1.2695040864816507,0.6924999999999999,38.09739142160993,24.53267122573744,9.183230042272072,11.73459986177284,4.050661213405792,-0.0120027719534543,4.622057130820702,15.746923355007793,-0.7220216606498202,1.19
101433,40.0,Female,164.0,99.6,37.0,injured,Lower Leg,Shin splints,1.17859944,57.142857142857146,1.237529412448274,0.6737500000000001,32.6485937278336,20.970051743864506,4.771444366780272,12.396565329814512,5.903135096031711,1.7317191662004754,7.047976149427528,-25.4499151757,0.3710575139146488,1.17
101434,33.0,Male,174.0,88.0,29.1,injured,Lower Leg,Medial tibial stress syndrome,1.081082276,47.433794234825406,1.367569078620538,0.8287500000000001,23.8309997486179,8.586110491137585,14.473080421650725,4.363090308139569,7.750054010937888,4.998288486828395,9.49492248035744,-0.5576758962698155,5.128205128205113,1.87
101435,56.0,Female,167.5,67.8,24.2,injured,Foot,Pain,1.190063857,58.25242718446602,1.2257657725034354,0.6625000000000001,29.22844922985655,23.15154781546372,12.24218584837411,11.420563262882045,6.49211324139475,3.680936331697032,6.267524713851914,-18.150707552411667,3.77358490566038,1.68
101436,23.0,Female,164.0,56.2,20.9,healthy,,,1.160350462,54.054054054054056,1.2879890127915523,0.67,30.049696063521225,18.267955734812272,12.41109058744636,14.493055027889412,3.259512451209292,-0.2498152567993871,4.418651037937175,7.578790772967995,-1.492537313432837,0.93
101437,31.0,Female,169.5,67.3,23.4,healthy,,,1.391571284,57.971014492753625,1.4402762784289385,0.6475,42.56800080703033,22.11630584975425,22.42320621505285,9.699714851016644,6.213931360011959,-0.8633441102315018,6.43472442377321,-6.058069437341295,0.7722007722007729,0.98
101438,51.0,Female,165.0,55.4,20.3,injured,Foot,Plantar fasciitis,0.807086483,71.21975282690053,0.6799703621936954,0.5625,15.517803977261964,25.53255303887677,-5.027676871400855,8.278475451738757,3.3786398459754574,0.5897795294423481,0.7808628355077288,-1.564492154160102,-0.88888888888887,4.42
101439,59.0,Female,164.0,55.8,20.7,injured,Lower Leg,Pain,1.584396176,63.82978723404256,1.48933240553143,0.585,45.37197716675547,22.529839691419543,22.129359368849062,8.918328771994192,6.871051767349477,2.2217644688206803,6.281334308743958,-35.74147021710535,0.0,1.1
101440,46.0,Male,177.0,76.1,24.3,healthy,,,1.157601931,47.24409448818898,1.4701544529718276,0.79,37.3596035158792,24.68713112404213,14.589200137132623,8.612878914871843,7.625160475606267,-0.4288976812780241,7.822272630989227,-10.239112939616993,0.0,1.1
101441,49.0,Male,182.0,92.6,28.0,injured,Thigh,Hamstring muscle strain,1.311731135,54.54545454545455,1.4429042482761656,0.71,45.97435505038976,30.764414303033643,14.471180022851971,7.116784891670233,5.593938498686816,0.7198310627973534,8.084961048829399,1.1503695006636854,1.4084507042253531,1.16
101442,57.0,Female,161.0,56.4,21.8,injured,Ankle,Other,1.3073592,55.55555555555556,1.411947935996374,0.665,42.44003048676728,24.18186087153325,16.8282135241511,7.626396403057193,10.84123037033086,1.6236391167339663,7.766918950594077,-24.040296308372568,0.0,0.58
101444,29.0,Male,184.0,101.5,30.0,injured,Ankle,Achilles tendonitis,1.223564003,53.09734513274336,1.3826273229389827,0.7324999999999999,32.37961897385742,19.24246697370593,11.958818551237002,5.843812171520067,5.010475275475055,1.2370261495492143,8.564191019970085,16.861811204052458,0.6825938566552908,0.97
101445,45.0,Female,156.0,60.9,25.0,injured,Lower Leg,Other,1.37374544,64.34362601345524,1.2810176225938834,0.5974999999999999,32.411011740881804,20.62229504967669,13.086729722206067,8.344145654542237,10.755636776052578,0.4445798902771996,6.581998621048179,-18.206785362599568,0.8368200836820092,0.91
101446,36.0,Male,194.0,86.9,23.1,injured,Lower Leg,Medial tibial stress syndrome,1.463105586,53.69154388212684,1.635020491944791,0.7075,45.23782075307099,23.65034596939148,21.08476174177318,6.54200730697465,7.18014464278546,0.2105286824674705,11.360610848919634,-23.66781318171481,0.7067137809187285,0.67
101447,30.0,Female,166.0,62.2,22.6,injured,Knee,Pain,1.418522614,60.45378407187452,1.4078836943546444,0.615,39.06647448815284,23.412015095880992,20.14267488705964,11.679661958505864,6.816548049395496,0.1671200493859379,7.463662524585423,0.7783852473040982,0.0,0.94
101448,45.0,Male,187.5,98.7,28.1,injured,Knee,Pain,1.183926523,51.44853923283857,1.3807543077438191,0.755,38.42005473256671,18.35754760227032,13.591181720659,13.202603985219245,2.8596394921244794,-0.4496198915941727,8.94143441563449,-13.634372456849755,-2.6490066225165587,1.18
101449,37.0,Female,158.0,56.6,22.7,injured,Hip/Pelvis,Pain,1.238980025,60.15075376884423,1.2358825747309492,0.6325000000000001,38.50131683691132,28.347266627415934,9.459495029431515,14.764704429454492,2.0344872584369784,1.7805235877420793,5.6640904477959015,-3.1212393653840427,0.7905138339920955,1.45
101450,41.0,Male,185.0,66.9,19.5,injured,Knee,Pain,1.386945937,53.09734513274336,1.567248908841283,0.73125,53.2555438371088,27.29417890401293,10.955944019996394,9.557022693245017,6.676997247435998,1.81722298554094,6.456807861851456,-6.722368608800619,0.3418803418803346,0.94
101451,43.0,Female,170.0,61.9,21.4,injured,Ankle,Other,1.716139682,62.82722513089005,1.6389133959834126,0.5874999999999999,47.73108746723699,25.9514073340831,14.857505525000468,9.15372124175144,7.919316120062143,0.4380420199000716,5.760233530035807,-14.771505674627877,0.8510638297872349,0.96
101452,54.0,Female,178.0,66.2,20.9,injured,Hip/Pelvis,Other,1.274127246,59.40594059405941,1.2868685184782518,0.6387499999999999,34.21400946560345,27.42081191465769,-2.451057037114908,14.656317113579211,3.0710213763183134,0.9897991544954456,3.3494394198415964,-11.50466473243696,2.7397260273972543,1.43
101453,66.0,Female,161.5,71.0,27.2,injured,Knee,Knee OA,1.170546639,62.17616580310881,1.1295775070347998,0.62,27.4531691378333,17.041046425291153,14.653892744828816,13.28158565755428,8.53287640466583,-1.3773707490635254,-1.6878221741952122,-2.107227590414596,1.612903225806453,1.2
101454,61.0,Male,184.1,91.2,26.9,injured,Knee,Knee OA,1.204963419,53.57142857142857,1.3495590292868511,0.7424999999999999,42.05601169178033,27.48765050505225,15.750892887049869,12.87653450161531,3.139400776471766,1.16780431895417,3.845618319613128,-0.2462557653063572,2.020202020202022,2.12
101455,62.0,Male,168.9,82.3,28.8,injured,Knee,Knee OA,1.115196541,52.863436123348016,1.265748073924779,0.74,30.64658585695713,20.969973842125214,14.651482080924753,14.360652013822726,5.934175064954129,-1.3900989252494056,3.843001075314939,-13.804904399321318,0.0,1.23
101456,59.0,Female,159.4,72.0,28.3,injured,Knee,Knee OA,1.152735965,57.97236743838685,1.1930817234112885,0.66,33.82199109795741,18.30050355942548,13.17584600797603,13.00225050404988,4.072808205463111,0.1881884736892962,4.961497051785288,-17.058153114621213,0.0,1.51
101457,51.0,Male,188.1,101.6,28.7,injured,Knee,Knee OA,1.149990761,51.282051282051285,1.3454891901704542,0.77,43.62277820677457,25.020341543647213,13.840239982178726,16.668140837845925,1.428430622472297,2.772667263220663,3.9328966178070175,-23.55391346430964,2.5974025974026,1.59
101458,60.0,Male,162.0,51.0,19.4,injured,Knee,Knee OA,1.098915862,49.68965398991804,1.3269409039598652,0.7525,35.8652150176834,20.98789711485402,21.9502018677741,15.900059471021525,3.9575919224189553,0.1965621274931694,2.766088715686117,-17.76189644959973,-1.9933554817275767,2.01
101459,64.0,Male,170.0,96.4,33.4,injured,Knee,Knee OA,1.115845476,53.45238095238095,1.2525365464141125,0.735,28.73834692972332,17.707410841100987,10.37119853701982,15.810826888181229,6.212539795328111,-1.012687147945358,4.258831200929933,-24.81383128855205,2.721088435374152,1.42
101460,64.0,Male,179.5,69.4,21.5,injured,Knee,Knee OA,1.19845294,52.98039062804569,1.3572479544358291,0.72,32.42483016740101,21.01140746100916,9.851500959150693,15.558126497706937,2.343348239361638,-2.3710020487666603,6.812104746700603,23.898056494588868,-1.3888888888888902,1.39
101461,66.0,Female,162.8,49.9,18.8,injured,Knee,Knee OA,1.374689025,56.87203791469194,1.4502969216968316,0.6725000000000001,47.434714604301206,20.39305569852418,18.695195283828458,17.125550243416065,6.510479082806677,-0.5397915957912036,6.953958957880724,-27.501998793602457,-0.7434944237918221,1.59
101462,61.0,Male,164.3,85.4,31.6,injured,Knee,Knee OA,1.073665408,49.23092491398502,1.3085297159893234,0.7875000000000001,36.48432307710539,18.463066334101264,14.283617341654711,14.244391219461937,1.836894200134832,-1.4856464775756215,7.932890935243879,-8.426524190281889,-0.6349206349206354,1.6
101463,57.0,Female,154.0,75.5,31.8,injured,Knee,Knee OA,0.812616002,49.58677685950413,0.9832653630168484,0.8175,27.37868825305653,24.4673158149346,6.676746702642193,19.44421382641221,4.202212141237033,1.1027577589424566,-0.2827999187632717,-8.27031659898452,3.058103975535157,2.81
101464,48.0,Male,181.0,89.8,27.4,injured,Knee,Knee OA,1.247869513,54.92019605378911,1.3632974431505978,0.7075,41.27528912057417,21.053464784178743,18.04321601250951,16.205597145572987,2.3943614326820954,0.3775989416794489,3.7126711832817847,-10.427920413860258,-2.120141342756185,1.28
101465,59.0,Female,156.1,50.3,20.6,injured,Knee,Knee OA,0.884908763,56.87203791469194,0.93357874505155,0.69,17.822874956868105,20.714213849096343,12.31719271383941,13.38187568175482,6.808439382310156,-1.1320086883953535,3.5531880101208326,11.05054102543899,1.449275362318826,2.13
101466,53.0,Male,173.9,74.2,24.5,injured,Knee,Knee OA,1.205699565,51.836094939543216,1.3955972464035609,0.7275,29.65619975396976,20.197292566782217,18.21696086740024,12.463838876287218,7.439087258803083,-1.629028208280609,5.610770120281246,14.989493728044234,0.6872852233676982,0.99
101467,52.0,Female,166.0,59.0,21.4,injured,Knee,Knee OA,1.125536814,56.60377358490566,1.1930690229058127,0.6825000000000001,35.175024919365114,20.24250511265318,11.486756181631606,17.280464462450375,5.622858658296787,-1.4244366632619512,2.0113084774530794,-27.28089281433033,-0.7326007326007331,1.95
101468,40.0,Female,157.5,56.6,22.8,injured,Knee,Knee OA,1.180308639,52.40174672489083,1.3514533916945692,0.7324999999999999,38.82651268628106,27.349327359166736,22.2238129249818,15.56832146239324,2.810697673804997,-0.3491787997010982,5.337328668340161,1.5508697586719151,-0.6825938566552908,1.44
101469,50.0,Male,178.5,85.4,26.8,injured,Knee,Knee OA,1.154744249,57.00744752877455,1.21536832225487,0.6775,29.26721829553836,18.32280942967332,14.51073193898614,14.201992694928384,3.993005879353881,1.243505632507662,4.020031053654712,-2.1820104659573083,0.7380073800738014,1.14
101470,51.0,Female,171.5,77.4,26.3,injured,Knee,Knee OA,1.155644286,49.28152195911758,1.4069969178954471,0.795,39.53189594209067,22.278744979797445,20.1080410629524,16.922452539074463,9.89172673899369,0.6079878932040881,4.475060612146649,0.9201445877222304,1.2578616352201268,3.28
101471,59.0,Female,165.6,69.2,25.2,injured,Knee,Knee OA,0.992482412,56.33802816901409,1.0569937691014926,0.6912499999999999,17.679395178660855,15.699819723323287,12.728544931769733,12.597316871515272,4.224721976532537,0.7518544978860451,7.725209272398874,0.9958758326056588,0.3616636528028856,1.78
101472,49.0,Male,192.9,111.2,29.9,injured,Knee,Knee OA,1.246278144,55.68475452196383,1.3428647005307344,0.7,26.586829642691328,17.213427865735348,11.186984531476496,16.960189857355054,5.536684424289974,1.007712775384773,5.026934688106124,-1.2591538357186698,1.42857142857143,1.12
101473,52.0,Male,179.5,97.1,30.1,injured,Knee,Knee OA,1.116615371,55.236122267788446,1.2129234466264545,0.725,34.78298017807728,26.598721511144035,8.176192691441475,14.047949467426076,7.275298322431368,0.4581960862982381,5.760662246730725,-7.908916841520685,-1.3793103448275874,0.95
101474,55.0,Female,171.5,73.0,24.8,injured,Knee,Knee OA,1.151334552,57.6232977548767,1.1988271024564163,0.68,29.45419424507181,22.37118390757708,11.364592912276573,15.135249794055188,8.223038079399824,-1.045415955952989,1.8892826713873951,-28.696887642730367,0.0,1.09
101475,44.0,Male,173.9,90.0,29.8,injured,Knee,Knee OA,1.116531457,50.63291139240506,1.3230897768828165,0.7925,35.52003099726079,16.104367095157546,10.742520955052044,13.616150939277835,2.1085350633598843,-0.9985191415864412,8.263002711795776,14.127482256867646,0.6309148264984233,1.28
101476,74.0,Female,166.9,70.3,25.2,injured,Knee,Knee OA,1.119271445,55.62015503875969,1.2074140713243284,0.69,26.38979565171556,26.199162623618104,1.1434508229057012,18.708771690772465,2.8460551097865863,0.7475010308538437,5.559345245037573,12.490941266260158,1.449275362318826,1.6
101477,58.0,Male,182.8,94.1,28.2,injured,Knee,Knee OA,1.126454402,49.58677685950413,1.3630098260386825,0.7975000000000001,34.047266859152046,24.933464045409536,15.407833266417375,12.898626218368468,11.219669243508108,-1.4120782991119931,1.4124771208839262,10.109869787700417,0.0,1.21
101478,49.0,Female,173.5,81.0,26.9,injured,Knee,Knee OA,1.106185274,54.17634829399535,1.225100191383978,0.74,28.30496221593313,16.620204599199614,15.005045797027272,16.98280560770756,5.913229671966777,-0.3568787274765985,7.283814420344707,-46.745401054596016,4.054054054054058,2.15
101479,70.0,Female,154.9,61.0,25.4,injured,Knee,Knee OA,1.012166829,53.99345533874682,1.1247703887419285,0.7224999999999999,26.395782290037744,18.10882445435761,13.657929839452429,7.571949843135709,5.815283155585481,0.2008787508489981,3.592403142300479,21.665673654353537,0.6920415224913502,1.49
101480,39.0,Female,159.8,51.4,20.1,injured,Hip/Pelvis,Pain,1.191196165,53.57249626307922,1.3341397044660244,0.75125,32.56044475388194,27.463863213882025,16.991717716724196,13.01192094585472,7.185423448463919,1.2332884066771557,6.224679699951482,8.996829896441984,-2.3294509151414404,1.59
101481,32.0,Female,176.3,58.6,18.9,healthy,"No injury,No injury",,1.120394454,51.836094939543216,1.2968565800110752,0.755,30.473228346238898,22.45977469402693,4.585650791949941,17.59617636523529,6.111138026929028,-3.317660220104975,3.9034454259156623,22.360826894122063,0.0,0.86
101495,39.0,Male,185.0,93.0,27.2,injured,Knee,Pain,1.414015769,56.20639726207713,1.5094618337560746,0.6825000000000001,43.17178416987076,23.97377011064225,12.24132072570597,12.076018125478951,6.550698298352763,1.8305032130844967,10.220602485130318,4.863746576643546,0.7326007326007331,1.2
101497,21.0,Male,176.0,74.0,23.9,healthy,"No injury,No injury",,1.315014146,54.4220485396956,1.4498030965021278,0.7124999999999999,38.19230918316981,21.31100682405947,16.39203041088154,11.942357017798148,4.148635632522245,0.2827854604765913,6.242809950642428,-1.6075175722588209,-0.701754385964913,1.44
101498,26.0,Female,163.0,59.0,22.2,healthy,"No injury,No injury",,1.316832643,55.55555555555556,1.4221792541794134,0.6875,35.333166922467285,14.716049385274848,21.15207536912767,9.969845036620796,3.823095876128987,0.0287227100703362,5.126384064259582,14.021045028403028,0.7272727272727117,1.18
101499,25.0,Female,165.0,70.0,25.7,healthy,"No injury,No injury",,1.316400641,55.42754736303124,1.4250036935195354,0.6875,37.71188825421308,17.41679100584947,17.21364179401809,12.462286900396595,3.476990265281464,0.4660421708061741,3.741885983791221,-19.79921931390421,0.7272727272727117,1.53
101500,21.0,Male,190.0,77.0,21.3,healthy,"No injury,No injury",,1.31769993,55.55555555555556,1.4231159243489957,0.6924999999999999,38.527521516957336,20.013925687473023,13.925184723381,14.558124239291384,3.435429885967072,0.1822862595594685,3.063661705511778,-4.11838027354631,0.7220216606498202,1.21
101501,22.0,Female,164.0,57.0,21.2,healthy,"No injury,No injury",,1.317135344,55.17270536506997,1.4323846867915708,0.6975,37.71493961351001,18.345534425773607,19.087966373249017,14.010560489033969,1.9363811849167687,0.2736211404948365,3.1336985382923204,-2.412358555573758,0.7168458781362014,1.38
101502,20.0,Female,163.0,67.0,25.2,healthy,"No injury,No injury",,1.317129569,55.42754736303124,1.4257927587797417,0.69,38.50205634745413,24.591564724270427,16.661110168492847,16.963700574251007,4.900893535244936,-0.2122850764380219,2.4572194277404176,-2.787100079962617,0.0,1.41
101503,26.0,Male,173.0,77.0,25.7,healthy,"No injury,No injury",,1.319121723,55.81395348837209,1.418055852215142,0.685,38.41188083913392,17.80558389765419,14.113577435716412,15.3613683302917,4.112056455871702,0.3130443678013068,2.5140411904978777,-6.0123549482816685,1.459854014598525,1.14
101504,23.0,Male,192.0,75.0,20.3,healthy,"No injury,No injury",,1.316900842,55.55555555555556,1.4222529092407452,0.685,38.10287108253499,27.188898930013988,12.794378408422387,13.722027181966151,2.9552002104585084,-0.1380262637446072,2.733524263272514,-4.863025323395568,1.459854014598525,1.63
101505,23.0,Male,190.0,75.0,20.8,healthy,"No injury,No injury",,1.318389659,56.470900876959874,1.4007890122198765,0.68,39.36467085541801,22.07190751328804,14.02236633757122,14.9033046721516,2.3552162609508622,-0.1026992707763581,4.04837991589476,1.3508682055641854,0.0,1.37
101506,21.0,Female,166.0,64.0,23.2,healthy,"No injury,No injury",,1.316003025,55.81395348837209,1.4147032513405122,0.69,39.52280250756564,19.693294353260992,15.810579288078234,13.3146724002643,4.617232741659324,0.3580759978026555,4.225678836518415,-9.196325462770142,0.0,1.32
101507,19.0,Male,178.0,68.5,21.6,healthy,"No injury,No injury",,1.318782718,55.29953917050691,1.4308792486623838,0.6875,39.12848469807358,27.71230638852772,9.586019489567851,16.70072217759143,2.497476896467364,1.0566627327553255,3.1415803062340912,14.1125971806077,-0.7272727272727117,1.27
101508,23.0,Female,165.0,64.4,23.7,healthy,"No injury,No injury",,1.318161113,56.07476635514018,1.4104323912764698,0.68625,37.93434117237416,20.89172952560486,15.186993443143828,14.796595941967729,4.561727687736488,0.0872856367877399,4.84005042895018,4.1659099619605175,-1.8214936247722904,1.18
101509,33.0,Male,176.0,64.0,20.7,healthy,,,1.167696289,53.21533923303835,1.3165775654831586,0.73875,31.52721926050793,18.87758131021974,17.161073789420485,12.927087383184746,4.193197527384057,0.826109323754816,3.489465928952395,9.354820737754917,-1.0152284263959324,1.91
101510,45.0,Male,184.0,98.5,29.1,injured,Lower Leg,Shin splints,1.151372405,53.333860092709656,1.2952939560097616,0.7525,34.168144689338135,18.71833648290557,7.736652173684947,10.824525795418475,5.6276369550801,1.33129040487081,9.213994043897085,-24.897559082392675,0.6644518272425256,1.4
101511,28.0,Male,182.5,102.3,30.7,healthy,,,1.18378732,47.905909351692486,1.4826936177229664,0.7975000000000001,41.12848538603123,12.91543122725586,23.288781319840773,10.419655363395998,2.6946989632565046,1.902439516543196,1.7325914957110684,10.788287169631978,0.0,1.44
101512,37.0,Male,185.0,98.0,28.6,injured,Lumbar Spine,Disc degeneration,1.164691573,52.28782988418455,1.3364835797838852,0.72,23.48901652174547,12.883779613910647,15.037207145379432,9.19685783762692,4.4867777296392415,1.0284139363097031,6.067402164767126,-6.515427355433155,1.3888888888888902,1.82
101513,29.0,Male,177.5,69.0,21.9,injured,Knee,Pain,1.151453953,51.227495908346974,1.3486404422664673,0.7224999999999999,28.7501893151655,16.982590161210254,16.996258554382052,8.805998987847701,3.118728964006007,-0.3046490588680035,3.8726199922366167,13.866791916983976,-4.844290657439451,1.52
101514,48.0,Female,170.0,66.0,22.8,healthy,,,1.455144112,55.29953917050691,1.5788313614983636,0.69375,55.37515665902544,29.54744535635576,20.12461979871918,10.855948004223643,9.29729965381529,2.822587439997709,8.748416488803766,3.1466461961975867,1.08108108108109,0.91
101517,31.0,Female,184.0,75.3,22.2,injured,Knee,Patellofemoral pain syndrome,1.488960165,59.11330049261084,1.5112945679027965,0.6475,46.57677884504676,21.31563182168505,16.707917308038738,6.937099599649335,6.054363271724863,2.3616020846583767,4.632122515925873,-14.28149621754295,-2.316602316602318,1.02
101518,39.0,Female,175.0,71.8,23.4,injured,Other,,1.360428854,59.11330049261084,1.3808352870167104,0.62875,35.641517520510064,23.43855844831084,22.099177654791987,10.21738942856765,13.191822181286234,2.7353775890133654,7.0582377838094486,-11.861178392466307,1.1928429423459344,0.48
101519,51.0,Female,160.0,58.6,22.9,injured,Foot,Plantar fasciitis,1.1669819,56.87203791469194,1.231165904734646,0.66,33.72855036067759,26.32382613724541,3.6699985273255886,8.182399523287263,11.11343250437638,0.1353797855521279,5.810885172992662,-21.828215795711955,0.0,0.94
101520,28.0,Female,169.0,64.0,22.4,injured,Knee,Pain,1.211412935,57.28021978021978,1.2689550492555182,0.6725000000000001,37.87134746149616,20.49937130655556,10.790157722913762,11.969447074677689,8.364874741079177,0.0709997950204504,4.4564947144867455,-23.64208225148684,-0.7434944237918221,1.22
101522,57.0,Male,170.0,74.2,25.7,injured,Lower Leg,Medial tibial stress syndrome,1.066000237,55.68475452196383,1.1486152557606286,0.6924999999999999,29.920770732160264,21.71134079950213,13.230358683421612,8.552698019987568,-0.4251099583213416,-0.3654789067990087,9.329987073118328,5.900878745035143,-0.7220216606498202,1.48
101523,23.0,Female,172.0,72.8,24.6,injured,Foot,Plantar fasciitis,1.171421709,54.54658154094093,1.2885638800898005,0.7124999999999999,28.5988066234782,12.347346534394418,14.64004661833386,8.730844267790745,7.35059179143435,-0.5150279526548749,8.32472727649595,7.044677688734517,-0.701754385964913,1.08
101524,31.0,Female,169.0,56.7,19.9,injured,Knee,Pain,1.359513432,57.69230769230769,1.4138939690126662,0.6525000000000001,41.33570307282622,20.00925238936961,20.37099140998447,5.330884150856184,8.96408617837,1.9254040547601363,6.526033866314306,-16.56407181741355,2.2988505747126453,0.67
101525,39.0,Female,158.0,55.5,22.2,injured,Hip/Pelvis,Pain,1.459627103,66.57458563535911,1.3154889269703145,0.5475000000000001,36.72488633190184,19.95260686726548,16.49646467268431,9.152507619126832,9.660690730294618,0.8115257209827251,5.104329370578748,20.70554620533831,-0.9132420091324208,0.66
101526,43.0,Male,183.0,71.4,21.3,injured,Lumbar Spine,Pain,1.462021027,53.932856623439584,1.6264983920888274,0.685,51.18055298995819,25.067151670416983,22.65722675064168,10.052873874241952,3.904365405131742,0.4806995094645888,9.109401842773272,-1.4592337092883545,0.0,0.99
101527,40.0,Male,173.0,67.1,22.4,healthy,,,1.357454221,56.00956313844816,1.454172833782942,0.7024999999999999,48.065569532090535,30.600541844345408,12.00829748664944,12.77335480260177,9.071252844677211,0.0665111328350955,6.045427534241975,15.903973966605768,-0.7117437722419936,1.01
101528,41.0,Male,170.0,69.2,23.9,injured,Lower Leg,Other,1.161331377,48.5833941204764,1.4342442511685465,0.78,36.93166663281224,19.52175739266265,24.454791843734743,7.196402177492448,5.843844881741659,1.0796820516720258,8.529660430954692,14.022120926695578,2.564102564102566,1.19
101529,31.0,Female,163.0,70.5,26.5,injured,Knee,Pain,1.154675493,56.01017537522461,1.236946122199694,0.67,35.8667240860097,22.011378900255984,15.635550894458518,9.7227956798407,10.98379971511324,3.9917194841590695,5.426675147602337,3.80535909927493,-1.492537313432837,1.63
101531,46.0,Female,157.0,60.0,24.3,injured,Lower Leg,Calf muscle strain,1.246479915,59.33278056869727,1.2605028144979429,0.63,38.01780201455759,30.994455671479443,13.574583405982834,11.822693517589226,9.89468579567043,0.2905257695253488,4.203157986841001,-23.80120727169881,1.5873015873015888,0.77
101532,44.0,Male,179.0,67.8,21.2,injured,Hip/Pelvis,Pain,1.3883993,59.70149253731344,1.395341296557108,0.6387499999999999,43.492075490421485,23.40053510147085,15.78909315940778,8.98306912749213,5.9531237112793205,3.3800819983272143,6.143240329145802,-5.607984176610897,-0.391389432485332,1.18
101533,30.0,Male,175.0,84.5,27.6,injured,Knee,Ligament tear/rupture ACL,1.438348275,57.971014492753625,1.4886904645909227,0.65625,43.37739735612843,23.57126139320315,13.950484643140436,9.075615282903382,5.801275355383009,2.387704300872611,7.35919178117076,8.493876813201553,1.1428571428571357,1.67
101534,59.0,Male,185.0,95.0,27.8,healthy,,,1.409820441,55.04587155963303,1.5367042807753792,0.7,52.21699414309387,26.10363743519173,14.130277852692668,12.366011113169476,8.24910908688014,2.2858846154246995,7.824437955301319,-13.984119040355376,0.0,1.37
101535,50.0,Male,175.0,88.6,28.9,injured,Hip/Pelvis,Pain,1.378311923,58.96841495218777,1.4024323815461943,0.645,51.26737372591856,25.197893016714914,12.174418743123033,11.074325560661949,10.705351437415256,1.4630529362387157,7.837231028087164,-36.38043971065455,0.0,0.73
101536,28.0,Female,173.0,57.0,19.0,injured,Knee,Other,1.362474722,60.45378407187452,1.3522561612941375,0.62,37.26017727863993,21.176445600128307,8.07285030949485,2.610279149079017,6.352952420368377,0.5078363152395831,4.720729293758263,-31.296727181852223,1.612903225806453,0.82
101537,33.0,Female,170.0,79.7,27.6,injured,Lower Leg,Pain,1.147533009,53.69154388212684,1.28236813757467,0.72,26.397373413458865,9.67647461398977,14.170088605232138,9.812027224100476,8.848751604905193,0.5492732868801675,4.471043863357624,25.82459002885547,-1.3888888888888902,1.02
101538,29.0,Male,184.0,83.4,24.6,injured,Thigh,ITB syndrome,1.361743441,53.57142857142857,1.5251526534255029,0.6825000000000001,43.30479438093335,19.35663479908564,11.34590155120316,7.0555753782642245,6.682006316366788,0.095478296454516,3.988344201192649,-6.9131314939407655,0.0,1.02
101539,37.0,Male,179.0,81.4,25.4,injured,Knee,Pain,1.014185443,54.36090141972495,1.1194071828104444,0.715,29.16195182211652,20.43131042635015,5.370727327956559,12.30720506608294,6.119994291671535,-0.0288442650018778,3.773240295137093,-5.567636164704911,2.7972027972028,1.31
101540,52.0,Female,162.5,72.0,27.3,injured,Lower Leg,Pain,1.161160343,53.21533923303835,1.309208287079726,0.72,31.592354329815805,21.05281495521592,19.551108495462973,12.478043591379183,8.951829935346895,-1.3923939448061315,8.623092479963471,-5.054642106075152,-0.6944444444444297,0.99
101541,53.0,Female,178.0,67.5,21.3,injured,Knee,Other,0.812578156,47.90476647626362,1.0177541409312,0.8425,17.231753025893227,19.68621900413056,3.413549161648622,10.170594430442438,8.118402043462714,-0.4761700801103876,2.697145749800755,-0.8915476665082317,-1.7804154302670638,2.59
101543,38.0,Female,169.0,73.5,25.7,injured,Thigh,ITB syndrome,1.376698173,60.0,1.3766981725211962,0.635,44.70618382453742,26.646818511202984,12.09870792548582,13.1507997672547,7.419239356499163,2.134395826550432,7.181602143544579,-1.7701809126951948,0.0,0.72
101544,33.0,Male,173.0,65.1,21.8,injured,Knee,Other,1.360918763,57.00744752877455,1.4323669977984768,0.6725000000000001,56.23251281281188,32.9762165328755,16.865271336950638,11.16416693093495,4.86631083776324,-0.0757660058919899,4.405810856405105,-7.314590048246186,0.0,0.81
101545,41.0,Female,172.5,65.8,22.1,injured,Lower Leg,Shin splints,1.152479006,57.55428781744571,1.2014593638727349,0.665,23.21212306358734,9.403905440309249,22.09338174061748,5.9144073688935865,7.738573229915856,0.5210025093011279,5.593829783534346,35.2464257051559,0.0,0.94
101546,53.0,Female,160.0,66.0,25.8,injured,Knee,Pain,1.156534355,56.60377358490566,1.225926416366288,0.6825,32.23085591974319,16.054849469032412,18.867776881311745,10.297814522740325,7.456481100508428,-0.391104893622344,6.0079530913678,26.834900147780576,-2.197802197802184,1.22
101547,23.0,Female,175.0,77.1,25.2,injured,Lower Leg,Compartment syndrome,1.402005802,56.7379057497988,1.482621135695564,0.6725000000000001,43.5106524862814,24.903737732910947,10.288746993844514,8.483720246948385,11.236360420373376,0.7165500047217389,7.05855513000067,6.476776696119165,-0.7434944237918221,0.98
101548,52.0,Male,182.0,85.2,25.7,injured,Foot,Pain,1.357317172,56.33802816901409,1.4455427879200615,0.685,40.67026164840911,31.08076781863302,16.225289223437457,7.90192603805297,6.048673281913633,2.371587289962418,11.098124899259847,1.976913545515668,0.0,2.29
101549,51.0,Female,166.0,77.3,28.1,injured,Knee,Pain,1.108082873,53.45238095238095,1.2438230251994251,0.69375,24.75728863781808,15.546580717812304,15.831822608792791,6.4346701907078,8.657740997915656,-1.0809750769844109,5.373124988858068,-8.016815554932583,-1.08108108108109,1.2
101550,33.0,Male,178.5,67.9,21.3,injured,Ankle,Peroneal tendonitis,1.377121743,55.55615094249753,1.4872914827126835,0.6725000000000001,43.57091377924104,20.44780729510618,15.614673880642552,14.973056438934568,7.703395431202486,-0.2806077543438898,3.645393393182329,-8.436860694585492,0.7434944237918221,0.83
101551,32.0,Female,163.0,53.3,20.1,injured,Knee,Pain,1.366250883,59.47982857987292,1.3782055780866345,0.64,40.407405795578285,18.038108687170546,11.374770835519367,10.843806911210264,6.445105987935526,1.836460678498612,7.457454561549699,-21.076393174677744,1.562500000000001,0.86
101552,39.0,Female,174.0,71.9,23.7,injured,Knee,Pain,1.332964381,55.55555555555556,1.4396015319769586,0.685,41.5578478458923,22.70438388383945,21.78700444782996,9.28246202283042,10.148839965940184,2.0073901402367644,4.525465724722451,0.1768093085162531,0.0,0.83
101553,43.0,Female,163.0,64.0,24.1,injured,Knee,Pain,1.254480087,69.36416184971098,1.0851252751401317,0.55,24.272940030675898,16.707829591001953,14.823400902884082,8.160983677824449,7.006111974211478,0.2978170951315538,6.280559350191121,-5.984294212377293,0.0,1.28
101554,22.0,Male,175.0,59.6,19.5,injured,Ankle,Achilles tendonitis,1.207751307,51.28251956852085,1.4130690296050732,0.76,42.67088813760512,21.90092962170026,33.692331230126065,6.062342554791584,2.51271572770473,1.540939939846726,8.977734019852528,-7.052591427323689,-1.3157894736842115,1.26
101555,22.0,Female,175.0,71.8,23.4,injured,Knee,Dislocated Patella,0.965376505,48.78048780487805,1.187413101610917,0.77,30.20046967859332,17.3426772421499,3.892037475020993,13.810095167092836,6.49837016743152,1.1265296687986357,1.5248337830492869,-2.447556340973758,1.948051948051964,1.71
101556,28.0,Male,191.0,115.1,31.6,injured,Knee,Dislocated Patella,1.320753049,55.4915514592934,1.4280642342526892,0.6775,32.3147618360926,21.023084192663724,10.595116257502788,10.841346288063978,11.652854520644656,-0.0461910829556742,8.110316690663982,-3.8327229097295374,0.7380073800738014,1.01
101557,26.0,Male,200.0,124.3,31.1,injured,Knee,Dislocated Patella,1.43104424,50.00043403531311,1.7172530878982888,0.77,41.21413080416278,22.554934158080883,21.52638694260316,7.595071225045473,11.62697140083444,-0.741090199887142,3.422447916989509,30.224610686285125,-2.5974025974026,1.57
101558,18.0,Female,169.0,61.0,21.4,injured,Knee,Dislocated Patella,1.155271873,55.29953917050691,1.2534699826708608,0.685,24.48128843427793,18.595822061672493,7.532991715745018,9.3141827060827,5.950282058229812,2.1056089233310216,7.374322390207831,-12.953860267895497,2.9197080291970665,1.34
101559,29.0,Male,173.0,89.7,30.0,injured,Knee,Dislocated Patella,1.256678108,52.40174672489083,1.4388964339078008,0.735,45.85937813831896,23.82566483539543,20.718607669234,8.840698034999242,3.0765814705030654,2.7829267888067464,6.316136883011091,-20.502665380520707,0.0,0.96
101560,55.0,Female,169.0,68.0,23.8,injured,Lower Leg,Other,1.475233913,55.4915514592934,1.5950966679694614,0.695,58.99208641909141,25.96079437240676,23.23952010638378,9.219730239761024,10.746938021801116,0.1514100778647134,9.15335781863824,-10.34151785516062,-1.4388489208633106,1.36
101562,20.0,Female,166.0,69.4,25.2,injured,Thigh,ITB syndrome,1.277099007,57.142857142857146,1.3409539569752622,0.6475,37.21018260179602,6.596605722558413,21.97951781041595,7.772837074583768,12.034850699494443,1.6766151803604885,5.401932639442771,-200.0,2.316602316602318,1.02
101563,47.0,Female,174.0,104.2,34.4,injured,Ankle,Other,0.718516952,47.6728430520501,0.9044332127495642,0.88,25.379872436123943,23.21646993560724,5.558278643971235,13.594201396688952,8.595269846762093,3.4662231790464686,8.68277747427713,-17.299506910244684,-5.681818181818187,5.35
101564,44.0,Male,174.0,72.3,23.9,injured,Knee,Patellofemoral pain syndrome,1.389654021,54.4220485396956,1.5320935584130044,0.7024999999999999,51.28995026564331,22.62403832782272,19.838671982955617,14.007737418494552,5.847218839416602,1.2108515810255764,8.61786754124536,-37.298741402799365,0.7117437722419936,0.81
101565,29.0,Female,166.0,54.1,19.6,injured,Sacroiliac Joint,SI joint pain,1.796859403,64.86581251658392,1.662094947431322,0.595,56.61762849282101,30.51760165473187,15.40386172593588,6.25420019152246,7.745206435121459,0.4687468923469169,6.416469636446664,-14.662291601386638,1.6806722689075646,0.86
101566,28.0,Male,184.0,77.6,22.9,injured,Knee,Pain,1.376893174,52.63259142411943,1.569658218835821,0.7424999999999999,49.59153887329069,22.74232258606235,23.95168295091316,6.460410965514239,6.233373019057408,2.573956986440176,9.30503088885338,6.277000889540684,-0.6734006734006741,1.29
101567,19.0,Female,168.0,54.4,19.3,injured,Lower Leg,Medial tibial stress syndrome,1.602442868,65.57377049180327,1.466235224432486,0.565,37.64829372231407,20.20493616765828,18.274413232565983,7.936602460382501,7.765434803904185,-0.0502279478807001,9.457443135582238,-13.472714816171752,0.0,0.98
101568,49.0,Female,163.0,62.7,23.6,injured,Thigh,Hamstring muscle strain,1.635830563,63.91512117419502,1.5356359407778206,0.585,58.57338730116561,26.88249185993626,14.081676801300976,11.620384743720438,6.448384429116029,1.5714461329058629,8.14485997366571,26.368038073410386,-1.709401709401711,0.93
101569,39.0,Female,166.0,70.7,25.7,injured,Knee,Chondromalacia,1.386462062,56.20639726207713,1.4800482513005035,0.695,62.88186381487577,29.20506804644516,19.237272228740387,12.631123157878472,10.043951428760169,2.9334693195334585,7.234357578283339,-7.774347492684148,-1.4388489208633106,0.66
101570,48.0,Female,161.0,53.5,20.6,injured,Ankle,Pain,1.602057234,67.41573033707866,1.4258309380750964,0.5525,47.80594143314653,21.351043289000835,16.036542533250095,5.504980047087956,10.897328676937212,0.696047098783684,5.2819065462204415,-0.3720308579757002,-0.9049773755656116,0.74
101571,64.0,Male,178.0,90.0,28.4,injured,Knee,Pain,1.415360431,56.87203791469194,1.4932052547503003,0.6675,41.80450281663934,29.81605342288471,17.25367274750633,11.42554248767439,7.664559028879097,0.1477247474217349,9.722028588216505,11.57057166794601,2.247191011235957,0.92
101572,45.0,Male,179.0,72.9,22.8,injured,Lower Leg,Medial tibial stress syndrome,1.556557477,57.55428781744571,1.6227111699813783,0.645,58.32709589263786,32.90886619276641,12.457114789461194,5.680526269411729,8.763185446989203,-0.7537556349814883,8.153659142814213,-15.981056494454224,0.0,1.19
101573,26.0,Female,163.0,49.4,18.6,injured,Knee,Pain,1.508199558,59.25962054333512,1.5270520526972975,0.615,51.62641031828662,29.55411292469952,24.837532178139583,6.272485377982444,9.540622946644644,0.8481050404060966,10.208662095311151,-7.7814975834463,0.0,0.84
101574,46.0,Female,150.0,63.8,28.4,injured,Foot,Plantar fasciitis,1.427892289,60.60606060606061,1.4136133662333312,0.64,48.898838385687526,30.06336524414304,18.226583112710127,9.170588482387467,11.970565447605214,0.3558243224019484,8.719466559703692,5.546918015264748,0.0,1.0
101575,45.0,Male,180.0,93.5,28.9,injured,Lower Leg,Pain,1.539411027,62.0960418781048,1.4874559049516098,0.6074999999999999,42.68087220366687,22.291219579588933,20.01437467882799,7.532450391071584,7.985542007795834,-0.5802815727151596,13.225376005153253,-7.673346033693528,-0.8230452674897127,0.94
101576,50.0,Female,164.0,56.1,20.9,healthy,,,1.449944039,58.8235294117647,1.4789429194135202,0.63,43.33834532849653,23.92450788154476,17.365758555082603,5.306862544024424,5.650507713282572,0.5578965606843913,9.41812447331652,-9.108590881315914,0.0,1.11
101577,39.0,Female,158.0,54.6,21.9,healthy,,,1.38191265,64.34362601345524,1.288633546477449,0.59625,44.90723458387538,24.890476982745973,16.163100602004754,11.806026177472932,8.151316428110217,0.7537582855444602,5.607517581822194,-18.830232684727907,-1.2578616352201175,1.27
101578,42.0,Male,195.0,88.5,23.3,injured,Hip/Pelvis,Other,1.609548366,60.60606060606061,1.5934528818860083,0.615,45.83708084021066,26.159440855619387,12.873752159361729,7.211260471568471,7.942186996180945,0.5308211029887544,10.661135285388015,18.90775325067548,-1.6260162601626031,1.1
101579,62.0,Female,163.0,65.4,24.6,injured,Knee,Osteoarthritis,1.176413065,63.82978723404256,1.1058282814242488,0.585,23.33643973960926,21.48577391197549,2.8733157626361363,7.006621354455726,6.15713998548574,1.9299349873725296,9.693292999168456,9.596322662297966,0.0,1.15
101580,51.0,Female,166.0,75.4,27.4,injured,Knee,Pain,1.489434931,62.0960418781048,1.43916650221855,0.61,45.728399384479786,29.673104859742203,12.429870405959246,9.113518821848668,10.10685633376804,-0.0276335375572163,6.814097182106862,-17.241645505801227,0.0,0.86
101583,66.0,Female,156.0,66.8,27.4,injured,Knee,Osteoarthritis,1.068955452,63.1578947368421,1.0155076797176787,0.6312500000000001,17.5987429528289,20.2789906484974,4.460552910912727,9.53491201736579,12.00255749547443,2.275977173071242,9.829190806326489,-23.90391569760574,0.3960396039604051,0.74
101584,49.0,Female,175.0,75.5,24.7,injured,Lower Leg,Other,1.070259681,51.836094939543216,1.2388255812941005,0.7375,27.06278778292296,27.62038907827911,1.2378492921550903,8.930701536577155,6.421225135343214,-1.5286591184251497,8.50182491021468,-2.985319490966546,2.0338983050847474,1.43
101585,37.0,Male,180.0,94.4,29.1,injured,Lumbar Spine,Pain,1.557319763,58.11172083860983,1.6079326556052025,0.63875,50.729630590698775,26.41360817479074,14.232365812270288,5.764113882632769,8.344072460706311,0.5623624172831581,12.324392456596064,-12.311894163878158,1.9569471624266075,1.48
101586,48.0,Female,168.0,66.1,23.4,injured,Knee,Pain,1.663759214,63.82978723404256,1.5639336615995418,0.5874999999999999,51.26219723438254,29.093649633352584,17.469820602588733,6.706138693134986,12.354262317264087,2.1206246201631327,5.597712467566496,-15.903752293695812,0.8510638297872349,0.57
101587,38.0,Female,173.0,58.1,19.4,injured,Thigh,Other,1.350313049,56.07476635514018,1.44483496295469,0.6575,41.87445690782676,18.107515225774183,28.454531896352705,6.751179597257403,7.678612859144966,2.627329298994216,7.237015957039596,-13.39032940814462,2.281368821292778,0.87
101588,31.0,Female,169.0,68.5,24.0,injured,Knee,Patellofemoral pain syndrome,1.378001851,59.47982857987292,1.3900593674199755,0.62,42.42643475318769,23.32013501995112,18.499345741312474,9.6896431929882,8.625904408966155,5.163087583225151,2.242155404313612,-3.280140407993343,0.0,1.07
101589,43.0,Male,180.0,72.1,22.3,injured,Ankle,Other,1.539355196,56.53733723093276,1.6336407014413488,0.655,48.74161207981948,21.187687033561144,14.300165713499691,7.748116717984098,5.135417469627393,-0.4449459384067109,5.969116769778614,-13.405147662974649,1.5267175572519096,0.96
101590,18.0,Male,175.0,74.3,24.3,healthy,,,1.693300979,64.34362601345524,1.5790031628047363,0.5825,53.54669637566792,27.92366050650734,18.534480279354543,7.531716876327076,1.2472353248702364,-3.277575463605468,11.3682046736384,-3.606075675256587,-0.858369098712447,1.02
101591,44.0,Female,169.0,59.2,20.7,injured,Thigh,Hamstring muscle strain,1.697926285,60.68297185048454,1.6788246145641188,0.61,57.70038210422305,26.571916437535616,22.07725426753228,7.713848335131245,5.753198604164661,0.3746155848521804,6.192060496026038,-10.426239603534368,1.6393442622950836,1.56
101592,49.0,Female,158.0,61.9,24.8,injured,Knee,Patellofemoral pain syndrome,1.049312379,56.60377358490566,1.112271121274926,0.675,25.20143132775613,16.953780760792167,9.12001932991377,6.086931361388306,7.337097011405415,1.0243379781668285,4.543212699394558,15.37337899566742,0.0,1.28
101593,40.0,Female,177.0,66.3,21.2,healthy,,,1.376599249,57.69230769230769,1.4316632185055935,0.6525000000000001,33.798788008700626,20.01849273887131,12.545942054698305,6.283312789175977,7.207281520997252,-0.3931849687990829,9.349620043447722,-16.709381823665268,-0.7662835249042151,0.64
101594,30.0,Male,177.0,66.2,21.1,injured,Thigh,ITB syndrome,1.478286842,55.236122267788446,1.6057890826500965,0.66,45.3144662902223,23.189984387442983,20.41354663905144,8.268140317543406,8.331457326900724,0.9619444886796896,10.318097251916212,-4.954284836192529,0.0,0.89
101595,44.0,Female,164.0,72.6,27.0,injured,Ankle,Achilles tendonitis,1.688573475,65.39558089807555,1.5492661635392426,0.5774999999999999,51.35300995948066,24.14711143374615,16.96179943472378,8.411406118833538,13.134039958112414,0.6688970459956147,3.62234690562335,14.526125270243792,-0.8658008658008667,1.02
101596,22.0,Female,170.0,61.2,21.2,healthy,,,1.232113718,57.69230769230769,1.2813982667808486,0.6625000000000001,34.72831117361591,19.76766372374986,21.09260069616977,14.761546983652668,6.882182516885557,0.4476505505461836,6.873353042167196,9.3347560030218,0.7547169811320761,1.11
101597,35.0,Male,188.0,86.2,24.4,injured,Knee,Other,1.426967487,53.45238095238095,1.6017710046926872,0.7174999999999999,44.44549910430749,20.42524244976296,15.402324612099278,9.658422195928802,8.134489314420513,0.464269076622025,9.928540964814404,-13.63727718027878,1.393728222996517,0.68
101599,49.0,Female,168.0,100.8,35.7,injured,Foot,Plantar fasciitis,1.198328866,58.82494292923225,1.2222954435862194,0.64875,47.072883448421976,32.55173754922704,10.640525394017873,13.783780112158084,10.689740452418144,-0.8065935390148762,6.271292555382045,15.664504280873883,1.1560693641618591,1.4
101600,51.0,Female,159.0,63.0,24.9,healthy,,,1.353804069,60.53069531629846,1.3419582833100296,0.6325000000000001,43.68714364824501,22.642631244051827,25.678491085018976,9.744660938782635,8.885325079917843,2.5471086126923583,6.985313840993653,-0.807115337251248,-0.7905138339920955,1.85
101601,25.0,Female,155.0,62.0,25.8,injured,Knee,Other,1.16895262,59.18646051797298,1.1850257190072335,0.6475,33.58419354321566,14.674124412060122,17.147378598908453,7.446514130553019,7.326345712279357,0.3124394156980854,10.670938547292216,7.643384480790726,-2.316602316602318,1.54
101602,20.0,Female,160.0,52.0,20.3,injured,Knee,Other,1.10228437,56.87203791469194,1.1629100103768737,0.65,31.402498329039474,23.84583439271308,0.1343967217236291,9.348150697020978,3.892914849672894,2.268915502802245,8.596343060025754,-2.225138030774598,0.0,1.32
101603,29.0,Female,175.0,73.6,24.0,injured,Thigh,ITB syndrome,1.581074723,57.55428781744571,1.648270398558351,0.6637500000000001,53.41686407249966,22.84920924231399,18.30780268038908,8.499359185424957,9.731403440647446,-0.3701999840215331,7.976840964690279,29.244188225698505,1.1299435028248512,0.71
101604,45.0,Female,164.0,79.0,29.4,injured,Lumbar Spine,Disc protrusion,1.365134706,61.53846153846154,1.3310063385655964,0.6087499999999999,39.52033976546505,24.47454535242587,10.208307292774045,8.1270317388656,9.819944482862152,0.7393159974335162,7.032410172507002,-3.338029778809244,-3.69609856262835,1.23
101605,40.0,Female,152.0,60.8,26.3,injured,Knee,Cyst,1.148836474,53.45238095238095,1.2895689422531225,0.7,32.21022279108428,21.652395819769115,15.384010305105576,7.760846629797582,8.66325684912441,0.6800611819229838,10.59285333798774,24.223795249387702,-1.42857142857143,1.27
101606,27.0,Male,173.0,65.8,22.0,injured,Thigh,ITB syndrome,1.549037523,60.91370558375635,1.525801959715891,0.615,47.25730954650089,28.99632566330392,13.111992006461143,5.616939801405712,7.572332234751476,1.2047215171004977,6.423607663502619,-17.70001400087649,0.0,1.34
101607,44.0,Female,163.0,56.1,21.1,injured,Knee,Patellofemoral pain syndrome,1.359877135,63.49206349206349,1.285083893022709,0.59125,35.14976624606874,21.120916188569144,11.317974078054691,8.078724255637233,5.855671609840631,-1.217137236912551,9.269421524665944,-20.351029120182385,0.4228329809725256,0.87
101608,54.0,Male,173.0,82.5,27.6,injured,Hip/Pelvis,Pain,1.2042469,53.93394608806109,1.3397246764622257,0.705,35.36138757110268,24.672164302992314,4.417260662209239,10.299600122766469,3.835223581034964,1.2929957357328246,6.998789484007724,-11.135364800659996,1.418439716312058,1.54
101610,30.0,Female,177.0,68.4,21.8,injured,Lower Leg,Shin splints,1.282252082,53.45238095238095,1.4393279624654252,0.7,43.32357563010214,20.96225423540237,14.093452676672516,8.459151261042514,11.438811515468483,1.0665187637909437,6.8152633683816,-20.92106824186272,-1.42857142857143,1.14
101611,48.0,Female,174.0,66.0,21.8,injured,Sacroiliac Joint,Pain,1.362689442,62.1770004273276,1.314995311962335,0.5874999999999999,30.152675726275334,23.687554384799785,8.032452831408145,7.585509391644838,8.355253403481079,0.1146687363679994,7.416694918794088,-13.73443813605344,0.8510638297872349,1.35
101612,38.0,Male,182.0,80.0,24.2,healthy,,,1.378718156,56.00956313844816,1.4769518243386313,0.685,45.27270204410604,21.647440357444907,18.132817931969328,8.791143066266393,2.0579151353833547,0.7880666050090176,8.926227047664264,2.123933581385704,-1.459854014598525,0.73
101613,37.0,Female,163.0,68.5,25.8,healthy,,,1.376571195,57.83166109253066,1.4281926146627235,0.65375,35.995613260364166,23.75724353342476,15.56777366590011,9.360298733845314,8.747260299607284,0.2758421748571078,9.671345869994532,13.591695466177187,0.3824091778202595,0.68
101614,51.0,Female,151.0,65.5,28.7,injured,Foot,Pain,1.29164638,63.1578947368421,1.227064061182651,0.61125,36.22931704865192,19.64620749820283,9.60437826621137,11.95177340774264,13.257593256355523,0.2747125879237999,7.604100142293179,-23.25198538700452,-2.0449897750511177,1.01
101615,53.0,Female,168.0,61.0,21.6,injured,Knee,Pes anserine bursitis,1.521382056,62.66361256544502,1.456723318294865,0.6025,52.125936537241785,30.94274704364384,5.182579085445028,13.650194509686983,5.746583352145244,-0.1605972333221639,7.433057331368492,6.4690408590882,-0.8298755186721999,0.85
101616,30.0,Female,167.0,66.3,23.8,injured,Thigh,ITB syndrome,1.145553898,57.83166109253066,1.1885121696037515,0.6725000000000001,29.512964559731927,19.84103015479268,8.342779021383315,13.756650588472096,6.150968576264652,0.7425267080708927,7.807103001763737,14.215705905455204,0.7434944237918221,1.51
101617,62.0,Female,158.0,70.2,28.1,injured,Hip/Pelvis,Pain,1.391372399,62.5,1.3357175026079495,0.60375,41.68669770462884,22.569509086486903,8.60451782929032,11.907925824505366,8.430492797903172,-0.3593891639811448,7.516348589753271,8.094321779252695,1.2422360248447124,0.75
101618,56.0,Male,184.0,82.5,24.4,injured,Ankle,Achilles tendonitis,1.595903844,55.55555555555556,1.7235761516210402,0.6775,64.47846612511802,29.70214845464556,14.776107575547131,10.397574152459878,7.687065610379404,0.0445036404792873,8.44668203109461,-11.348260737081633,-0.7380073800738014,0.77
101619,42.0,Female,167.0,57.7,20.7,injured,Ankle,Achilles tendonitis,1.516188456,65.21739130434783,1.3948933798627352,0.5725,33.69540408107417,16.10908708847242,19.01805684729488,7.482539630928111,7.692284468486235,0.3986569325570717,5.689714219054956,9.350331008141437,-0.873362445414848,0.71
101620,18.0,Female,180.0,83.0,25.6,injured,Hip/Pelvis,Other,1.305290811,54.79566305254379,1.4292934377498134,0.7037499999999999,39.63639603649096,23.86455657700092,10.39219871422151,10.37945913389953,9.675767470867184,1.7841362023083571,6.045491626438431,-0.5425516146324887,-0.3552397868561361,1.48
101621,50.0,Female,165.0,65.6,24.1,injured,Lower Leg,Pain,1.443680003,63.74535629854779,1.358863802716044,0.5925,40.39848900397433,28.0924820526586,9.111390868501292,9.883078338188296,7.228980386982363,0.8214125832058432,7.50871965911965,-8.725908931123055,0.8438818565400851,0.85
101622,41.0,Female,173.0,62.5,20.9,injured,Foot,Pain,1.290604735,56.00956313844816,1.382560322613188,0.6775,42.01663691268493,20.88454326407421,24.255295782775427,4.886022805698664,7.723574937219357,2.4005076476200693,7.418933341487495,14.820935837238585,2.214022140221404,0.82
101623,31.0,Male,170.0,78.5,27.2,injured,Hip/Pelvis,Pain,1.378239874,54.29864253393665,1.5229550603493691,0.6962499999999999,48.6712098472392,22.91580619281604,12.072999544762428,4.776561310675929,9.37776869167854,1.4817114587422249,8.604728998165307,6.718669211431795,-1.0771992818671543,0.7
101624,42.0,Male,195.0,94.3,24.8,healthy,,,1.511115116,54.054054054054056,1.677337778409629,0.72,52.46893874246382,30.656661421195384,19.534109758522103,13.429685864635736,5.957083321445539,-1.4404002154852016,4.427042792151026,-13.766173210132548,0.0,0.91
101625,40.0,Female,170.0,62.0,21.5,healthy,,,1.420845346,57.142857142857146,1.4918876132485794,0.65,31.314927504300726,15.624245370476832,20.522555902589176,8.561064301956165,13.319096891842667,3.329658240817965,6.584439187775885,-4.965136952874003,0.0,0.72
101626,56.0,Female,157.5,69.4,28.0,injured,Foot,"Deformity (e.g hammer/claw toes, bunion)",1.058698601,61.61776367961935,1.030907762254507,0.6275,19.64561003747923,11.922155521737224,14.784285547286071,7.697987731830601,9.534651675674848,0.3944013068521286,10.825852755541096,-5.817972483356492,-2.3904382470119545,1.21
101627,62.0,Female,163.0,63.5,23.9,injured,Lumbar Spine,Disc degeneration,1.02498439,56.7379057497988,1.0839209925878284,0.6825,23.26534608850983,16.317541948142548,3.466858489410329,8.449583729726694,5.581198708824624,-1.0787189642765314,5.069646093126702,-34.19246650858818,3.66300366300365,1.2
101630,21.0,Female,174.0,78.6,26.0,injured,Lower Leg,Other,1.313436257,57.00744752877455,1.382391660370883,0.66,28.16171582048071,17.199201798985555,12.72521040472932,7.828348387908619,6.68784790257269,0.893695233077124,8.800973009439502,-20.31986946629694,0.0,1.55
101631,47.0,Female,167.0,67.8,24.3,injured,Knee,Osteoarthritis,0.850261756,47.61979748988237,1.0713298126495396,0.835,31.599740575505848,13.606287000667326,20.29772564500614,13.027572473406943,6.5502695017563415,2.2470369564334254,6.953873228285714,21.088785902626963,3.5928143712574885,1.99
101632,45.0,Male,182.0,78.4,23.7,injured,Knee,Pain,1.570385518,56.470900876959874,1.6685346124204443,0.67,59.03537191454774,30.503855864973143,14.491704304876045,3.3310468396312887,6.237713498327587,0.4740293575678802,8.815025255160679,-5.547457796547335,0.0,0.96
101633,33.0,Male,195.0,87.6,23.0,injured,Knee,Pain,1.480636015,57.55428781744571,1.5435630461335523,0.6575,46.766920247609846,21.21643986525105,17.935800785308302,12.713323836450089,7.836074548960649,2.115080934688536,7.320554009725829,10.782233875587057,0.7604562737642593,1.08
101634,51.0,Female,170.0,68.4,23.7,healthy,,,1.462757236,64.1711229946524,1.3676780157619752,0.59,41.11027825455767,18.775493898159965,14.72397072766238,8.885754168375204,9.468496584022184,0.7495060249366658,5.451981243625153,0.8929881313892976,1.6949152542372898,1.29
101635,31.0,Male,188.0,110.3,31.2,injured,Foot,Pain,1.243517134,51.282051282051285,1.4549150471223251,0.7424999999999999,37.33537932420995,23.962707336703875,13.803850008785258,11.487490335230047,6.752604512777609,1.4851454230133037,5.194517032413462,12.663938813674212,-0.6734006734006741,1.05
101636,37.0,Female,165.0,59.7,21.9,injured,Hip/Pelvis,Pain,1.254402284,55.81395348837209,1.3484824554038228,0.6775,34.62384043674953,20.8633539351446,11.074774071304688,11.50725003812725,9.079790737548176,-0.6499748781753514,5.5356076536883485,-32.419925937382246,3.690036900368991,1.02
101637,45.0,Female,160.0,54.8,21.4,injured,Thigh,Tendonitis,1.237813466,57.83166109253066,1.284231471208388,0.655,40.36762532970511,17.11072619883562,25.947101785605184,11.203419902784857,10.082015088409948,0.6024669522387636,6.36368075877358,-28.04779537608876,1.5267175572519096,1.16
101638,40.0,Female,165.0,62.7,23.0,injured,Thigh,ITB syndrome,1.605221606,64.86486486486487,1.4848299856827,0.5774999999999999,46.08451631687407,16.28111289650505,20.150185924939883,7.878229080164246,8.477539213044025,1.8268220946824103,5.842576222431699,-2.74177176696761,-0.8658008658008667,0.63
101640,44.0,Female,173.0,66.2,22.1,injured,Ankle,Ligament sprain,1.451007254,57.83166109253066,1.5054200260147632,0.6525000000000001,45.264862552964416,27.03081210752626,11.484656310803985,8.042319583537706,9.803911539021906,1.6299894868500189,8.336516183925069,1.195958190584326,0.7662835249042151,1.5
101641,36.0,Female,166.0,50.7,18.4,injured,Knee,Patellofemoral pain syndrome,1.551500033,62.74541884816753,1.4836219061295317,0.6,48.658572835530805,17.402720914961563,16.399001772799494,10.935053881664915,7.593932525485253,1.0904729279352248,6.846352410395072,27.73194378912587,1.6666666666666683,0.62
101642,29.0,Male,189.0,80.3,22.5,injured,Knee,Pain,1.577396535,55.29953917050691,1.7114752407135436,0.6625000000000001,55.57600262880112,28.376747146197268,15.017297530503722,8.80986900059865,2.6155125980261067,2.6798721413196853,7.446469040613454,-11.954836428131191,0.7547169811320761,0.86
101643,33.0,Female,167.0,50.8,18.2,injured,Thigh,ITB syndrome,1.814518308,66.29834254143647,1.6421390689828057,0.56,65.56896438283587,29.69714875942756,20.943508076383928,6.119670977577067,3.0811298808488488,0.6911735459857793,9.491992960070766,2.555627562904014,0.0,0.88
101644,35.0,Male,177.0,83.7,26.7,injured,Lower Leg,Pain,1.230235587,52.40274599542334,1.4086197470606128,0.715,31.914372490180824,26.643738516491045,12.979393537403434,9.731018457690414,3.329703231202436,1.7534532549728208,8.296010983438471,10.493143027817254,-4.195804195804199,1.58
101645,26.0,Female,157.0,70.9,28.8,injured,Knee,Ligament tear/rupture MCL,1.197134052,55.87915670506412,1.2854226884611255,0.675,37.10192141657609,17.831158493908667,22.381588075329027,6.70691705460338,5.720158107603466,-1.4512511806111363,11.65507969683065,-40.917245890752966,-1.4814814814814827,1.22
101646,28.0,Female,169.0,63.6,22.3,injured,Knee,Other,1.373573112,57.27956254272044,1.4388178345392255,0.655,42.76532722321292,16.012987262610693,24.70675600419056,7.466824569831262,10.779369874175613,2.330217300883162,8.972614469051088,41.50165238521742,-3.053435114503819,1.31
101647,20.0,Female,165.0,62.2,22.8,injured,Knee,Other,1.356371958,59.70149253731344,1.3631538173588231,0.625,43.70512918592337,24.05615356918804,17.13070310593593,9.18367213600798,7.869647729279789,-0.3780784437682251,7.925586663087716,-2.0165738492854923,0.0,1.07
101648,55.0,Female,162.0,57.2,21.8,injured,Foot,"Deformity (e.g hammer/claw toes, bunion)",1.025833855,52.17440618997482,1.1797089327936543,0.725,24.64987606987708,26.14268807985856,11.64238687181314,9.600427990807388,4.487602033962347,-0.3186625044496811,6.968126326186251,14.977097179711842,0.0,1.78
101649,39.0,Female,172.0,73.6,24.9,injured,Lower Leg,Other,1.584933958,60.60606060606061,1.5690846182501104,0.625,62.63415854384505,31.556508096672765,13.869154867249692,9.498752597947114,7.940955822984913,1.8329019011296903,4.4940341124221135,2.169374679891601,0.0,1.1
101659,32.0,Male,182.5,74.2,22.3,injured,Hip/Pelvis,Other,1.513007129,56.7379057497988,1.600005038579153,0.665,56.9138989238005,24.33043347582535,18.981388315138563,9.148316767555231,5.302613282362831,0.3390581986627183,6.869023121229494,-12.078148563535702,0.0,1.22
101660,49.0,Female,175.0,59.5,19.4,injured,Thigh,ITB syndrome,1.38630455,59.55371656568642,1.396701833859864,0.6275,42.18265393758014,20.133770396336782,17.977173259964054,7.334288273494527,4.515651265043832,0.5478742238047141,4.232573051756793,-30.540607194330573,0.7968127490039848,0.87
101661,48.0,Male,168.0,72.0,25.5,injured,Sacroiliac Joint,Pain,1.402884583,58.68005738880918,1.4344494865867128,0.65375,37.60128957460171,16.87458188970938,28.119526811146883,8.234529046608547,6.477325155203332,-0.6108164262691866,8.527129097078888,4.079754439810463,-0.3824091778202595,1.14
101662,51.0,Female,165.0,51.3,18.8,injured,Foot,Pain,1.796222552,67.60617025328509,1.594147514556451,0.5462500000000001,55.95318218800469,22.62221981534744,19.859223431350888,6.140435698731226,8.679256232504871,-0.6159661297022385,8.468089750022253,0.8604696151586655,-0.4576659038901706,0.9
101663,35.0,Male,184.0,83.8,24.8,healthy,,,1.731132579,60.0,1.7311325788077283,0.6275,69.17819481228543,26.538951468013952,17.82707746505048,7.270991768784779,6.590943203670382,3.411653276595854,6.352591383668268,3.4640589764229186,0.7968127490039848,1.57
101664,41.0,Male,182.5,69.8,21.0,injured,Thigh,Tendonitis,1.434887898,53.45238095238095,1.6106616649653476,0.7124999999999999,62.19594042561789,32.21689165161189,22.579846979736296,13.228137193352442,5.556973413636429,0.5548659799187743,5.954185054079664,3.024210903900556,-0.701754385964913,0.85
101666,28.0,Female,145.0,62.5,29.7,injured,Knee,Patellar subluxing,0.854481552,51.17294053464266,1.0018796197846012,0.7675000000000001,17.474208151062555,4.684997355514472,12.66367942074162,7.033556980104656,11.108910198432634,0.1304370733404063,5.810332485177996,-2.5456605228684315,5.863192182410428,1.15
101667,20.0,Female,170.0,76.1,26.3,injured,Knee,Patellar subluxing,0.537315385,41.0958904109589,0.7844804616662528,1.0575,17.2782905441328,4.3127860392600015,12.86085537869662,10.074543925117124,2.8112841166069344,-0.5018120496538476,0.2200573114845875,16.50363748342826,-0.4728132387706965,1.7
101668,23.0,Female,167.0,57.6,20.7,injured,Knee,Patellar subluxing,0.537568032,45.759323687951095,0.7048860826093442,0.9075,14.366078137563306,16.013830148027445,12.082080473948462,13.92531372394502,5.886761405319411,4.891304437923736,5.618993337205712,14.556272153271664,-3.856749311294769,3.76
101669,25.0,Female,175.0,118.3,38.6,injured,Knee,Patellar subluxing,0.71486297,42.1423276501112,1.017786152892791,1.0325,17.646286550729997,2.83437591641492,12.434361244726388,9.321305909787288,12.377757307407215,1.586251134015086,3.366765474182767,71.44253952046378,-1.452784503631973,1.7
101670,31.0,Male,182.5,85.9,25.8,injured,Foot,Muscle spasm,1.700169219,61.61776367961935,1.655539777150441,0.59,42.14255026239982,10.721992623581125,28.250453738595283,6.048773869612869,11.12912164793558,0.4748738400742935,11.645098538219465,-3.075175211209721,0.0,0.58
101671,61.0,Male,172.0,75.6,25.6,injured,Hip/Pelvis,Pain,1.724043556,62.17616580310881,1.6637020312812356,0.5874999999999999,72.79098668770189,30.74832690899396,14.002479167448376,6.9426971407599885,5.754100729980105,-2.3383377189767787,5.149295041425326,-28.433068681720577,-0.8510638297872349,0.85
101677,34.0,Male,184.0,97.4,28.8,injured,Lower Leg,Medial tibial stress syndrome,1.809089683,60.0,1.809089683122761,0.6174999999999999,60.18679250208271,23.859721552445272,18.21892994021152,4.234202046635573,15.551238646146178,1.8396859279816555,7.766127033097526,-40.169784934081406,-2.4291497975708527,1.07
101678,30.0,Female,170.0,60.7,21.0,injured,Hip/Pelvis,Pain,1.593743782,61.53846153846154,1.5539001874516307,0.605,45.292191519577216,24.47682145872526,20.81477075227936,6.490673165794727,6.563810590642001,0.1259011917190824,7.440143859142423,-2.426439319906988,1.652892561983473,0.84
101679,39.0,Male,177.0,79.0,25.2,injured,Ankle,Achilles tendonitis,1.863341649,63.3249791144528,1.7655162128746118,0.59,49.64304784747577,22.4749939410264,23.75239541481554,8.687397225076083,3.119778791938758,-0.6886653243645817,9.7765186234282,-3.6898637444056326,0.0,0.69
101680,30.0,Male,181.0,91.7,28.0,injured,Knee,Patellofemoral pain syndrome,1.511733262,53.09838472834068,1.7082585856404249,0.6812500000000001,58.66207634081525,15.994978980112766,24.194324273677893,5.637401550382805,8.015289586472452,1.4488988942839525,6.9369821768370095,8.565364009121469,-0.3669724770642286,0.79
101681,48.0,Male,180.0,78.2,24.1,injured,Hip/Pelvis,Pain,1.80983443,61.53846153846154,1.764588568816083,0.61,61.5717016988842,23.975629020384567,17.033791879136878,7.264846143342749,7.948086028376532,-0.9147452886599244,11.862331575795288,-7.540829793653725,0.0,0.85
101682,46.0,Female,168.0,56.6,20.1,injured,Lower Leg,Pain,1.330791864,55.23670946133213,1.4455726625864642,0.6675,39.62192827782096,16.162118568614517,19.263152837661004,3.33482407086239,4.761201566845838,1.846356613520313,8.61743460478764,-16.059046847425435,-0.7490636704119857,1.23
101683,25.0,Male,177.0,77.7,24.8,injured,Knee,Ligament tear/rupture ACL,1.648408557,59.92537313432836,1.6504690680848553,0.62,43.285764386505406,22.265476754944487,20.593599882670645,8.94154708322258,4.509259747877773,0.174507491796664,12.139529783559183,-6.319119595419315,0.0,1.57
101684,29.0,Female,180.0,60.8,18.8,injured,Thigh,ITB syndrome,1.812980159,62.82722513089005,1.7313960520300973,0.58,52.97923171404898,19.95922215775939,24.10127297566616,7.731393047748336,7.22281056688662,-1.2646736432596095,5.447838973786933,-6.78466695799598,0.0,0.83
101685,40.0,Male,168.0,71.6,25.4,injured,Knee,Patellar subluxing,1.144142657,58.25242718446602,1.1784669362573923,0.65,24.934682100852967,8.243710849760852,20.89412178845382,8.851160675869778,6.737267885632151,-0.0332565390792115,6.458714751339724,-8.99367280077792,0.7692307692307869,1.09
101686,31.0,Female,162.0,57.2,21.8,injured,Knee,Patellar subluxing,1.175448712,54.054054054054056,1.3047480703357008,0.6912499999999999,34.683462139025266,16.564377699428434,11.296770860271252,8.504615780163032,8.670032719864034,1.5420493991934712,3.685830514874936,-6.8907174953599695,0.3616636528028856,0.68
101687,61.0,Female,161.0,84.8,32.7,injured,Ankle,Other,1.410061204,60.07537688442211,1.4082986278620375,0.6375,45.31397230322878,10.171083829703267,19.1259653370088,8.362694422565191,10.801188321349224,5.705877669966523,8.525585476271452,53.66585472585933,-0.7843137254901968,0.99
101688,31.0,Male,179.0,74.9,23.4,injured,Foot,"Deformity (e.g hammer/claw toes, bunion)",1.585236492,60.60683358339151,1.569384127206125,0.605,56.51066891106669,19.4430265837978,21.255707579528057,7.926814812397554,4.631376323387396,1.643585187256415,12.621340531575957,-6.548606784896972,-1.652892561983473,0.89
101689,40.0,Female,164.0,60.0,22.3,injured,Lower Leg,Muscle spasm,1.615955308,61.69706582077716,1.5715165370777533,0.6,51.21562709226623,19.983608511559424,19.9573712180206,6.260721801145658,9.040757591627717,0.1841379889566718,8.711966889337685,28.078720031302616,-1.6666666666666683,1.03
101691,54.0,Male,165.0,84.8,31.1,healthy,,,1.50220859,61.855670103092784,1.457142332540764,0.615,57.3839806304394,29.05743427003704,21.93669747444548,8.48420199564542,5.340458294123562,0.8216482291590055,9.710151823116858,13.625783453629715,0.0,1.15
101692,25.0,Male,187.5,90.5,25.7,healthy,,,1.605936106,55.68475452196383,1.7303961545943525,0.6625000000000001,50.597146684304505,23.879878665566665,18.60717185804095,8.751432726331728,4.358752977434058,0.5096768583667072,5.229336350487273,12.529709220875532,-0.7547169811320761,1.01
101693,54.0,Male,170.0,82.6,28.6,injured,Ankle,Achilles tendonitis,1.381309584,65.04112808460636,1.2742580911993306,0.58,42.34308854873749,20.421391306029943,10.633642054996344,13.143623068210571,8.255672080264576,-0.5628214688122761,4.862548668591941,21.868958965823595,0.0,1.8
101694,29.0,Female,175.0,60.1,19.6,injured,Knee,Pain,1.412762248,56.60377358490566,1.4975279829202,0.665,44.70042661337948,24.64218012019249,11.892823522003972,8.854169097165945,1.4668950117887147,1.887441564777836,10.06491460603295,-2.909977320731852,1.503759398496242,0.99
101695,45.0,Female,165.0,63.9,23.5,injured,Knee,Patellar tendonitis,1.604264658,64.1711229946524,1.4999874547798202,0.5725,41.971742784132914,23.432770219091047,12.991715209450543,6.776417046265422,10.501011782261465,1.3208868814660542,7.821845491381804,5.524939920281094,0.873362445414848,0.69
101696,51.0,Male,174.0,65.1,21.5,injured,Thigh,ITB syndrome,1.049573284,63.57649442755826,0.990534786827419,0.575,28.929154967461383,25.614974461359743,5.002352748118027,15.371188620413964,2.6606292318944,-0.6119969123396694,4.216883305146983,3.090953746619093,0.0,1.72
101697,41.0,Female,167.0,85.5,30.7,injured,Other,,1.446588505,62.66361256544502,1.3851084931348228,0.6,42.96143546199005,19.746237098824025,10.687637425715922,7.591704378265718,10.180299276854342,0.4722434528813548,11.859603473116696,-4.143324477197064,1.6666666666666683,0.72
101698,49.0,Female,170.0,73.0,25.3,healthy,,,1.444932386,57.971014492753625,1.4955050190163024,0.6575,51.0785916953273,21.73535492193517,18.458652852006324,12.349877397584915,8.387235147534042,-0.6821395541704653,6.415466228343515,-11.222101017646713,-0.7604562737642593,1.08
101699,54.0,Female,160.0,54.1,21.1,injured,Hip/Pelvis,Pain,1.488801793,62.82722513089005,1.4218057122867325,0.5974999999999999,39.2216456498291,15.476528554857492,13.120374118696407,7.831714068131459,5.703402848138317,-1.7340535619899042,10.433434980477394,-0.4240279378413525,0.8368200836820092,1.01
101700,56.0,Female,162.5,67.6,25.6,injured,Knee,Patellofemoral pain syndrome,1.412480939,60.45378407187452,1.4018873317608294,0.635,43.51612570204338,14.650618753474513,15.064598456786069,6.187227444312625,9.44726947886839,-0.4297844033137639,8.894145516120249,12.26310116370898,-1.5748031496063006,1.28
101701,41.0,Male,193.0,98.4,26.4,injured,Lumbar Spine,Disc protrusion,1.684908839,61.30298273155416,1.649104525735448,0.6025,52.51180944584843,24.38553900145208,22.09699861757605,7.570193363145432,5.545514393138916,0.7455331201929547,7.917733860246074,-9.080002646570604,-0.8298755186721999,0.66
101702,29.0,Male,175.0,70.0,22.9,injured,Knee,Pain,1.602497304,61.855670103092784,1.5544223846527143,0.60625,43.12566476944068,23.04004069672241,18.45907417793872,4.835688555124241,5.439770528407351,1.2290104049363424,5.006226942798207,-23.81335459298732,0.4123711340206098,1.03
101703,34.0,Female,165.0,73.2,26.9,injured,Knee,Patellofemoral pain syndrome,1.251632064,57.00744752877455,1.3173427476696924,0.6625000000000001,32.225275489030594,14.906850003099215,9.375218267631135,11.640661240489958,8.998583810262957,0.7221934584578924,10.311572488152985,-21.396458989244888,0.7547169811320761,1.45
101704,44.0,Male,181.0,83.9,25.6,injured,Knee,Patellofemoral pain syndrome,1.323106159,56.14058180860866,1.4140697074780617,0.67,33.10337834260298,9.267141177038225,20.894782643450046,11.549200705443152,6.865726548007745,0.9646989624142676,7.584951082292328,-6.499752593687877,-1.492537313432837,1.05
101705,55.0,Female,178.0,67.2,21.2,injured,Thigh,Hamstring muscle strain,1.698455943,58.68005738880918,1.7366712019278672,0.645,71.01805544144355,28.767899031738924,22.443066069057465,8.196281936983466,8.52073854236123,3.2864877444305987,12.158810159674164,-18.91851015434609,0.0,0.9
101706,57.0,Male,183.0,106.9,31.9,injured,Knee,Meniscal tear medial,1.431726202,59.70149253731344,1.4388848328867687,0.6325000000000001,40.04812509243391,15.56376849977099,12.03055875133872,10.747499724395706,6.390495036211342,0.2572489313431387,14.813433483152656,4.354150700059264,-3.162055335968382,0.65
101707,38.0,Female,173.0,65.1,21.8,injured,Hip/Pelvis,Pain,1.618667867,59.40594059405941,1.6348545451890488,0.62,65.13602549129928,22.61083644463851,18.851375610295538,8.301175813695064,4.273250770242614,0.2030679188381161,6.509817962965689,-12.885079464672666,-1.612903225806453,1.04
101708,54.0,Female,165.0,66.3,24.4,injured,Foot,Pain,1.667533311,64.77768090671317,1.5445527295423296,0.5825,51.34513073852588,26.254045950659368,20.20504234961629,9.201291622301389,10.164927267183682,-0.3827734590003389,11.4844125876178,3.051720383023101,-2.5751072961373414,0.84
101709,33.0,Male,174.0,72.5,23.9,injured,Knee,Patellofemoral pain syndrome,1.605222854,60.07537688442211,1.6032163257623235,0.6174999999999999,55.319260300027736,29.639716084800654,13.611425866855663,5.801882999627292,6.577486189664427,1.5596312876855063,8.631842306689935,-14.597652220804756,-0.8097165991902842,0.92
101710,31.0,Female,155.0,53.1,22.1,injured,Knee,Bursitis,1.769060875,68.96551724137932,1.5390829611415695,0.525,45.43432304153285,19.21342953012505,20.636269727057897,11.589301289482066,7.590175876308137,1.6306209731408048,11.444489765149536,4.901556216106714,0.0,0.87
101711,42.0,Female,160.0,62.7,24.5,injured,Knee,Patellofemoral pain syndrome,1.585979419,66.02513508590856,1.4412587973778197,0.5674999999999999,37.45074987937542,19.64248531812659,25.416212658138903,5.782445001271337,11.117830488188703,0.3964149762763869,9.289891619435988,16.824445068618203,-0.8810572687224679,0.84
101712,51.0,Male,193.0,101.1,27.1,injured,Thigh,Hamstring muscle strain,1.326529559,54.85735830086716,1.4508917052265575,0.6924999999999999,43.739529255591606,18.0047956502371,10.573073875614426,11.970885888679303,2.287051742483915,0.1575141312897827,7.672683812882077,-0.4581238659433297,-0.7220216606498202,1.56
101715,41.0,Male,176.0,87.8,28.3,injured,Ankle,Achilles tendonitis,1.425582933,60.37764580478148,1.416673039857543,0.63,44.21118573817503,24.77279545114982,17.881813794930878,6.023895388119216,10.402228236194093,4.216182637293652,7.20175605990524,-4.033325458023888,1.5873015873015888,0.94
101716,29.0,Female,164.0,48.9,18.2,healthy,,,1.368643767,54.29864253393665,1.5123513622895342,0.6924999999999999,50.000268185207005,17.993616217548443,20.538478182503223,10.932103119532773,6.06907639814391,0.0315503983616944,9.004335572018412,10.069745133551974,0.7220216606498202,1.4
101717,37.0,Female,160.0,49.3,19.3,injured,Knee,Tendonitis,1.521104145,64.25737450405381,1.420330995038198,0.585,53.33435286742241,23.20070724559545,16.76703778226129,11.062475789708245,5.706278596538294,0.8546288070353669,7.653889638491456,-12.037875350676694,-1.709401709401711,0.63
101718,57.0,Female,170.0,74.6,25.8,injured,Hip/Pelvis,Pain,1.294128902,61.06909768983736,1.2714816458763727,0.60625,33.94546280940381,23.639856464634107,8.662051594010862,7.049058746579713,6.434896993661121,-1.2199058442773083,6.6963517690665455,1.238220926324728,-1.2371134020618475,2.76
101719,38.0,Female,166.0,56.2,20.4,injured,Knee,Bursitis,1.571203638,64.86486486486487,1.4533633653570637,0.5725,40.15566686229775,19.756103060211203,22.370439089639504,10.83753300849308,9.11512342888656,1.0043344347389684,5.520400212968071,-16.560703134423406,0.873362445414848,0.91
101720,57.0,Male,190.0,84.6,23.4,injured,Knee,Patellofemoral pain syndrome,1.359526527,55.68475452196383,1.4648898331037112,0.6875,57.12581886998339,34.67827085721636,20.995234554512,11.808108597276096,6.921942878069711,0.8194242791990963,10.940173406472976,7.228369333992312,-0.7272727272727117,1.28
101721,49.0,Male,170.0,74.5,25.8,injured,Lower Leg,Calf muscle strain,1.64285551,62.0960418781048,1.58740913614629,0.6125,60.91995846453668,24.0329537847576,23.18984429659781,5.672131725879339,8.206755516502804,1.7066515144184085,9.691579166057434,-12.62078584829008,0.8163265306122456,0.77
101722,33.0,Male,180.0,82.9,25.6,injured,Knee,Ligament tear/rupture ACL,1.366976819,56.470900876959874,1.4524128705838812,0.6612500000000001,40.80993343410569,21.214340109074943,17.283816376529224,10.064706485054142,6.40763100365445,1.2955734237234435,10.18448146082388,15.819224264826774,0.3780718336484018,1.47
101723,30.0,Female,169.0,79.0,27.7,injured,Knee,Pain,1.475595436,57.00744752877455,1.5530641965105685,0.68,57.99352484313545,27.06259553817177,6.243116934938192,12.562781965468382,14.241172763426851,1.6281532927126556,3.943080679658358,13.63755001438624,1.4705882352941189,1.05
101724,44.0,Male,174.0,82.1,27.1,injured,Lower Leg,Pain,1.539031297,59.11330049261084,1.562116766936759,0.6425000000000001,47.098197364996736,21.51316493602236,21.92484178397357,6.491928914508623,8.679523873009767,0.1374914986388504,7.267836117414571,-14.45531523341159,-0.7782101167315181,0.61
101725,33.0,Male,185.0,87.3,25.5,injured,Knee,Patellofemoral pain syndrome,1.69682748,61.53846153846154,1.654406792708946,0.6074999999999999,54.09882967665834,21.750042344343097,12.704356108325396,4.304919518861721,7.330621158266003,2.262427135650197,7.924652934604781,-19.84106128195821,-0.8230452674897127,1.18
101727,41.0,Male,181.0,78.3,23.9,injured,Thigh,ITB syndrome,1.368394536,54.4220485396956,1.508654975841376,0.6737500000000001,45.26366950099532,22.057893968963626,12.88619992417028,13.491908481086154,5.992163490483144,3.224626193888384,8.252874178613855,-3.087814838806671,-0.3710575139146488,0.95
101728,35.0,Male,180.0,87.9,27.1,injured,Knee,Patellofemoral pain syndrome,1.366136754,53.333333333333336,1.5369038478056467,0.705,45.079359268858354,17.397816010426766,21.1192157932208,11.23672728121403,8.196658317795226,2.255116204992652,10.15857051621139,32.42297959132915,0.0,0.82
101729,42.0,Male,183.0,89.6,26.8,injured,Knee,Pain,1.54369939,58.53658536585366,1.5822918750091437,0.65,56.0477001779077,20.865093596155337,16.506841465978262,6.374504640962559,5.919062807756808,1.81640966814531,8.491073711974055,8.300376917170835,0.0,0.89
101730,37.0,Female,166.0,81.3,29.5,injured,Thigh,ITB syndrome,1.252097051,53.57142857142857,1.402348697305988,0.74,41.02597549512649,19.518713284068973,19.076189098900585,8.357067113144895,12.074330507109517,1.9698494364945265,6.179390330423404,4.690114441335385,0.0,0.7
101731,59.0,Male,180.0,86.4,26.7,injured,Thigh,Hamstring muscle strain,1.606472191,59.40594059405941,1.6225369124443096,0.6325000000000001,48.79132014621416,24.458334426419945,19.34816050734788,6.7918823364409135,6.183594785082274,-0.2940272796252181,5.318173485090719,0.0980251276878198,-0.7905138339920955,0.91
101732,29.0,Female,174.0,56.0,18.5,injured,Knee,Ligament tear/rupture ACL,1.385349985,62.5,1.3299359853603017,0.595,32.93787802449407,19.90218068333519,13.335935135065302,7.833221415021399,6.537433623326178,0.9635387020084384,4.502016485919484,11.22050685543784,0.0,1.0
101733,58.0,Female,173.0,62.7,20.9,injured,Other,,0.88716044,54.484870923227085,0.9769854342467488,0.7324999999999999,36.30996745600032,31.216362645698496,11.94664117431093,14.976940534496572,4.781897186940787,-0.9915069975046042,2.535557165811692,29.139061414046715,0.6825938566552908,3.78
101734,59.0,Male,160.0,60.0,23.4,injured,Foot,Plantar fasciitis,1.435389311,55.55555555555556,1.5502204561105413,0.67625,58.681848316856815,30.38565221421883,19.0412765488613,6.809565373767067,3.346726481349522,2.5047349368577443,7.42762581627063,1.20252769295059,1.109057301293893,0.73
101735,24.0,Female,158.0,67.1,26.9,injured,Knee,Patellar subluxing,1.211575752,57.971014492753625,1.2539809028718565,0.6425000000000001,38.560278737841145,16.721572981011622,10.618820387227435,9.93342469359868,6.913363749713346,0.4162107627978044,5.111379648937383,33.54000892363379,-0.7782101167315181,0.78
101736,28.0,Female,170.0,66.9,23.1,injured,Knee,Patellar subluxing,1.196225536,58.39450627515984,1.2291217380766688,0.6475,26.44982721841069,3.4671827046341503,19.731550629786096,5.57076572146782,7.114445803920621,0.2344535307686321,6.660756322459941,188.9348556329853,-3.861003861003865,1.49
101737,54.0,Female,171.0,67.8,23.2,injured,Foot,Other,1.332433231,56.40446452298698,1.4173758491801831,0.6825000000000001,50.47147084561479,22.355910114325624,16.71796346003661,5.539893828347801,9.51081261567941,-2.821961208417929,4.9693310414241605,-19.094572388587693,-0.7326007326007331,1.17
101739,61.0,Female,175.0,57.4,18.7,injured,Knee,Osteoarthritis,1.431531316,59.70149253731344,1.4386889723641048,0.63,43.125257306124126,21.27662704514764,13.506972106798685,15.805821400652356,10.492726235832638,2.1629700572312704,3.614374529535621,-4.957603977800012,0.0,1.18
101740,28.0,Male,184.0,75.6,22.3,injured,Knee,Patellar subluxing,1.369773671,54.054054054054056,1.5204487752714682,0.675,36.82312152558518,23.520604582160928,15.496352726136534,10.216952251728408,8.013887360001586,2.508968467467237,5.818831298724184,30.441780661160923,0.0,1.79
101741,22.0,Female,160.0,49.5,19.3,injured,Knee,Patellar subluxing,1.348975561,58.53797829811536,1.3826999505114128,0.63875,42.174919502742455,17.497316652334064,17.605771844255752,4.767266274873784,6.025480005569935,0.364446363259181,8.915805837364818,34.384048809208075,-1.9569471624266075,1.37
101742,37.0,Female,168.0,57.2,20.3,injured,Knee,Patellar subluxing,0.802729512,42.89581864200163,1.122817904533246,0.9375,22.111504935499312,12.64221873567407,15.545194465050066,10.18500939617168,9.692241645495129,0.4132549015634681,5.557963001384218,-39.17915701700329,-2.666666666666657,1.29
101743,40.0,Female,160.0,62.9,24.6,injured,Knee,Patellar subluxing,0.811732962,49.58677685950413,0.9821968834848832,0.80625,24.367274068240533,21.35058029509901,-2.980798767808026,15.113252894842514,1.1398873299799182,-0.2960616355196699,0.5129763977369115,-12.802623659010116,0.9302325581395424,1.82
101745,18.0,Female,165.0,49.9,18.3,injured,Knee,Patellar subluxing,1.192355111,54.92019605378911,1.302647958319184,0.6875,39.5863354240401,18.318620781313506,19.913225744305127,7.552886816223951,8.348874420214212,0.9861402271415296,9.13451113425739,14.19977566245572,0.7272727272727117,1.2
101746,34.0,Female,163.0,59.3,22.3,healthy,,,1.550894779,60.30150753768845,1.5431403055406734,0.62,44.450290447030085,19.72839941494381,15.850446929877052,8.900306141560026,7.979145683416669,0.5707183309780883,7.28927216610342,-4.099005003599414,1.612903225806453,1.05
101747,46.0,Female,155.0,48.3,20.1,injured,Knee,Patellofemoral pain syndrome,1.366239511,58.96841495218777,1.390148702042009,0.63,30.96343407126181,20.03684535712964,25.13025596911382,8.511120754150063,12.26065242305546,1.409938707617393,10.627327166287902,-4.724761512028464,0.0,1.09
101748,44.0,Female,162.5,52.3,19.8,injured,Lower Leg,Calf muscle strain,1.820247742,68.96551724137932,1.583615535675744,0.5325,45.85004779174213,20.158261385868247,23.14277161452132,8.132828466414466,6.893914401628416,0.3893833796900638,8.626155942428102,23.961243616180724,0.9389671361502356,0.87
101749,19.0,Female,160.0,59.8,23.4,injured,Knee,Plica,1.333314328,60.07612690317258,1.3316476846005485,0.6225,28.05790190997669,14.270715599507472,17.70695522839616,8.43542440108334,10.170222998403494,-0.2028646479825491,4.9039457647114375,17.518709046520545,-0.8032128514056232,0.96
101750,42.0,Female,174.0,103.7,34.3,injured,Foot,Pain,1.469906905,57.142857142857146,1.5434022506108165,0.67875,50.32655189201938,27.48529002979908,25.122927517078505,11.362775866139051,13.824216594614793,1.0408280825680143,7.037312999904145,-17.204098236432056,0.3683241252302111,0.99
101751,34.0,Female,170.0,65.2,22.6,injured,Knee,Pain,1.563763328,60.0,1.563763327747455,0.62,53.073731946519246,26.12123836976501,25.43901619138772,7.430368248043246,9.809590537298645,0.5430770467929535,11.26006478611666,-6.359411003835167,1.612903225806453,1.09
101752,40.0,Female,163.0,64.9,24.4,injured,Lumbar Spine,Pain,1.468260446,61.14679374287786,1.440730562701702,0.6275,50.46388127906221,25.52753662295671,8.479128634237497,8.406735479291928,6.108120324017724,0.254995286896567,5.053717733923784,-8.412117824456564,-0.7968127490039848,0.89
101753,24.0,Female,178.5,76.0,23.9,injured,Lower Leg,Pain,1.504322147,59.33278056869727,1.5212457713056131,0.635,41.8110642407253,19.847971904595937,24.377755442173573,11.049811612598113,10.135767687090024,2.596648332156001,9.14318954652683,2.807576912606613,-3.1496062992126013,1.04
101755,63.0,Female,156.0,50.1,20.6,injured,Other,,1.076771736,66.85288640595903,0.9664026326265398,0.5825,33.337264766348824,25.00243635418446,2.595349556823626,17.80187680066488,8.833540181012205,2.358562428592979,6.225662705587716,-0.4778486413106746,2.5751072961373414,0.96
101758,44.0,Male,182.0,85.7,25.9,healthy,,,1.788388753,67.0391061452514,1.6006079339254489,0.54625,44.6319680362966,15.880670989858915,19.814398179917177,6.113324653395102,7.068630832658849,1.338734930959328,10.086568179304418,25.70602057615367,2.2883295194507927,0.8
101760,43.0,Female,165.0,69.3,25.5,injured,Thigh,Tendonitis,1.557017457,60.22613065326634,1.5511786418687494,0.63,51.64809385118599,22.402019707536923,18.88648623449209,13.533360486849883,9.88984119505749,1.9410826890570168,6.381965009358257,3.802173630306029,3.174603174603177,1.68
101761,44.0,Male,175.0,87.7,28.6,injured,Ankle,Achilles tendonitis,1.621853683,62.99255993386608,1.5448156333769627,0.585,39.75687962099033,17.748042432156893,20.773842955474223,5.596197921416703,8.20937220779538,1.4651023805743186,10.20888194315549,-8.267833954053172,0.0,0.69
101762,42.0,Female,180.0,63.1,19.5,injured,Ankle,Peroneal tendonitis,1.371072581,57.69230769230769,1.4259154843756072,0.64625,32.92146794816716,19.7444279357891,20.32350716888735,6.47241217503286,5.598019727992845,0.3807818170623611,7.142653958657778,4.200329895038198,-0.3868471953578254,0.89
101763,63.0,Female,153.0,51.2,21.9,healthy,,,1.360060717,60.60606060606061,1.3464601101781497,0.63,41.32745327332543,21.70067131591585,23.55050062269889,7.973007794764255,8.729546297362042,-0.8190566680024782,8.459263247946545,-8.605612290884498,0.0,1.15
101764,35.0,Female,157.0,55.8,22.6,injured,Knee,Patellofemoral pain syndrome,1.343478521,58.39450627515984,1.380424179918791,0.6425000000000001,40.06925880066285,14.703921341880992,23.720264272904792,7.158920465433619,6.905497870660349,1.6263334678570776,7.655680911308778,15.149933625709282,-0.7782101167315181,1.2
101765,25.0,Male,181.0,93.5,28.5,injured,Ankle,Ligament sprain,1.403917211,54.29919841684547,1.5513285179954557,0.7124999999999999,39.5768055349138,21.20976371305169,19.700854711251345,11.177291759691167,7.895698268701697,0.6497833244198894,5.786827810730321,25.121188141090784,-2.105263157894739,1.03
101766,50.0,Female,168.0,54.4,19.3,injured,Thigh,Hamstring muscle strain,1.688118804,62.66361256544502,1.616373755233274,0.58,55.45362623617285,23.168452322800256,21.578734571631607,10.819027762915766,8.428812292928185,0.3126196425185392,7.1600152241093244,-1.5847801477646335,-1.7241379310344844,0.79
101767,21.0,Female,176.0,74.7,24.1,injured,Sacroiliac Joint,Other,1.455936384,54.360345536816126,1.6069897843538548,0.6975,44.70227436996217,25.271368992924582,17.322750590984246,12.799876514727218,8.049202437807015,-2.1431839220533098,5.285732229228682,33.95617109308088,-2.150537634408604,0.7
101768,45.0,Female,171.0,87.8,30.0,injured,Other,,1.149881083,57.55428781744571,1.1987510293266788,0.6575,32.78769425717755,14.574584853348323,17.427118738821747,9.237966267985604,8.259617621225784,1.7283866649141135,7.175888114561422,-0.9940424911191612,-0.7604562737642593,1.39
101769,43.0,Female,173.0,63.7,21.3,healthy,,,1.417013936,59.25962054333512,1.4347266098679028,0.6325000000000001,42.03057118154527,19.04383602697343,21.340329805259685,11.855230870579206,8.01924755768388,1.0062885707126563,7.56494522818309,13.740171016203693,0.0,1.27
101771,43.0,Male,181.0,79.3,24.2,injured,Lower Leg,Calf muscle strain,1.532111487,61.69706582077716,1.4899784207367328,0.60375,41.08646907602315,17.67564226875386,21.90718080903099,6.49522284439905,13.15306914886892,-0.2324141119743079,10.462468503157291,-21.231034362981514,2.070393374741212,1.28
101772,38.0,Male,175.0,69.4,22.7,injured,Thigh,ITB syndrome,1.350403921,56.60503304185302,1.4314281557990962,0.66,28.255669760065302,19.51665012014988,27.251984401923952,6.60520049898258,4.923545223941444,-0.5627933253672242,6.772194590385524,2.368048666220506,0.0,1.52
101773,55.0,Female,168.0,80.8,28.6,injured,Lower Leg,Other,1.098970018,55.04587155963303,1.1978773199230306,0.7012499999999999,21.45572777257223,18.48371145099985,7.602747908299333,11.866334551774386,7.868773482387156,-0.096245240639748,5.64077331429117,-4.85223786671052,-1.0695187165775333,1.07
101774,58.0,Male,171.0,79.8,27.3,injured,Ankle,Ligament sprain,1.531044853,58.39450627515984,1.5731485866300596,0.6425000000000001,59.366302734248734,32.53583913697564,22.12998273260092,5.420657906534739,7.8036396990841235,-0.2081021169716115,8.671137392262732,0.8301004390764501,-0.7782101167315181,0.92
101775,20.0,Female,165.0,58.9,21.6,injured,Knee,Plica,1.587406972,64.00045511434749,1.4881940357898742,0.5674999999999999,32.79640919387839,13.78899967667746,22.03869890302851,6.198749459774319,9.80770031628526,3.340223135739758,11.878770398205017,-25.870292952409613,-0.8810572687224679,1.36
101776,42.0,Female,165.0,65.8,24.2,injured,Knee,Ligament tear/rupture ACL,1.518674715,60.91370558375635,1.4958945945726725,0.62,51.30840187868392,23.122226772390725,13.96913622856898,13.060655099453587,9.657857169033154,-0.5520764701699388,7.146855494972812,5.865389994859205,1.612903225806453,0.79
101777,59.0,Male,188.0,101.3,28.7,injured,Thigh,ITB syndrome,1.603666278,59.70149253731344,1.6116846091816126,0.605,52.14402639098921,22.990581820335034,12.54727462234998,8.855515886244543,9.02047602191439,1.5781404386285622,5.826068109906033,28.90540709342939,0.0,0.78
101778,31.0,Female,173.0,55.5,18.5,injured,Knee,Pain,1.598289399,63.82978723404256,1.5023920349494884,0.5862499999999999,52.830403413203385,23.542026109498018,20.165496688440896,8.20312105395252,8.656819431528538,-1.2955923510297,7.784390497408558,-12.69486545088456,-1.2793176972281368,1.91
101779,53.0,Female,177.0,67.2,21.4,injured,Ankle,Achilles tendonitis,1.574427607,60.529922338967566,1.560651365317529,0.6174999999999999,55.593717911519406,24.769557612690143,14.836482515281611,13.438426930773025,6.519092983078508,0.358768495143851,4.403157247248261,5.490714515100081,-0.8097165991902842,0.93
101780,65.0,Female,168.0,86.2,30.5,injured,Foot,Pain,1.229037239,60.07537688442211,1.2275009428893666,0.6625000000000001,30.964782795173136,15.778994650048832,22.20892283582828,8.654972666838948,11.136518532527036,-0.1038268080952646,6.887481430535669,27.05380261348168,0.7547169811320761,2.04
101781,37.0,Male,168.0,68.3,24.2,injured,Other,,0.743732165,42.59755916089556,1.047732686850099,0.9775,32.26364514745819,24.06868714955214,13.378972873548369,16.038802975658655,4.310987910989514,0.8162701788762171,3.3461647317175465,-23.78412250330381,3.5805626598465503,4.44
101782,48.0,Male,177.0,84.7,27.0,injured,Thigh,Hamstring muscle strain,1.365635803,57.00744752877455,1.4373316826388556,0.655,34.44606348663888,27.67454003717253,-1.3169128817876994,11.111977192844316,5.8453304112157545,1.2435984256288803,7.933986464815884,-5.152128766880463,0.0,1.17
101786,31.0,Female,172.2,176.0,59.4,injured,Ankle,Achilles tendonitis,1.589404779,60.07537688442211,1.5874180230935653,0.62,59.45449042662477,28.74225402784592,7.121082323056537,9.520023313844046,6.868170386367911,-1.2435073936693446,5.120449366573405,-15.45686733623381,0.0,0.75
101787,48.0,Male,173.0,77.5,25.9,injured,Lower Leg,Medial tibial stress syndrome,1.519143927,59.85074626865672,1.5229417868902182,0.6225,48.70504728875926,28.314969159888182,15.183533874206296,8.044364909882905,7.008328878823901,0.2154123450397076,9.259045957160351,-12.305458210112391,0.8032128514056232,0.88
101788,52.0,Female,157.0,75.6,30.7,injured,Lumbar Spine,Pain,1.544649009,61.224489795918366,1.5137560287817626,0.625,66.46282993681814,37.78242884865276,16.73605495980135,10.08781407313372,11.866330930704468,-0.4329738984643423,13.577688488796127,12.69312820155952,-1.6000000000000014,0.93
101793,57.0,Male,176.0,76.7,24.8,injured,Ankle,Achilles tendonitis,1.48994845,58.39450627515984,1.5309220327810165,0.635,51.12300372840065,31.923855856195686,9.671465700812313,9.055859999775794,3.208258769984651,0.3338719230919547,5.121829875939039,13.723779970391934,1.5748031496063006,2.04
101794,40.0,Male,191.0,121.5,33.3,injured,Other,,1.301040012,54.92019605378911,1.4213862131053283,0.66,31.138004593094934,15.3265918509598,10.432346455213402,7.360581227602976,9.783735082403933,0.1358358446060528,3.7395837144671873,27.03599301529237,-3.030303030303033,0.96
101795,50.0,Male,181.0,86.8,26.5,injured,Foot,Plantar fasciitis,1.454333109,54.66998754669987,1.5961305866869242,0.6875,46.46415594635084,19.32693190724886,14.11040447705882,11.800356262646194,7.058052256660909,-1.12235068858259,7.019870198791391,6.090401102129608,-0.7272727272727117,1.11
101797,33.0,Female,170.0,101.9,35.3,injured,Knee,Patellar subluxing,0.515135236,46.56040372026455,0.6638805348753046,0.9525,18.154623981915165,10.874855896270496,9.12095830605699,7.755235872650813,5.767550907054226,-1.3468904858424668,2.9485936596346987,24.982626727797246,1.5748031496063009,1.68
101798,52.0,Male,177.0,93.3,29.8,injured,Foot,Plantar fasciitis,1.39438187,55.04587155963303,1.51987623852443,0.69,49.43203395035749,21.15778662668947,19.96798508626708,8.091706619183228,4.270005398005926,-0.1609586438066711,7.422508116067117,13.911813833225017,-1.449275362318826,0.85
101800,38.0,Female,158.0,48.2,19.3,injured,Foot,Other,1.177386409,54.92019605378911,1.2862946523315428,0.6875,30.85012842017727,16.588237742537743,8.390586773004365,7.022726635333667,7.607084257652822,-0.7190131433287466,8.860442109428579,-8.027881403592815,1.4545454545454235,0.92
101801,44.0,Male,183.0,88.1,26.3,injured,Foot,Pain,1.808921931,64.1711229946524,1.691342005228003,0.5774999999999999,68.2108956743615,35.64440783360117,12.395521234949957,13.615269721820097,8.526332251226002,-1.4344990213663713,5.481197984479914,4.958864254772694,-0.8658008658008667,1.19
101803,34.0,Female,164.0,55.4,20.6,injured,Lower Leg,Calf muscle strain,1.4809095,60.30150753768845,1.473504952785931,0.62,47.23098308361333,20.07786243509756,31.80887176852898,12.24813869190135,8.24703694696812,0.8619833159462673,10.566286617428991,22.40190283919585,-1.612903225806453,1.21
101804,44.0,Female,165.0,57.8,21.2,injured,Thigh,Tendonitis,1.417771086,62.4190414507772,1.3628324562689142,0.6,43.32750635907766,18.59374683887038,15.489735564505397,13.69855535027346,8.02257096869582,0.1645361357627144,7.218656632408765,-28.12705087770496,-1.6666666666666683,0.54
101806,25.0,Female,178.0,66.4,21.0,injured,Knee,Other,1.25572889,56.3386490695185,1.337351268379371,0.685,28.378991745413828,16.673021595466857,15.36244617953307,9.843145442144117,5.947569076195297,-0.6517015936185335,6.6336157403577625,-35.13274661841356,0.0,1.63
101807,43.0,Male,182.9,84.1,25.1,healthy,"No injury,No injury",,1.319173967,56.80497183224537,1.3933775026178186,0.675,37.63140998879601,20.96726779238764,12.087608920330029,13.801770690701655,3.759372627369682,1.3679853750769633,3.400918082851132,-10.620718162806993,-1.4814814814814827,1.35
101809,31.0,Male,185.4,104.5,30.4,healthy,"No injury,No injury",,1.319785513,55.81395348837209,1.4187694263565944,0.6825000000000001,38.24509061721324,20.350111940891807,16.02667965252494,13.319444420692534,4.5618935388561,1.134584515921614,3.920440384435087,-3.8140334447147297,-0.7326007326007331,1.18
101944,20.0,Female,163.0,54.43,20.5,healthy,"No injury,No injury",,1.138461044,52.98039062804569,1.2893071321242977,0.7224999999999999,29.90818268114032,12.242744519128816,15.931241506592746,16.534464110446386,6.031152790791676,-2.0508745166732547,7.157335148528173,2.813292087417568,-0.6920415224913502,1.49
101999,22.0,Female,165.0,59.0,21.7,healthy,"No injury,No injury",,1.134677478,54.73225404732254,1.2438901854906348,0.7275,37.67829193699225,20.37323891625376,19.261384752263343,16.712031384195893,5.99857147934631,-1.202594520869925,1.5489959917199425,10.74802394499462,-0.6872852233676982,1.46
102000,49.0,Female,168.0,69.85,24.7,healthy,"No injury,No injury",,1.142874977,58.11172083860983,1.1800184140428578,0.6799999999999999,32.619797172737094,10.322587481826073,19.38002510600972,14.295041641396129,8.771986260075154,1.3534254244504642,-0.0723472646212002,28.886609542288934,-2.9411764705882217,1.64
102001,50.0,Female,152.0,45.8,19.8,healthy,"No injury,No injury",,1.125346566,55.236122267788446,1.222407707549081,0.705,33.70774037824356,17.735708132995295,17.002350321205746,7.46021226243814,1.7881402150795198,1.1710478380257563,6.525288883062314,-37.91315414673628,1.418439716312058,1.88
102002,19.0,Female,170.0,54.4,18.8,healthy,"No injury,No injury",,1.121247144,54.54545454545455,1.2333718581859865,0.7,33.67941836596498,14.349953510301347,10.767320529480214,12.95385846915066,3.03332738806478,-1.0270243223921007,1.3482943202137174,-1.546439490053522,0.0,1.48
102003,24.0,Male,175.0,62.0,20.2,healthy,"No injury,No injury",,1.135769391,55.17270536506997,1.2351492122581254,0.71,33.66137648683082,15.930372040558192,23.369439852073143,11.938541538216128,1.7616533270810293,-0.8943947273281818,2.150663109517585,-11.690216204460793,-1.4084507042253531,1.25
102004,33.0,Male,180.0,78.47,24.2,healthy,"No injury,No injury",,1.129028171,49.33211900425015,1.3731805126909675,0.775,37.87976652262881,16.224499947821812,13.04390370025323,11.581083899273636,0.6364807307315067,-0.6605905016823094,3.7890517923685705,29.92981795623801,-1.2903225806451624,2.8
102005,31.0,Male,175.0,74.84,24.4,healthy,"No injury,No injury",,1.125100583,52.517668709771385,1.285427415821336,0.7424999999999999,33.44737032869844,20.16062170882673,17.882355643647983,16.11102091455181,1.520984100344895,1.4620402550738851,5.3741657363084006,1.3515576815362798,2.020202020202022,1.08
102007,27.0,Female,171.0,67.13,23.0,healthy,"No injury,No injury",,1.12798642,53.81165919282511,1.2577048581022554,0.7062499999999999,26.802027713382586,19.892089265826343,12.725921099809575,10.636584221045052,0.6345419573443107,-0.0496994498495793,3.1754068451910547,38.44038697599255,1.0619469026548762,1.85
102008,23.0,Male,183.0,86.18,25.7,healthy,"No injury,No injury",,1.122166053,52.40174672489083,1.2848801301975898,0.7475,28.32458181727418,0.0506858302485149,22.330096497292075,12.457617234495435,2.72090393868946,0.4838814464693819,5.169836610129506,-200.0,-0.6688963210702347,1.54
102009,30.0,Male,180.0,81.65,25.2,healthy,"No injury,No injury",,1.121398426,52.17391304347826,1.2896081896792813,0.74,31.21448358567829,10.283480785584484,14.325263791203504,10.406196119968527,2.30464394058895,0.5044264136896723,6.001625365369604,-33.39165274243428,1.3513513513513526,2.09
102010,31.0,Female,165.0,54.43,20.0,healthy,"No injury,No injury",,1.118653066,54.29864253393665,1.2361116377589272,0.7124999999999999,28.107563789817164,9.721695856505496,20.57488521576457,12.338120928037885,4.046458340671691,0.4006468890507696,3.1594387677912623,-25.10408458727088,-0.701754385964913,0.94
102012,27.0,Female,160.0,56.7,22.1,healthy,"No injury,No injury",,1.125732854,56.07476635514018,1.2045341537662848,0.67875,28.407272298751423,13.051912488866524,15.098525249297117,12.47950478208329,5.599395757104396,2.381678934805992,4.645206099963376,-9.755957297809353,0.3683241252302111,1.67
102013,30.0,Male,169.0,75.0,26.3,healthy,"No injury,No injury",,1.156513589,52.63157894736842,1.3184254916576956,0.7375,38.194552608209335,13.640463643619018,17.924616528265226,15.118638805047857,3.7727934507025065,0.2239993080071149,5.888700822860945,18.478698391502764,-0.6779661016949158,1.41
102014,20.0,Female,162.0,67.8,25.8,healthy,"No injury,No injury",,1.122280752,52.63157894736842,1.2794000567933346,0.7375,38.39350573710226,24.395083626057044,19.845921209573,15.094825921318344,7.293227997493671,0.1715058184083144,2.606705618589348,-27.952158376080565,0.6779661016949158,1.61
200028,40.0,Male,175.0,72.5,23.7,healthy,,,1.127800836,53.573037323037326,1.2631369360774696,0.7324999999999999,33.504736558355376,16.34429485123761,17.81269411366986,14.467290074536916,6.920698695268829,0.5991204954234015,-2.161143955246541,18.377718484579,0.6825938566552908,1.76
200029,24.0,Male,174.0,70.0,23.1,healthy,,,1.104015887,52.74750753535822,1.2558180718975511,0.71625,27.584604412972794,14.989501700727915,14.360192032982408,4.290928227664902,1.4580268188234908,1.2013274628780586,6.15946390700152,18.531343171874777,-2.4432809773123854,1.51
200030,21.0,Male,178.0,83.0,26.2,healthy,No Injury,,1.11243645,52.28782988418455,1.2765208267130317,0.73125,26.879934741867032,15.313010724010091,20.70456618102061,9.47150648202733,7.014857588375046,-0.0437495571985147,8.746317668575873,18.243134516189365,-1.025641025641019,1.19
200031,21.0,Male,178.0,70.0,22.1,injured,Thigh,ITB syndrome,1.115725419,50.63336211978891,1.3221346217673828,0.7875000000000001,33.36462410001525,19.36468058025736,22.38434582087849,12.573039906148464,6.240079070214127,0.7908200216167086,6.564030168175838,10.012909684576467,-1.9047619047619064,1.25
200032,20.0,Female,165.0,66.0,24.2,healthy,,,1.114047924,53.09734513274336,1.25887415432875,0.72375,22.182337261440185,7.655559666549759,22.56016176392788,5.689086223823948,8.299619515250352,-0.0033916449601625,5.137236109078327,-33.51974361692131,1.036269430051822,1.46
200241,28.0,Male,171.0,64.0,21.9,injured,Lower Leg,Calf muscle strain,1.257813616,60.00150003750094,1.2578136164598843,0.6325,33.244732258491126,16.03539979556586,21.69243718463965,12.741354791229185,5.385533807173735,3.1641053332849465,4.619379513923594,12.305277247327783,-1.5810276679841913,1.47
200242,19.0,Male,172.0,56.0,18.9,injured,Lower Leg,Calf muscle strain,1.25418315,57.6232977548767,1.3059182047748314,0.66,41.65446297784871,25.94604906594138,15.862106247386574,7.084231987790167,2.749823016326588,-1.040767804912162,2.764206754821549,-2.7449345383232533,-3.030303030303033,1.4
200243,49.0,Male,181.0,90.0,27.5,injured,Lower Leg,Calf muscle strain,1.256687598,54.73225404732254,1.3776437792699203,0.6925,39.020457506417046,16.980962746341216,12.65962127698916,15.369773753543726,7.329443998462953,-1.5841951466880817,4.568824442809456,38.7082505511362,-2.1660649819494444,0.88
200244,31.0,Female,169.0,59.0,20.7,healthy,,,1.274243415,54.609975176771705,1.4000749522352418,0.6924999999999999,47.09610692048523,18.998345668736416,8.422835698425802,14.867016080911425,7.0023980513343655,3.4874587873843703,7.257727281149875,23.45458525770292,-0.7220216606498202,2.08
200245,23.0,Male,189.0,67.0,18.8,injured,Ankle,Achilles tendonitis,1.254673521,51.39209860239903,1.4648313354797966,0.73,25.056228588483577,16.941328437123722,18.75438753207144,8.436019157882168,6.054985666935554,0.1990435928233633,7.095898803599336,-5.991699495525117,4.109589041095894,0.94
200246,45.0,Male,172.0,80.0,27.0,injured,Foot,Other,1.250083509,54.17634829399535,1.3844674863078024,0.69625,36.49960760950984,18.38538885722817,19.17696507412965,5.207129646997629,6.806084983922151,0.8856647833624676,2.736010039325863,-27.117750659229014,-0.3590664272890567,1.1
200247,33.0,Male,184.0,78.0,23.0,injured,Hip/Pelvis,Other,1.256426357,51.836094939543216,1.4543135083176848,0.74,37.43434631708902,14.534936474835485,24.940495846059868,6.01687424948867,3.839623702741579,-0.2033613922423007,1.2629840956086449,23.446584143846707,0.0,1.35
200248,41.0,Male,172.0,62.0,21.0,injured,Ankle,Other,1.258154922,54.17634829399535,1.3934065761779415,0.67875,35.44370163410156,20.74905964417636,18.795183624638923,8.439486959090605,4.239034887115782,-1.884816702879741,0.919038664592384,-10.541253925149825,-0.3683241252302111,1.4
200249,37.0,Male,170.0,65.0,22.5,injured,Foot,Plantar fasciitis,1.258314028,56.60377358490566,1.3338128697707106,0.6737500000000001,33.27115400534939,18.232119305091377,19.728757541261608,10.632857917369517,3.719683495132676,0.8063787284282111,4.447391510260825,4.337020104941009,-2.597402597402608,1.24
200250,26.0,Female,164.0,47.0,17.5,healthy,No Injury,,1.288416836,58.96841495218777,1.3109641305417843,0.6525000000000001,21.31799873484178,15.383933980689193,18.7542479238727,11.485155486060345,8.979056327885086,1.5601694714632353,7.200063796331046,-18.54017664210624,2.2988505747126453,1.37
200251,63.0,Female,153.0,54.0,23.1,injured,Hip/Pelvis,Other,1.278697983,59.40594059405941,1.2914849627884286,0.6425000000000001,29.4433091753354,12.223329327717638,23.63149884864029,7.88221512060538,10.605454793297785,-2.119439711184529,3.570105682772017,24.641528274829227,0.7782101167315181,1.39
200253,33.0,Female,163.0,88.0,33.1,healthy,No Injury,,1.255974873,54.54545454545455,1.381572359821465,0.6975,34.04628151856102,27.24844760800333,5.770358826431191,13.716259187220702,9.457491383864117,-0.6987696334023283,7.048888370751539,-21.41078057319347,2.150537634408604,1.15
200254,42.0,Female,170.0,64.0,22.1,injured,Foot,Other,1.26336915,54.4220485396956,1.3928644882234569,0.7124999999999999,35.40036125856321,15.294453725310898,19.430023632789435,10.036241526012883,9.960955630682388,0.809336868034995,0.3983567340968171,-8.74304599603175,2.105263157894739,1.11
200255,38.0,Female,162.0,53.0,20.2,injured,Lower Leg,Tibia stress fracture,1.254329358,55.62075042570167,1.3531077954391888,0.665,33.22201950152672,13.848099131685313,24.890360883340072,7.152932801687362,7.959375041296817,-0.331540925202257,2.320348112712299,-1.44900818884188,1.503759398496242,1.54
200256,33.0,Male,187.0,94.0,26.9,injured,Knee,Other,1.268163562,53.932856623439584,1.4108319628468928,0.71375,35.48304571348979,16.21254669109492,15.942180065123326,12.31941361292717,4.711762889525947,0.5074996673311287,7.7807145978932,-28.792785485515363,-1.0507880910683098,1.08
200257,47.0,Female,162.0,59.0,22.5,injured,Foot,Other,1.25715514,57.48790701058425,1.3121556776107646,0.6625000000000001,28.13226925499453,21.27526774341858,19.997391750777474,5.49414116384777,10.093463576720534,-0.698685221101703,3.596444980052593,16.292305361351925,0.7547169811320761,1.14
200258,60.0,Female,178.0,62.0,19.6,injured,Hip/Pelvis,Other,1.255384382,62.0159179531008,1.2145843898135715,0.58375,39.22164038794188,17.24711695444119,14.86441813132272,4.48340289959596,9.448598716161584,-2.1966095499655416,4.148768094565773,0.7840028107175667,2.997858672376886,1.19
200259,49.0,Female,170.0,65.0,22.5,injured,Hip/Pelvis,Other,1.268955845,57.347915242652086,1.3276450529192805,0.665,28.97379847349356,17.29545507915229,14.848574760817806,18.58080304132604,8.141003298594319,0.8606992943591452,5.2644790750911685,4.372286341452912,0.0,0.86
200260,36.0,Male,180.0,95.0,29.3,injured,Lower Leg,Other,1.255643195,53.09734513274336,1.4188768101314908,0.7224999999999999,43.76965938783741,15.746995537221547,20.84718795020589,11.64000719427576,9.115268706688358,-1.1032818782888558,0.6555249485724732,4.092707660471375,-0.6920415224913502,0.98
200261,34.0,Female,170.0,55.0,19.0,injured,Lumbar Spine,Low back pain,1.254110872,57.971014492753625,1.2980047523203222,0.66,33.68264228355292,19.64791563081504,14.896578672539828,12.722899935491242,4.787896964055941,0.394400737906015,1.7065308423246506,-6.088839248021715,0.0,1.23
200262,36.0,Male,181.0,74.0,22.6,injured,Thigh,Other,1.246912618,53.21533923303835,1.405893976285181,0.7124999999999999,31.6762367376162,22.23288720284063,23.11650179543976,10.884715024001288,5.813664397872503,2.210528164151161,5.180590545118936,-26.301470611950823,0.701754385964913,1.29
200263,19.0,Male,170.0,68.0,23.5,injured,Lower Leg,Compartment syndrome,1.251684385,58.8235294117647,1.2767180725091392,0.6625,35.35693186857452,18.399630113173423,23.20204508805769,12.498272815477474,6.174512634615733,0.08528895907339,5.259731023317853,-1.671080417750782,-1.5094339622641524,1.06
200264,44.0,Male,189.0,95.0,26.6,injured,Knee,Bursitis,1.259084098,57.48527788001472,1.3141690276710611,0.6725000000000001,26.711836860553888,8.243738955842977,15.746734468725831,8.193980882702215,10.015618840456504,-1.3618396649257882,5.938630812394297,172.99634124218775,-2.2304832713754665,1.08
200265,34.0,Female,171.0,71.0,24.3,injured,Ankle,Other,1.249689158,57.41758241758242,1.305925169952849,0.67,28.430635224687137,9.58811851735233,22.981954723488027,8.31554711788554,10.53512299999858,1.7071638855181708,7.23540891150293,-18.190755931220323,1.492537313432837,1.71
200266,44.0,Male,180.0,66.0,20.4,injured,Sacroiliac Joint,SI joint pain,1.237753416,56.7379057497988,1.3089242375232797,0.6725000000000001,38.99438474064738,22.552991517004315,14.685246540921362,8.36069573992827,3.7718695409667946,1.0083820594899202,-0.8149610370212766,17.22034556035108,2.2304832713754665,1.36
200267,34.0,Male,194.0,88.0,23.4,injured,Lower Leg,Other,1.25655621,51.4471222625729,1.465458679770979,0.745,38.13483775210551,19.73651701454954,27.48692442912374,12.380583826188476,8.387368244943529,0.6435871683642715,4.7978648422156285,-49.11655980082258,-1.342281879194632,1.25
200268,19.0,Female,173.0,53.0,17.7,injured,Foot,Other,1.25535217,56.07476635514018,1.3432268224274102,0.68875,39.62909063448092,22.98229585773065,23.56803429508864,10.689155306115111,7.226325164822166,1.4913940773033112,3.56880305164614,-6.934460873380857,0.3629764065335676,0.92
200269,27.0,Female,175.0,55.0,18.0,healthy,No Injury,,1.253775269,55.17270536506997,1.363480604693168,0.6775,29.160134211356365,21.421533610258145,17.397114758398196,9.599845196599448,7.713102079616784,0.2314314593202187,4.414777300200222,11.22493989262297,-2.214022140221404,1.32
200270,25.0,Female,165.0,46.0,16.9,injured,Thigh,ITB syndrome,1.269551497,57.41758241758242,1.3266813144895264,0.64875,30.92363572178442,18.793719951809308,23.65026162411624,15.500868661599938,7.378078037646329,-0.7972693814767409,8.56854692683888,-21.126325841885592,1.1560693641618591,0.73
200273,48.0,Male,175.0,117.0,38.2,injured,Thigh,ITB syndrome,1.255772828,57.971014492753625,1.2997248773127106,0.67125,39.07974593430225,13.807202460819092,9.469648324835488,8.560861145868836,5.066090329912289,0.3363309500758853,0.2383527021843499,3.06776122440295,-1.8621973929236435,1.36
200274,59.0,Female,163.0,65.0,24.5,injured,Knee,Tendonitis,1.256147913,60.30150753768845,1.249867172971323,0.6425000000000001,35.2163922775153,16.743111624040317,25.63022205364972,9.839123369992816,10.9680209990276,0.1334378827441158,2.4797239993400177,-20.015737970661064,-0.7782101167315181,1.08
200275,26.0,Male,180.0,80.0,24.7,injured,Foot,Other,1.258054266,53.33438685208597,1.4153110493956809,0.71,33.26233742485425,7.032815800143873,23.81784240040695,12.767149765077964,5.591327774698182,1.6022775257804645,7.8844743365185455,-0.6904054711969848,-1.4084507042253531,0.79
200276,31.0,Male,179.0,70.0,21.8,healthy,No Injury,,1.246861054,56.27344585282648,1.3294655987250958,0.6675,38.70544555611039,23.09604421861947,20.54027365509152,11.73861645468777,6.68115410271035,0.8200844298858361,1.5166821358583888,6.067537114294126,-0.7490636704119857,1.42
200277,38.0,Female,173.0,63.0,21.0,injured,Foot,Metatarsal stress fracture,1.26241809,58.39450627515984,1.2971345879428484,0.6475,36.91125035362916,11.334517447717936,25.830345398065752,11.721260373481725,10.762907904779569,1.887094807456308,3.1098941461810967,-9.371594573231532,-0.7722007722007729,1.55
200278,37.0,Male,182.0,76.0,22.9,injured,Knee,Pain,1.252535021,54.66998754669987,1.37465718528631,0.6837500000000001,29.81427667994388,11.995961460799332,19.37234838794591,5.738586277738236,6.1800811301204455,-0.0123464626482805,7.012191204044818,-3.819430339570254,-0.3656307129798825,1.13
200279,47.0,Female,179.0,92.0,28.7,injured,Ankle,Achilles tendonitis,1.259142982,60.00075001875047,1.2591429824523062,0.6425000000000001,33.2904964757447,13.62216604757262,17.986576350371315,12.683136476750818,11.979378007637784,1.613755540218858,1.1046347089672242,-2.2507867446974053,0.7782101167315181,1.25
200280,22.0,Female,169.0,51.0,17.9,injured,Thigh,ITB syndrome,1.24108577,56.20639726207713,1.3248590591649394,0.66,30.0357135698844,20.170944437118127,15.832138203568505,6.988334647526072,6.856265154423443,1.839363964778142,2.506196632009332,-14.503267180310743,1.5151515151515165,2.44
200282,39.0,Female,160.0,58.0,22.7,injured,Ankle,Achilles tendonitis,1.269760213,59.11330049261084,1.2888066157410538,0.6375,33.50960361101505,14.655924456028195,27.86213864228992,12.023410121822147,8.95412780140363,0.119554754386727,6.408301111232746,-6.827808112956437,0.7843137254901968,0.89
200283,53.0,Female,165.0,58.0,21.3,injured,Foot,Other,1.255167667,59.92537313432836,1.256736626470326,0.625,30.45202242521765,15.700333775535364,22.63005058943468,10.175882442759082,7.275683490876228,2.959000663093944,1.4683647486858846,-9.089715659717056,1.6000000000000014,1.06
200285,18.0,Male,180.0,70.0,21.6,healthy,No Injury,,1.317583357,52.863436123348016,1.495457109877563,0.7112499999999999,29.543120874934857,14.707461959712788,25.463551540209828,9.7639250249873,8.163423701838255,0.9228321697858322,3.188746809770934,15.52249082246792,-4.569420035149397,1.25
200286,35.0,Female,167.0,92.0,33.0,injured,Hip/Pelvis,Other,1.272340153,58.53658536585366,1.3041486571740324,0.6612500000000001,41.81940188348301,25.69339854378813,10.1203199928192,15.16039320541641,7.238469131070264,2.100413513536325,2.37113174574341,10.214557587084805,2.6465028355387457,1.11
200287,29.0,Male,189.0,80.0,22.4,injured,Knee,Bursitis,1.253568811,53.81165919282511,1.3977292239675012,0.7024999999999999,40.63488979134365,18.545625052202105,24.96097970242539,8.216907609298087,6.199106291121312,1.087135218847496,6.980060266867402,1.193629218784768,-0.7117437722419936,1.73
200290,44.0,Male,187.0,92.0,26.3,healthy,No Injury,,1.274470495,52.86446204005589,1.4465240117720086,0.7024999999999999,43.35130631872835,14.608764296431064,19.249843250620373,12.239843685196565,5.475786247884386,-1.153719018163884,6.559505613193136,20.36781946281185,-0.7117437722419936,1.24
200291,31.0,Male,180.0,70.0,21.6,injured,Thigh,Tendonitis,1.269836672,53.57249626307922,1.422217072829997,0.73,54.48683057260996,24.197783195244472,16.68775982674113,13.40799119844078,3.231488101792526,-1.2619296163711229,4.539111859319399,-1.4187069721078154,-2.0547945205479623,2.19
200292,38.0,Male,182.0,83.0,25.1,healthy,No Injury,,1.249383855,54.360345536816126,1.3790074300273063,0.6975,35.82656947943531,20.93725647197371,14.134089982049847,11.690823309368756,5.567684864530628,1.4291498046993565,6.29634466011611,-11.68798127291027,-0.7168458781362014,1.08
200293,61.0,Male,167.0,64.0,22.9,injured,Thigh,Tendonitis,1.270858513,62.66361256544502,1.21684702612941,0.615,24.64200766776719,16.05783310654441,16.180392182720276,11.163830936291932,9.976328763973708,0.0092698458380788,3.6917048576437854,-6.498059363697271,-0.8130081300812835,1.93
200294,54.0,Female,163.0,49.0,18.4,injured,Thigh,ITB syndrome,1.270742223,61.38147566718995,1.242150523349922,0.61,26.888015500186214,14.732226218936976,14.963075425260495,9.147703681574797,7.023552205732512,-0.8626930381768082,5.3740934952002375,-17.660095128921103,0.0,1.32
200295,18.0,Male,195.0,86.0,22.6,healthy,,,1.255925784,51.3925668888686,1.4662933524135149,0.755,37.85131234021088,12.854506146385765,16.61987293210315,8.15901500028112,7.999494228683159,-0.11525754210398,4.140305683344094,-35.98409426856517,0.0,1.32
200296,18.0,Male,194.0,87.0,23.1,injured,Hip/Pelvis,Osteitis pubis,1.25457084,49.89669959547909,1.5086214355589398,0.76,42.80242765616714,19.447550514288675,15.254031401664744,8.343440349719621,6.681895325659962,-1.5750087491631903,3.827934419549208,16.763727153556907,-1.3157894736842115,1.01
200297,36.0,Female,172.0,59.0,19.9,injured,Foot,Plantar fasciitis,1.270547125,54.4220485396956,1.400778204841757,0.7162499999999999,33.807801786287655,9.100392021113633,18.5802686865198,9.13414030095049,7.337407965873522,0.52813133342557,5.732772805792584,125.26139721131707,-1.0471204188481762,1.33
200298,32.0,Female,167.0,70.0,25.1,injured,Foot,Pain,1.267591519,54.79566305254379,1.3880127136778464,0.6875,37.53857832145445,17.659578693279883,16.29896629841192,9.354426895895497,8.410337761929934,1.6208719163675835,5.953309070933785,1.6640888432444274,5.090909090909079,1.05
200299,63.0,Female,167.0,55.0,19.7,injured,Hip/Pelvis,Pain,1.261211895,59.11330049261084,1.2801300733420644,0.64125,34.315124186809555,15.740419153204458,13.953382645251462,12.557076921532566,7.820062615763183,-0.931974314260084,1.0187487006978042,-35.92121678960939,1.1695906432748635,1.64
200301,25.0,Female,165.0,63.0,23.1,healthy,,,1.255400876,55.87915670506412,1.3479866905570066,0.7075,39.887308627628414,22.32948625852133,22.432088510581,7.389674136206722,8.407094622039438,0.7554423778316037,8.032450518036988,6.82474185473671,-0.7067137809187285,0.81
200302,44.0,Male,182.0,99.0,29.9,healthy,,,1.260443231,53.81165919282511,1.4053942024139443,0.72,34.299885946573454,18.47430488813016,20.097046537917468,8.752555794986712,8.308743453784121,-2.36564343539014,3.75720542616224,-17.847042690753295,-0.6944444444444297,1.21
200303,47.0,Male,174.0,73.0,24.1,injured,Hip/Pelvis,Pelvic dysfunction general,1.276501265,56.07476635514018,1.365856353334082,0.695,36.09005707909861,19.454427537370183,20.556504316897204,10.534310600498838,5.784508774801755,1.8524163434117744,3.8895630445559615,-15.400586463849043,0.0,0.95
200304,34.0,Male,173.0,84.0,28.1,unclear,Lower Leg,Shin splints,1.255363142,53.69154388212684,1.4028683106511934,0.69875,39.53406592672093,25.320998006958725,14.921663412120475,15.990605124303894,4.825637387713001,0.3483171115085978,5.694405252555189,-6.302700984601395,3.935599284436473,1.02
200305,37.0,Male,178.0,77.0,24.3,injured,Knee,Ligament tear/rupture ACL,1.245651107,53.45238095238095,1.398243367235383,0.71625,40.38565847219678,20.07743808160956,16.0307802445346,5.478101579529069,6.412220444048305,3.85310652169196,5.208013906217234,-2.375095689853384,-2.4432809773123854,1.44
200306,26.0,Male,178.0,67.0,21.1,injured,Ankle,Achilles tendonitis,1.279962947,55.04587155963303,1.3951596120052068,0.7012499999999999,32.403953422803625,13.436092768088969,29.14188196803885,7.805405370092671,3.783533466124696,-2.9135960495396747,3.1665159324537804,8.734313291566526,-2.4955436720142705,1.09
200307,28.0,Male,178.0,76.0,24.0,injured,Foot,Other,1.252286097,51.4471222625729,1.4604786605233833,0.72,40.96398574906124,15.68732272706578,20.78885631130055,8.03341409914722,5.453789889253642,0.2658148937006819,6.9878803657099695,-19.67534870698294,0.0,0.92
200308,42.0,Male,172.0,70.0,23.7,injured,Thigh,ITB syndrome,1.256521885,55.81395348837209,1.3507610267068897,0.6875,45.21857600726963,23.216715414832223,13.860551551251191,13.871884638370034,2.548312780998549,-0.0897386890553697,5.988800829374696,-11.100830969199611,-0.7272727272727117,1.09
200309,53.0,Male,170.0,76.0,26.3,injured,Lumbar Spine,Disc protrusion,1.274426609,55.94435992175614,1.366822538392773,0.7,39.750710252474505,15.777839769366528,21.539597865784604,8.534297317424755,5.455034892268717,1.2751537220538394,2.0895630887945087,-26.769685019808293,1.42857142857143,1.23
200310,53.0,Male,186.0,80.0,23.1,injured,Thigh,Hamstring muscle strain,1.259083382,54.054054054054056,1.397582553798059,0.6975,41.431400180861374,23.225473393250024,11.259270623512728,8.180584494311184,1.091180996483131,-2.08081249598625,3.2754776559718533,4.798737866293606,-0.7168458781362014,1.77
200311,18.0,Male,191.0,89.0,24.4,injured,Knee,Chondromalacia,1.254416154,48.48504636280528,1.5523399900509962,0.7925,43.93774908776231,14.33137252092287,19.50069340705724,12.579409608126433,8.494956377998841,1.3861808807588945,2.992211714259206,23.407965057248035,-0.6309148264984233,0.94
200313,34.0,Female,168.0,50.0,17.7,injured,Lower Leg,Shin splints,1.259301316,60.53069531629846,1.2482824296259607,0.6275,37.79904674527708,15.25180779231966,19.063241782402145,14.307030761241052,2.0284646150205297,2.601069793498564,6.468860549841763,-8.021503587132797,-0.7968127490039848,1.78
200314,48.0,Male,178.0,125.0,39.5,injured,Ankle,Achilles tendonitis,1.25745441,56.07537859191663,1.345476218587089,0.7,35.78459819345534,14.204382494732911,16.02170564535465,12.681030352915611,9.104372278972338,-1.1532523193152835,2.583468339915915,-37.31630649232173,0.0,1.48
200315,47.0,Male,180.0,72.0,22.2,injured,Knee,Other,1.254260207,52.74750753535822,1.4267209859295655,0.715,32.728528638641535,14.717008077863996,19.54013476658136,8.29234245532886,2.4762555667017114,-0.2760148481259437,5.172038076039861,-4.330196801274529,-1.3986013986014,1.1
200316,51.0,Female,181.0,66.0,20.1,unclear,Knee,Other,1.256194467,56.20639726207713,1.3409875933944586,0.685,35.24873317408483,22.77093294229333,16.324711730596704,10.441463523232398,4.535633777052358,2.2253175556843643,5.917048395147685,10.092145324855473,0.0,1.29
200317,54.0,Male,181.0,78.0,23.8,unclear,Other,,1.264194108,56.272212715545606,1.3479469679877671,0.705,39.42608509466669,18.340788519441364,18.190435234817706,11.501983940669003,7.0519185034205325,0.6539855632145499,5.516212198348852,7.008111289965319,0.0,0.8
200318,25.0,Male,170.0,70.0,24.2,injured,Lower Leg,Shin splints,1.251572231,56.87203791469194,1.3204087032874905,0.68625,37.0745537951185,26.51511040730048,24.2789296125939,10.324495173725122,3.812559842510143,-2.057602265941976,2.900341471099461,-0.1496588228906067,-0.3642987249544548,0.81
200319,50.0,Female,160.0,60.0,23.4,injured,Knee,Chondromalacia,1.25254495,62.58180628272251,1.2008774707030812,0.5974999999999999,34.0591049623647,16.537258507013043,15.658141523879747,9.330653460254698,9.420595904817084,0.0346226314822553,4.0122749375509965,2.877674170057783,0.8368200836820092,1.47
200320,29.0,Male,178.0,70.0,22.1,injured,Foot,Stress reaction,1.246266163,56.33802816901409,1.3272734633285543,0.68,33.7257732732856,16.352756493728208,24.97522767822718,6.331644670786679,3.466030810596958,-0.3489871460986333,4.452198235962552,-18.40975151483708,0.0,0.92
200321,24.0,Male,177.0,77.0,24.6,injured,Thigh,ITB syndrome,1.25986722,50.58017628849437,1.4945174901507776,0.755,47.39843957057309,17.22719867707523,18.047092389497912,9.051526293040752,4.976607917087328,-1.2381173286734557,2.822266612797919,2.891146994902549,2.6490066225165587,0.79
200322,22.0,Female,173.0,58.0,19.4,injured,Lower Leg,Shin splints,1.258045101,55.29953917050691,1.3649789341949594,0.69,38.04279406768836,12.318757753543425,17.145456911072117,11.64807837617823,4.808485793420523,0.9863863990847666,7.117470777137302,41.74467347931169,0.0,1.0
200323,38.0,Male,163.0,60.0,22.6,injured,Knee,Patellar tendonitis,1.261801468,54.92019605378911,1.3785181039181138,0.7024999999999999,47.057856828581805,14.86450506263377,30.56248761293776,9.515523518719474,3.523664019241848,0.7615294421295854,4.641605312946098,11.727161993425591,-0.7117437722419936,1.01
200324,22.0,Male,183.0,81.0,24.2,injured,Knee,Patellofemoral pain syndrome,1.251805388,56.272212715545606,1.3347374948572337,0.6825000000000001,37.27794323817062,15.243972776876046,12.07823006642813,10.853748873215904,4.891944985076597,0.5249563550864629,3.325452075520294,-6.3658153604898615,0.7326007326007331,1.35
200325,19.0,Female,172.0,65.0,22.0,injured,Lower Leg,Shin splints,1.256566263,56.80561055684011,1.327248115593428,0.6775,36.60498615640637,17.402503505848554,26.380665364893,12.257775840006222,6.599148724145185,1.2516587194298994,7.100881477156027,13.658409866116603,0.7380073800738014,0.99
200326,34.0,Male,174.0,70.0,23.1,injured,Foot,Pain,1.244042423,56.07476635514018,1.3311253923588475,0.6775,27.213962994085307,18.637124110178195,17.232057831457045,9.271542552586652,6.670148452478048,-0.8226992779706651,4.616243289849579,-15.809920250816775,0.7380073800738014,0.78
200327,38.0,Female,173.0,105.0,35.1,injured,Hip/Pelvis,Pain,1.259158523,54.4220485396956,1.388222271711904,0.6725000000000001,38.97460850121556,12.979321892760712,20.805536696824856,7.558123621693027,15.58982531240848,1.02959211149065,4.714588296024505,19.982528382779567,2.2304832713754665,0.94
200328,33.0,Male,186.0,80.0,23.1,injured,Hip/Pelvis,Osteitis pubis,1.260309005,51.395869323359776,1.4714107635879323,0.72,39.291734556425695,12.779473763697792,15.2743754508275,10.429072492234848,3.500766658013071,-0.8529249417521291,3.377822274536477,-14.456148032289674,4.166666666666671,1.67
200330,27.0,Female,175.0,57.0,18.6,injured,Ankle,Peroneal tendonitis,1.254230198,55.87915670506412,1.34672967462683,0.69,46.32741624986096,15.748513336024835,15.141009973569714,11.934127467895353,4.011750057133147,0.7980757343235843,0.9885149396563648,-8.36811146119899,0.0,1.07
200331,44.0,Male,176.0,80.0,25.8,injured,Lower Leg,Calf muscle strain,1.257743404,53.69154388212684,1.405528254220322,0.715,37.050160938063925,15.247955274100114,19.60985862769531,14.31141066681101,5.523116396900496,0.1217898843915059,1.0645954457857336,1.1213441491337004,0.0,0.68
200332,26.0,Female,160.0,90.0,35.2,injured,Knee,Other,1.251052039,55.11101801424383,1.3620829076021337,0.6725000000000001,27.09146941542687,10.311792991638374,18.866450983064937,6.469135335634469,13.761733244586228,0.5047868574095884,2.2210574742166127,160.34008441359845,-0.7434944237918221,1.3
200333,43.0,Female,166.0,67.0,24.3,injured,Hip/Pelvis,Bursitis,1.269719569,59.11330049261084,1.2887653624047628,0.65125,34.30827928591333,12.5514744625306,23.88616321663011,11.228544752663378,9.143378101172136,-1.5658137428298984,3.710773358531328,19.081692681231285,-1.1516314779270729,1.03
200334,38.0,Male,172.0,73.0,24.7,injured,Lower Leg,Calf muscle strain,1.268093132,55.04587155963303,1.38222151387875,0.7,47.17919236020671,20.23861840411638,19.48565343914808,13.486486803126748,3.744644937405284,0.6745030266127499,4.076133531425843,5.534890882680591,2.85714285714286,0.93
200335,39.0,Female,172.0,72.0,24.3,healthy,,,1.248489774,57.83166109253066,1.2953081402517754,0.65,30.953757848140185,11.151744700233172,14.410351622138094,6.968385269523961,9.14166583199668,-0.4262811269719833,4.781139407840917,5.123051226695389,0.0,1.02
200336,34.0,Male,177.0,84.0,26.8,healthy,,,1.253658935,54.17634829399535,1.3884272704404288,0.7262500000000001,40.22342589403184,20.150500212014684,22.23364870416185,12.685136578323776,6.453998781226486,-3.019452036795402,4.112452492152565,-11.651799212963832,-0.3442340791738461,1.82
200337,37.0,Female,163.0,48.0,18.1,injured,Lumbar Spine,Pain,1.26081349,58.53658536585366,1.2923338267671602,0.6475,31.41510016509352,4.201955830859517,16.94938763685456,12.827003037009924,5.666546082068176,0.8597483118600407,2.346134949867192,56.40339008630679,0.7722007722007729,0.78
200338,43.0,Female,160.0,52.6,20.5,injured,Lower Leg,Calf muscle strain,1.262360358,62.17616580310881,1.218177745847028,0.6174999999999999,35.84570508288121,10.610871786928708,25.369792582263926,9.733286039120124,6.490595970571612,0.3144887431846001,6.885929596010945,-36.05259235256771,0.8097165991902842,0.89
200340,35.0,Male,190.0,93.0,25.8,healthy,No Injury,,1.252193408,51.44759660447096,1.460370562550565,0.74,30.53076114379695,15.298202816886729,24.47620626815513,7.23503461937192,7.091805743375484,0.9423771721081824,5.519347756975467,25.20434952738812,4.054054054054058,1.27
200341,41.0,Female,167.0,74.0,26.5,injured,Foot,Plantar fasciitis,1.260876627,55.94435992175614,1.3522901826756852,0.715,41.177400741828166,24.386914227521896,16.839569065848305,13.480962826203433,11.16850752207601,-0.9954450277274952,4.066316679613728,2.796090187803613,0.0,1.15
200343,31.0,Male,187.0,80.0,22.9,injured,Ankle,Other,1.253395666,53.57142857142857,1.403803146451173,0.72625,32.16085340691552,14.370033693011369,18.429133531070622,8.640630661074166,5.27919243403578,-0.6159812008802558,1.6039193119121211,-11.483541242165892,1.0327022375215231,0.96
200345,42.0,Male,192.0,93.0,25.2,injured,Foot,Plantar fasciitis,1.270537132,53.57142857142857,1.423001588208075,0.725,38.30698745961524,15.73034426935022,26.531783417650484,11.607286883304416,6.322606915183402,-0.3963955983459133,8.01705428649938,11.58531987071553,0.0,0.89
200347,26.0,Female,162.0,54.0,20.6,injured,Lumbar Spine,Pain,1.264250642,57.55428781744571,1.3179812937697424,0.6675,39.95824496428412,21.738603428835127,14.953988812606342,9.867470844245048,3.8471962755147975,1.62070457528121,6.060782609694092,7.681547088870879,0.7490636704119857,1.21
200348,48.0,Female,158.0,63.0,25.2,healthy,,,1.258840454,62.0159179531008,1.2179281392199932,0.615,25.76824423934352,15.58931882809818,23.541115536062048,10.464153022687048,8.164369150426328,-1.0995373374822135,5.457501562266778,-23.53374068339349,1.6260162601626031,1.01
200349,28.0,Female,182.0,78.0,23.5,injured,Lower Leg,Shin splints,1.258810915,52.68954324136332,1.4334709294376735,0.74,35.41215681279917,22.19627563794542,18.843249628954982,12.01312338759448,12.228603875877289,0.6579426139507878,1.0883940991538783,-2.138147399550086,0.0,1.27
200350,35.0,Female,165.0,62.0,22.8,injured,Thigh,ITB syndrome,1.268421232,57.41626794258373,1.3255001876770145,0.64125,36.765206234729874,17.22499871005114,23.98786947695389,12.84595743394837,9.394453864461664,1.5479889872369252,8.48576349460672,5.875533103841387,-1.949317738791416,0.94
200351,36.0,Female,160.0,49.0,19.1,injured,Lower Leg,Shin splints,1.263799109,60.529922338967566,1.2527408664374398,0.615,25.02074840620284,12.820381950567484,18.940903428346594,6.550076054992054,9.52898610449738,0.9527933139680864,7.0177591329650895,12.074968895137475,1.6260162601626031,1.35
200352,28.0,Female,177.0,63.0,20.1,injured,Foot,Other,1.259077864,56.939742721733246,1.326753299403904,0.6825000000000001,35.340976240327194,19.15498006257415,17.31053804976886,9.701238049214972,9.14238200384544,1.892258169431145,2.394061669400455,0.5879365935087632,-0.7326007326007331,1.54
200353,29.0,Female,165.0,68.0,25.0,injured,Thigh,Pain,1.256302124,57.69230769230769,1.3065542092327027,0.6725000000000001,36.850184416594914,19.47973512867463,20.76297890977361,14.705194921124589,9.006280270393699,0.8540584692943995,4.956968280415713,-19.27681322997863,2.2304832713754665,0.73
200354,33.0,Male,194.0,87.0,23.1,injured,Knee,Patellofemoral pain syndrome,1.252487535,52.0609824957651,1.4434918835791135,0.735,48.76943428789002,25.437313746786387,22.245510340557853,9.876101574917037,5.326517149280231,-1.2268667931961568,3.548212287787708,-8.202288774936001,0.0,0.93
200355,18.0,Male,183.0,70.0,20.9,injured,Thigh,ITB syndrome,1.248557953,56.4050854234914,1.3281535229796382,0.6825,33.01543414626809,18.370424675020946,19.922809983337675,5.696033851818568,1.9390106131710545,-0.9558299154926032,3.2816678835440003,23.7575491233904,2.197802197802184,0.86
200356,41.0,Female,152.0,69.0,29.9,injured,Hip/Pelvis,Osteoarthritis,1.290300301,59.70149253731344,1.296751802417448,0.63,35.99341280127925,15.971892197036432,20.55368988058452,4.351178924057635,9.58882494142298,-2.8028687472130205,2.402130161976042,4.054571546922039,-5.555555555555543,1.27
200357,36.0,Male,183.0,80.0,23.9,injured,Lower Leg,Tibia stress fracture,1.24485589,52.63157894736842,1.419135715079793,0.71,46.251616183097525,20.28786326568408,26.882572152250567,6.70845182975412,8.77572516789787,1.9281946507662848,10.623660340448634,9.46632611299173,2.8169014084507067,1.25
200359,49.0,Male,190.0,72.0,19.9,injured,Foot,Plantar fasciitis,1.263030741,55.55555555555556,1.3640732002344356,0.69,45.768367773495925,23.93653721707644,19.267654638095287,13.56352407118584,1.606410634247278,0.9327429953772924,5.373789169098902,-12.69472822891244,2.898550724637668,1.65
200360,20.0,Female,166.0,60.0,21.8,injured,Lower Leg,Shin splints,1.26750501,54.66998754669987,1.3910867480862523,0.705,29.557174935383955,14.248313593283864,24.40738817181545,10.34865967227076,10.57672874444756,0.2048074322960484,2.886201729547082,31.70232476821557,0.0,1.24
200361,45.0,Male,165.0,77.0,28.3,healthy,,,1.249729213,56.20639726207713,1.334085934749107,0.68,34.07750305101544,19.121936311602006,15.00947404861964,6.545868393157802,7.0711989180630646,-0.5879666354016195,2.919992503960365,15.638450750501226,-1.4705882352941189,1.25
200362,23.0,Female,165.0,50.0,18.4,injured,Lower Leg,Shin splints,1.273106004,58.53797829811536,1.3049336541490693,0.6525000000000001,43.28100126942456,14.20122222132068,21.491107830872394,11.766947589906458,7.742861842747265,2.275543913579352,2.84493043645667,13.573829207797704,-0.7662835249042151,1.07
200363,53.0,Female,160.0,58.0,22.7,healthy,,,1.270932989,57.27956254272044,1.331302306173903,0.65875,32.646818485160395,23.091726733947144,14.51839847202351,12.113143729627293,7.729012634798979,1.9216441561712128,3.871916510306088,5.073418160930404,2.6565464895635613,1.03
200364,55.0,Male,183.0,111.0,33.1,injured,Hip/Pelvis,Other,1.264883281,54.054054054054056,1.4040204415509625,0.7375,41.19644808994292,15.290376030275006,24.05261288518173,7.388902770096104,2.8426571804054106,1.8906598811940936,5.461420280746969,37.48499214788509,0.6779661016949158,1.42
200365,27.0,Female,169.0,53.0,18.6,injured,Thigh,ITB syndrome,1.256630101,54.4220485396956,1.3854346868386007,0.6924999999999999,34.42406187976775,19.83522658633745,26.607166657226166,11.33916528825202,8.203316298665015,-0.1135434108345609,5.140687480381707,-2.152470228396977,-0.7220216606498202,1.62
200366,27.0,Male,183.0,83.0,24.8,injured,Hip/Pelvis,Other,1.242731563,51.94902548725637,1.4353549553163232,0.71875,45.72733421349079,23.93706608750456,17.140708998326822,6.753444502866265,4.207061037648752,-2.381032747517648,7.624333605828589,19.0106176056357,1.739130434782618,2.31
200367,60.0,Female,171.0,83.0,28.4,injured,Hip/Pelvis,Pelvic dysfunction general,1.300430001,60.30150753768845,1.293927851345402,0.6412500000000001,41.7966901977992,15.875272942726555,15.705194006203804,13.518177900550269,7.562068192786992,-0.1670741143229794,2.684147576826648,10.097323907231782,-2.7290448343079854,0.99
200368,46.0,Male,175.0,78.0,25.5,healthy,,,1.257331685,53.57142857142857,1.4082114877355434,0.71625,35.15163126534799,14.886905874062917,16.941725124613694,10.592404064023668,8.783889567880601,-0.6206914077251655,6.697303667638195,20.72651212693457,-0.3490401396160639,1.87
200369,45.0,Female,172.0,71.0,24.0,injured,Ankle,Achilles tendonitis,1.259837232,63.74535629854779,1.1858217941954958,0.6125,35.4142293470496,18.27667394866589,4.220682610606212,13.211894222842052,11.602713393283054,1.9357201023663648,2.561000311273405,15.898187574842355,0.8163265306122456,0.8
200370,27.0,Female,160.0,46.0,18.0,injured,Hip/Pelvis,Stress fracture,1.282776017,58.25379992930364,1.321259297185257,0.65375,39.03828029147735,17.97728841893726,21.1073191692084,10.646836937929958,5.997783144428467,1.0805891915264332,7.130573742941726,-11.263768006596909,1.1472275334607955,1.05
200372,57.0,Male,180.0,76.0,23.5,healthy,,,1.264859725,57.55428781744571,1.3186162631410356,0.65875,26.26600312361961,20.275510873100533,24.584662388664405,5.613608239087782,6.900057287180934,2.090772935968483,5.809724882814117,-24.91125872566325,2.6565464895635613,1.12
200373,42.0,Male,180.0,90.0,27.8,injured,Sacroiliac Joint,SI joint pain,0.84134044,46.423218578024354,1.0874325183439038,0.8825000000000001,25.905972941510328,18.962133585937387,10.107070761216924,14.973311042390227,5.876401230738519,0.4957721528244554,2.310242938627169,42.02700390161138,-0.5665722379603404,1.17
200374,24.0,Male,190.0,70.0,19.4,healthy,No Injury,,1.273358951,51.06382978723404,1.4961967674409964,0.755,45.569974403241474,21.26121323858242,21.1701187678946,14.228361150957529,7.505422579655531,-0.4128002031487796,1.86230866967578,0.8394356122260561,-1.3245033112582794,1.09
200375,51.0,Male,175.0,78.0,25.5,unclear,Foot,First ray tendonitis (turf toe),1.257085177,52.86446204005589,1.4267916754803334,0.745,40.30890935837135,18.346181325994056,23.038792986921774,11.518195944928966,7.862673034573159,0.709109804642809,10.819077412520029,16.94492236027361,8.724832214765124,1.09
200376,18.0,Male,179.0,69.0,21.5,healthy,No Injury,,1.250680394,58.96841495218777,1.2725673007107288,0.655,32.966251684671306,13.972760966137264,25.299579925237428,9.11061845142764,5.348939699344602,1.9771503475256376,5.656151467754859,-18.125806542039143,0.0,0.87
200377,32.0,Female,182.0,68.0,20.5,injured,Thigh,Tendonitis,1.259650459,57.55428781744571,1.3131856029943854,0.64625,35.78651395069926,9.031614173757331,22.092394515378093,11.281273688888255,10.52740780693085,0.6524470001469047,0.8889896408610387,-3.609972355308989,-1.9342359767891784,1.23
200378,33.0,Male,186.0,90.0,26.0,unclear,Knee,Chondromalacia,1.290050528,51.836094939543216,1.4932334860539305,0.7675000000000001,50.18395922060961,22.8052610083984,24.696547923148007,11.664013382133334,4.157909110503917,-0.1308271000469312,5.993746968678421,1.2278934424415184,-1.954397394136809,0.88
200379,29.0,Female,168.0,61.0,21.6,healthy,,,1.259227133,64.00045511434749,1.1805254370289298,0.60375,24.86332374483237,12.90414481805658,20.574944987352424,10.24113284545624,8.155373446632527,-0.4596826610594759,3.962245469583167,-4.638895088613936,-3.726708074534156,1.5
200974,20.0,Female,183.5,82.3,24.4,healthy,No Injury,,1.121558423,47.85657370517929,1.40615387273708,0.8,36.31265974138182,20.87344971295268,17.359054206334868,9.628603958840062,2.946216811912003,-1.7776572044065668,2.06919266113336,-2.028175588567221,-1.250000000000001,2.21
200975,19.0,Male,170.2,72.12,24.9,healthy,,,1.125019134,55.17270536506997,1.2234583082933097,0.68,27.78207942477519,15.067307354996814,17.823964607252698,7.111791752929625,5.39329453310724,-1.393251749323596,8.010387640297926,36.10733396304283,1.4705882352941189,1.64
200976,22.0,Female,162.56,61.23,23.2,injured,Hip/Pelvis,Hip flexor strain,1.123516023,55.62015503875969,1.2119929094799042,0.69,26.74899737515338,10.243270049398213,12.138117307642313,12.582531446943808,8.152197188188625,1.1974528418114798,5.441450166589803,-53.396779709201176,0.0,1.46
200977,23.0,Male,190.5,74.84,20.6,injured,Ankle,Strain,1.107029633,48.68334430546412,1.3644140226645156,0.8075000000000001,46.07602389417275,25.65998833203377,17.67945770779731,8.647956580430675,1.257125265066331,1.2103379465456632,1.229730064066947,8.647905054626772,0.0,1.92
200979,47.0,Female,160.0,55.0,21.5,injured,Knee,Osteoarthritis,1.135777452,54.85792955316645,1.2422565885255548,0.69,26.66463573944037,21.523711644070417,8.39217584997202,13.117391580835484,4.844312222485307,0.0322505988309123,7.425452398619005,13.670232007933262,1.449275362318826,1.86
200980,23.0,Male,168.5,58.9,20.7,injured,Thigh,ITB syndrome,1.121676888,53.45238095238095,1.259082306644974,0.7175,27.24788196347413,13.58018106454039,22.858768967553644,13.120911135207471,5.058024315415249,0.2026680058538026,9.6642685782634,14.498414393665024,0.6968641114982584,0.73
200981,27.0,Female,155.0,68.6,28.6,healthy,,,1.116278012,56.53733723093276,1.184650040302417,0.6775,25.80885462263646,9.581869883668777,11.782667583043535,10.00782028825763,11.294750338338952,1.348854059350127,7.669106853783669,-27.512293702538024,0.7380073800738014,1.04
200982,41.0,Female,160.0,57.3,22.4,healthy,,,1.122785063,57.83166109253066,1.164889502978366,0.675,29.629864099024587,12.418005605216669,6.181184721298758,13.377509121321554,5.937818259551973,0.5485018413145968,8.490123414857347,28.58293317306218,-1.4814814814814827,1.23
200983,30.0,Male,169.0,77.3,27.1,healthy,,,1.118407633,51.89207344379759,1.2931588261482143,0.765,35.893213188953695,18.605172435308567,19.88710550625302,9.57634510789538,5.591633724957218,-1.2444527582656342,5.764703859195702,-22.55230065602672,-1.3071895424836613,0.83
200984,62.0,Male,181.0,75.0,22.9,healthy,,,1.121005491,49.58677685950413,1.3564166436235217,0.785,34.28077454418576,22.90661404001264,20.395840029870417,10.408110582017631,8.273038248320313,0.5620064815466976,4.672395675590826,15.112056686043548,0.0,1.63
200985,40.0,Female,176.0,66.8,21.6,healthy,,,1.137102778,55.29953917050691,1.2337565138100504,0.72,22.345022682232297,6.668222633473333,19.47703649840669,9.692709271536131,9.183671982934849,-0.6310114627663821,4.171472086032019,50.33532122037595,-4.166666666666671,1.2
200986,20.0,Female,174.0,56.8,18.8,healthy,,,1.140995943,54.79566305254379,1.249390557342146,0.70875,33.930360542984886,15.97630702020902,20.569129328468502,12.042878715872735,3.052889795111214,1.979714755060873,3.610707296253011,-39.08913963015976,-3.174603174603169,1.78
200987,50.0,Female,164.0,60.0,22.3,injured,Hip/Pelvis,Pelvic malalignment,1.118007168,54.7945205479452,1.2242178484911286,0.6950000000000001,28.078255386995806,7.0459852520528905,7.599811749194564,8.452244324289033,2.4569842975761382,1.4384530777977882,6.17696981316257,-35.003932262692075,-2.877697841726605,1.26
200989,53.0,Female,164.0,62.7,23.3,healthy,,,1.129287112,52.63157894736842,1.2873873080555862,0.73,35.486190678072944,14.115063849081835,14.075230972768798,11.112048192919204,6.878497704206335,-0.1599688497947078,7.237954578280092,0.624808176473731,0.6849315068493005,1.1
200990,41.0,Female,161.3,75.0,28.8,healthy,,,1.119499331,58.39450627515984,1.1502855626421435,0.6725000000000001,33.75094356165397,20.979113032604268,15.890110315494788,11.145201110858324,8.438048181605318,-0.1996457467359103,1.618402973155662,-32.32273964612243,0.7434944237918221,0.94
201069,38.0,Female,151.0,53.0,23.2,injured,Ankle,Other,1.263260039,59.11330049261084,1.282208940022474,0.64875,30.655046520666986,16.626612978058752,25.767048762778067,10.840881163916954,11.137803797379362,0.0339356028317752,2.621008594923259,3.1475106480813992,-1.1560693641618591,0.82
201070,52.0,Male,172.0,82.0,27.7,injured,Foot,Plantar fasciitis,1.264565084,53.75160153747598,1.4115707749626432,0.7324999999999999,42.506101326322096,22.28032164390556,14.731366466687543,15.670240538033887,5.2945932267625135,0.7293388064820854,7.245206512135402,2.4214814766403983,-0.6825938566552908,1.19
201073,42.0,Male,182.0,77.0,23.2,injured,Thigh,ITB syndrome,1.268741333,57.76198439241918,1.317905059469151,0.6675,34.58049760684926,14.225685891783227,20.96957117905209,16.830075032103984,4.770722320199147,1.016481173362359,6.251468578156125,-5.982227440979155,2.247191011235957,0.85
201074,18.0,Female,152.0,44.0,19.0,injured,Ankle,Pain,1.257242489,62.99255993386608,1.1975234704697608,0.6112500000000001,28.00632920487874,13.37207784471665,25.719544471672048,12.659751617541072,9.938854506602532,0.2609222339644992,4.032584585200348,-1.65458919213015,-0.4089979550102343,1.0
201075,48.0,Female,168.0,56.0,19.8,injured,Foot,Plantar fasciitis,1.265649831,59.11330049261084,1.2846345780155897,0.6425000000000001,39.66127510833911,14.398938668292644,21.98133844111839,12.239340950544014,9.645791922942616,2.895248083582492,6.027443769817279,0.1289862360168808,-0.7782101167315181,0.96
201076,52.0,Female,165.0,50.0,18.4,healthy,,,1.260922543,56.40446452298698,1.3413063555505294,0.675,34.63232059229475,20.46960721361697,23.16885224074576,12.657983955813943,6.188934950295248,0.0087438409255229,9.757498769843336,-3.375673097629785,1.4814814814814827,1.13
201077,38.0,Female,175.0,61.0,19.9,healthy,,,1.261611671,61.38147566718995,1.2332254080831184,0.62,18.85468945801489,7.962614517884215,19.6696167022932,9.027907660367346,10.780283910562996,-1.4355807943735628,10.357531149688226,-2.757940259876862,-1.612903225806453,1.03
201079,30.0,Male,186.0,77.0,22.3,injured,Lower Leg,Tibia stress fracture,1.250862572,56.87203791469194,1.3196600135759875,0.68,33.47901217947776,10.2622423470084,18.332633990012184,8.530726006240739,6.3162332860339205,-0.3119480467602962,3.721201849046492,-35.98207554336993,-1.4705882352941189,0.79
201080,41.0,Male,178.0,73.0,23.0,healthy,,,1.259442687,52.63259142411943,1.435764663391649,0.7162499999999999,37.44122699387515,15.376463484473168,16.217714206719208,8.0315561577861,3.844561002100437,-1.8033114985845065,3.485102450217308,-2.056299062755896,-3.8394415357766256,1.39
201081,48.0,Male,182.0,84.0,25.4,injured,Hip/Pelvis,Pain,1.260583394,54.98303380671107,1.3756116290520564,0.7,44.66565499480876,22.98843765973448,23.31639694044685,13.029370447748397,4.828376598092982,0.5906565902183514,7.996178950621132,-7.411190339015969,-1.42857142857143,0.71
201082,27.0,Male,180.0,82.0,25.3,injured,Ankle,Pain,1.249324347,56.53733723093276,1.325845462855132,0.6625000000000001,24.970506218663104,17.649028086221545,13.909567067933878,6.0948827840350654,2.847028089722844,0.1639742879605119,5.978620380248231,7.814063817184691,2.264150943396228,1.78
201084,28.0,Male,168.0,64.0,22.7,injured,Lower Leg,Calf muscle strain,1.263749399,55.81516095534787,1.3585306041421117,0.65,36.2606699261948,17.962294245210504,19.832380367462143,15.582780252257,8.25783765949918,-1.945612921271092,4.9240548568617,-30.58546462367505,0.0,0.77
201085,31.0,Female,160.0,55.0,21.5,injured,Lower Leg,Tibia stress fracture,1.261258147,55.87915670506412,1.354275935316849,0.695,38.80129242465031,17.06298990429976,21.251876117007413,8.999992043646067,7.5395788748398465,-0.6493894346211087,4.207955141280879,13.069788919407458,1.4388489208633106,1.15
201086,45.0,Female,176.0,60.0,19.4,injured,Thigh,Hamstring muscle strain,1.256951094,51.61314192689064,1.4612056472023938,0.7375,42.237004765454486,15.554247248003854,28.65654022649673,6.322546643468554,7.352402108457444,-0.7467016868543919,6.518268218270848,-34.5415595968236,0.6779661016949158,0.88
201087,52.0,Male,178.0,76.0,24.0,injured,Ankle,Achilles tendonitis,1.259952967,51.55764392481871,1.466270265627676,0.7375,47.22376716181083,24.74832164677584,20.844273246974275,11.977252506080124,2.847126357133658,-0.0773553260961952,5.884579810969851,-6.173072716952055,0.6779661016949158,1.08
201088,65.0,Male,180.0,77.0,23.8,injured,,,0.871273434,60.91370558375635,0.8582043322240155,0.6737500000000001,32.0751487786647,22.98486384284835,6.485187564506875,12.091864473313858,4.132779973151893,5.456071405070674,3.6328951243480976,-12.647754400087353,6.307977736549146,2.23
201092,46.0,Male,180.0,73.0,22.5,injured,Lower Leg,Calf muscle strain,1.290681308,49.48474645444343,1.5649510857189446,0.83875,45.23239256806664,21.16376702826829,21.430036109560543,11.137444778609908,6.679880395585575,-0.7463733489479492,6.7492886931153695,-37.196629257267794,-1.4903129657227965,1.15
201100,52.0,Male,170.0,80.0,27.7,injured,Lumbar Spine,Muscle strain,1.127381293,51.66863992896256,1.3091715262251284,0.7775000000000001,49.72246302807099,25.65877497431697,19.118636330376628,12.3818629797132,3.5381145501876987,-1.8180854497441103,6.9909540097012295,-18.5458639674273,0.6430868167202577,1.23
201101,21.0,Male,162.0,65.5,25.0,healthy,,,1.113557121,58.25242718446602,1.1469638345411313,0.6487499999999999,20.42729240752658,15.355879446708512,15.076624233087008,5.944207402198744,5.804093234838692,1.5010538571991336,8.292041714517628,20.105554260271084,-0.3853564547206255,1.31
201223,29.0,Male,171.0,72.0,24.6,healthy,No Injury,,1.212618267,52.863436123348016,1.3763217324949375,0.7237499999999999,49.771353140035046,24.03673090696727,24.29983466418245,16.205353911649894,4.859041433612892,4.749619340603511,3.662289594863812,-60.70984802894943,5.181347150259065,1.51
201224,40.0,Male,179.0,80.0,25.0,injured,Thigh,ITB syndrome,1.251346177,51.55764392481871,1.456254113599008,0.7525,42.29818437822772,17.297453164416734,24.047245348279983,6.287498541659105,5.60031054645464,0.1298686532079405,3.936786177041301,4.751924051165677,-0.6644518272425256,1.04
201225,34.0,Male,170.0,68.0,23.5,injured,Foot,Other,1.236944955,59.62760455149993,1.244675861092994,0.63,39.10115231647436,18.46402084841072,17.7187503533522,6.923233211312865,7.161635561621177,-0.5642212223671967,2.98281992692721,14.413157525488836,1.5873015873015888,1.15
